attendance_id,enrollment_id,session_date,status
A008669,E0123,2024-10-03,Excused
A013520,E0209,2026-04-23,Present
A013172,E0204,2025-10-30,Present
A006082,E0088,2024-10-31,Present
A002479,E0034,2024-06-11,Tardy
A001371,E0019,2024-06-13,Present
A012666,E0197,2025-10-23,Tardy
A009578,E0136,2025-01-21,Tardy
A003890,E0052,03/18/2024,PRESENT
A006339,E0091,2024-12-04,Present
A009319,E0132,2025-05-22,present
A008166,E0115,2025-03-20,Present
A009523,E0135,2025-03-25,Present
A006642,E0094,2025-01-28,Absent
A007269,E0102,2024-10-10,Tardy
A015026,E0226,08/05/2026,present
A011193,E0175,2026-01-27,Present
A012138,E0189,2026-02-05,Present
A013884,E0213,2026-05-14,Present
A007214,E0101,2024-12-19,Present
A008690,E0123,2025-01-02,Absent
A004843,E0065,2024-05-21,Present
A011586,E0180,2026-05-28,Present
A009391,E0133,2025-05-20,Absent
A003785,E0051,2024-03-07,PRESENT
A007937,E0112,2024-12-19,Present
A008512,E0120,2025-01-14,Present
A002087,E0029,2024-02-13,Present
A011282,E0176,2026-03-26,Present
A002055,E0029,2023-10-10,Present
A013534,E0209,2026-05-19,Present
A001769,E0025,2023-12-05,Present
A009471,E0134,2025-06-12,Present
A004013,E0054,2024-03-14,Present
A011292,E0176,2026-05-07,Present
A009882,E0140,03/04/2025,Present
A004094,E0055,2024-04-11,Present
A014714,E0222,2026-07-21,Present
A010595,E0164,07/09/2025,Present
A011926,E0186,2026-02-19,Present
A014366,E0218,07/28/2026,Present
A009417,E0134,2024-11-12,Present
A012098,E0188,2026-06-04,Present
A007022,E0099,2024-08-13,Present
A009333,E0133,2024-10-03,Present
A004960,E0068,2024-05-21,Present
A009623,E0137,2024-09-26,PRESENT
A013035,E0202,2025-12-02,PRESENT
A003405,E0046,2024-06-19,Present
A014020,E0214,2026-08-06,Present
A000837,E0012,2024-05-14,Present
A007437,E0104,2025-01-14,Present
A009704,E0138,2024-10-24,present
A012293,E0192,2025-09-09,Present
A012018,E0187,2026-05-07,Present
A001808,E0025,2024-04-30,P
A010392,E0149,2025-02-24,Present
A004703,E0062,2024-01-16,Present
A010792,E0168,2026-05-14,Present
A010001,E0142,2024-11-12,P
A003059,E0042,2024-05-30,PRESENT
A012457,E0194,2025-11-18,Present
A009998,E0142,2024-10-31,Present
A006030,E0087,2025-01-30,Present
A013619,E0210,2026-05-13,Present
A012573,E0195,2026-05-19,P
A002251,E0031,2024-04-02,Absent
A000151,E0003,2023-09-12,Present
A002178,E0030,2024-04-09,Present
A014720,E0222,2026-07-30,Present
A014616,E0221,2026-07-02,Present
A001689,E0024,2023-11-09,Present
A014393,E0218,2026-09-14,Present
A014656,E0221,2026-09-10,Present
A007388,E0103,2025-04-08,Present
A001351,E0019,2024-04-02,Present
A010506,E0159,2025-06-17,Present
A003289,E0045,2024-05-22,Excused
A009259,E0132,2024-10-01,Present
A000380,E0006,2023-09-26,absent
A006166,E0089,2025-01-08,Present
A012795,E0198,06/09/2026,Present
A000388,E0006,2023-10-24,PRESENT
A004150,E0056,2024-01-25,Present
A014035,E0214,2026-09-02,Present
A001651,E0023,2024-04-02,Tardy
A011563,E0180,2026-03-03,Present
A009547,E0136,09/17/2024,Present
A008824,E0125,2024-11-05,Present
A011896,E0186,2025-10-16,Present
A007730,E0109,10/08/2024,Present
A010415,E0151,2025-02-06,Excused
A001036,E0015,2024-02-08,Present
A005717,E0084,11/13/2024,Tardy
A014899,E0225,05/28/2026,Present
A008964,E0127,2024-12-10,Present
A000567,E0008,04/04/2024,PRESENT
A004926,E0067,2024-06-06,Present
A012905,E0200,2026-02-03,Present
A007629,E0107,2025-04-01,Present
A012254,E0191,2025-10-09,Present
A012724,E0197,06/11/2026,Present
A005206,E0075,2024-02-13,Present
A006177,E0089,2025-01-28,Present
A012674,E0197,2025-11-20,Present
A008853,E0125,2025-03-04,Present
A013952,E0213,2026-09-10,excused
A009369,E0133,2025-02-25,Present
A003223,E0045,2024-01-23,Present
A001200,E0017,2024-03-28,Present
A000103,E0002,2023-12-21,Present
A004124,E0055,2024-06-10,Abs
A008318,E0117,04/10/2025,Present
A008609,E0122,2024-11-19,Present
A009691,E0138,2024-09-10,Present
A004231,E0056,2024-06-20,Present
A013598,E0209,2026-09-08,Present
A001271,E0018,2024-03-14,Excused
A003026,E0042,02/01/2024,Tardy
A010684,E0166,2026-06-11,Present
A009717,E0138,12/17/2024,Present
A015024,E0226,2026-08-03,Present
A004920,E0067,2024-05-16,Present
A009531,E0135,2025-04-29,Present
A008535,E0120,2025-04-03,P
A005734,E0084,2024-12-19,Present
A009053,E0128,2025-02-13,Present
A005362,E0079,2024-02-13,Present
A002862,E0040,2023-12-07,Present
A004741,E0063,2024-02-22,Present
A003706,E0050,04/18/2024,Present
A004541,E0060,2024-03-21,Present
A004721,E0062,2024-02-15,Present
A011210,E0175,2026-03-26,Present
A002715,E0038,2023-10-12,Present
A003208,E0044,2024-05-28,Present
A012159,E0189,2026-05-02,Present
A012315,E0192,2025-12-02,Tardy
A000938,E0014,2023-11-07,Present
A000915,E0013,2024-05-23,Present
A012476,E0194,2026-02-12,Present
A012248,E0191,2025-09-18,Present
A007794,E0110,2025-01-09,Present
A003215,E0045,2024-01-09,Present
A003887,E0052,2024-03-12,
A000252,E0004,2023-12-19,Present
A000340,E0005,2024-02-08,Present
A002808,E0039,2024-02-27,Present
A007250,E0101,05/13/2025,Present
A003107,E0043,2024-02-22,Tardy
A006162,E0089,2024-12-19,Present
A014574,E0221,04/21/2026,Present
A006019,E0087,2025-01-13,Tardy
A004716,E0062,2024-02-07,Present
A010033,E0142,2025-03-20,PRESENT
A009754,E0138,2025-05-13,Present
A006021,E0087,2025-01-15,
A001624,E0023,2023-12-21,Present
A003945,E0052,2024-06-26,Present
A010845,E0170,2025-09-16,present
A006062,E0088,2024-09-26,Tardy
A010638,E0166,2025-12-11,Present
A005283,E0077,2024-02-08,Present
A007483,E0105,2024-09-24,Present
A008875,E0126,10/08/2024,Present
A010147,E0144,2024-11-12,Present
A002289,E0032,2024-01-18,P
A011653,E0182,2025-11-11,Tardy
A003335,E0046,2024-02-13,PRESENT
A001057,E0015,2024-04-25,Tardy
A009684,E0137,2025-05-22,Present
A009576,E0136,2025-01-14,Excused
A007002,E0098,2025-01-07,Exc.
A009040,E0128,2024-12-19,Present
A014932,E0225,07/27/2026,Present
A013896,E0213,2026-06-04,Present
A003699,E0050,2024-04-02,Present
A003943,E0052,2024-06-24,Present
A007991,E0113,2024-11-21,Present
A004829,E0065,2024-03-28,PRESENT
A011524,E0180,2025-09-25,Present
A009255,E0132,2024-09-17,P
A002454,E0034,2024-03-12,Excused
A008914,E0126,2025-03-11,PRESENT
A009226,E0130,2025-05-27,Present
A010561,E0162,2025-07-07,Present
A002324,E0032,2024-05-23,Present
A004991,E0069,2024-04-23,Tardy
A009446,E0134,2025-03-11,Present
A010183,E0144,2025-04-03,Tardy
A011266,E0176,2026-01-29,Present
A012688,E0197,2026-01-29,Present
A001359,E0019,2024-05-02,Present
A011672,E0183,2025-09-18,PRESENT
A013281,E0205,2026-03-31,Present
A014276,E0217,07/23/2026,Present
A000089,E0002,2023-10-26,Present
A009800,E0139,2025-01-30,Present
A002141,E0030,2023-11-16,PRESENT
A012440,E0194,2025-09-18,Present
A009342,E0133,2024-11-05,Tardy
A000908,E0013,2024-04-30,Present
A002555,E0035,2024-06-13,Tardy
A002880,E0040,2024-02-15,Present
A000543,E0008,2024-01-11,Present
A013686,E0210,2026-09-08,Present
A009350,E0133,2024-12-10,Present
A008100,E0114,2025-04-22,Present
A001403,E0020,01/11/2024,Present
A002772,E0039,2023-10-10,Present
A005091,E0072,2024-02-20,Present
A005413,E0080,03/26/2024,PRESENT
A001548,E0022,2023-12-19,Present
A006463,E0093,2024-08-17,Present
A014758,E0223,2026-05-05,Present
A003614,E0049,2024-05-02,Present
A008049,E0114,2024-10-01,Present
A006072,E0088,2024-10-15,Present
A011258,E0176,12/18/2025,Present
A012986,E0201,2026-03-05,Present
A004654,E0061,2024-04-18,Present
A000736,E0011,2024-02-08,PRESENT
A003298,E0045,2024-06-06,Present
A003965,E0053,02/01/2024,Present
A004128,E0055,06/17/2024,Present
A002639,E0037,10/10/2023,Present
A015124,E0227,2026-09-14,Present
A007112,E0099,2025-02-05,Present
A007079,E0099,2024-11-20,Absent
A010072,E0143,2024-11-05,Present
A010075,E0143,2024-11-14,Tardy
A000412,E0006,2024-01-30,Present
A006385,E0092,2024-09-05,Present
A013745,E0211,2026-07-20,Present
A006897,E0097,12/04/2024,
A015213,E0228,2026-09-15,Present
A000100,E0002,12/12/2023,Present
A005408,E0080,2024-03-07,P
A013807,E0212,2026-06-03,Present
A009697,E0138,2024-10-01,Present
A010704,E0167,2025-11-13,Present
A003117,E0043,2024-03-28,Present
A009227,E0130,2025-05-29,PRESENT
A001625,E0023,2024-01-02,P
A003380,E0046,05/07/2024,Present
A003486,E0048,2024-03-11,Present
A002685,E0037,2024-04-02,Present
A013731,E0211,2026-06-24,Present
A012205,E0190,01/20/2026,Present
A009310,E0132,2025-04-22,Present
A010024,E0142,2025-02-18,excused
A010951,E0171,2026-02-03,P
A002547,E0035,2024-05-16,P
A004329,E0057,06/18/2024,Present
A000512,E0008,2023-09-12,Present
A002237,E0031,2024-02-13,Present
A011792,E0184,2026-03-26,Present
A005708,E0084,2024-10-29,Present
A006876,E0097,2024-10-22,Present
A012398,E0193,2026-01-22,Present
A003858,E0052,2024-01-22,Present
A015010,E0226,2026-07-08,Present
A008710,E0123,2025-03-13,Present
A004673,E0061,05/22/2024,Present
A013063,E0202,2026-03-24,Present
A000048,E0001,03/07/2024,Present
A007110,E0099,2025-02-03,Present
A011430,E0178,2026-04-09,Present
A007590,E0107,2024-10-29,Present
A006347,E0091,2024-12-18,Present
A002496,E0035,2023-11-02,Present
A011570,E0180,2026-03-26,Present
A002520,E0035,2024-02-08,Present
A009320,E0132,2025-05-27,Present
A012958,E0201,2025-11-06,Present
A010580,E0163,2025-07-10,Present
A005181,E0074,2024-04-02,Present
A011990,E0187,2026-01-22,Present
A003866,E0052,2024-02-05,Present
A002089,E0029,02/20/2024,Present
A010697,E0167,2025-10-21,Excused
A009024,E0128,2024-10-17,Present
A004030,E0054,2024-04-18,Present
A008194,E0116,2024-09-26,Present
A012456,E0194,2025-11-13,Present
A009268,E0132,2024-10-31,Present
A005278,E0076,06/11/2024,PRESENT
A003422,E0047,2024-01-22,present
A003015,E0042,2023-12-19,Present
A003185,E0044,2024-03-05,PRESENT
A012226,E0190,2026-04-02,Present
A010112,E0143,2025-04-10,Present
A005658,E0083,01/30/2025,Tardy
A006455,E0092,2025-01-27,Present
A002407,E0034,2023-09-14,
A008726,E0123,2025-05-15,Present
A008588,E0121,2025-01-23,Absent
A013456,E0208,2025-10-16,P
A010610,E0165,07/08/2025,Present
A011414,E0178,2026-02-12,P
A013070,E0202,04/23/2026,Tardy
A003845,E0051,06/26/2024,Present
A004230,E0056,2024-06-19,Present
A001120,E0016,2024-03-12,Present
A007153,E0100,2025-02-11,Present
A008494,E0120,2024-10-24,Present
A004338,E0057,2024-07-03,Present
A014402,E0219,2026-04-28,Present
A002320,E0032,2024-05-09,Present
A004348,E0058,2024-01-23,Present
A004769,E0063,2024-06-04,Present
A005573,E0083,2024-08-15,Present
A007599,E0107,2024-12-05,Present
A010909,E0170,2026-05-26,Present
A004005,E0054,2024-02-29,Present
A004049,E0055,2024-01-24,PRESENT
A011721,E0183,2026-03-31,Present
A012492,E0194,2026-04-09,Present
A007855,E0111,2024-11-12,Present
A015074,E0227,2026-06-17,Present
A005070,E0071,2024-04-25,Present
A006885,E0097,2024-11-06,Present
A000885,E0013,02/06/2024,Present
A012551,E0195,2026-02-24,Present
A005184,E0074,04/11/2024,Present
A007473,E0104,2025-05-27,Present
A014965,E0226,2026-04-21,Present
A008725,E0123,2025-05-13,Present
A008030,E0113,2025-05-01,Present
A008399,E0118,2025-05-15,Present
A012926,E0200,2026-04-23,P
A010051,E0142,2025-05-29,Present
A003435,E0047,2024-02-13,Excused
A008075,E0114,2025-01-16,Present
A007924,E0112,2024-10-29,Present
A006087,E0088,11/11/2024,Absent
A005240,E0075,2024-06-13,Present
A001845,E0026,12/07/2023,Present
A010165,E0144,2025-01-30,Present
A008198,E0116,2024-10-10,Excused
A004088,E0055,2024-04-02,P
A007601,E0107,2024-12-12,PRESENT
A003222,E0045,2024-01-22,Present
A014570,E0220,2026-09-15,Present
A003464,E0048,2024-01-31,Present
A001581,E0022,04/23/2024,Tardy
A007485,E0105,10/01/2024,Present
A008970,E0127,2025-01-09,Present
A002656,E0037,2023-12-14,Present
A002933,E0041,2023-11-16,Present
A011509,E0179,2026-05-12,Present
A010977,E0171,2026-05-12,Present
A004129,E0055,06/18/2024,Present
A002088,E0029,2024-02-15,Present
A013914,E0213,07/07/2026,Present
A002405,E0033,2024-06-13,Present
A007904,E0111,2025-05-27,Present
A000150,E0002,2024-06-13,Present
A010386,E0149,2025-02-12,Present
A010803,E0169,2025-09-16,Present
A005744,E0084,2025-01-20,present
A014952,E0225,08/31/2026,Present
A000477,E0007,2024-02-13,Present
A010037,E0142,2025-04-03,present
A010876,E0170,2026-01-22,Tardy
A011841,E0185,2026-01-06,Present
A007884,E0111,2025-03-11,Present
A012752,E0198,2025-12-18,Present
A009322,E0132,2025-06-03,Present
A002026,E0028,2024-04-02,Present
A006854,E0097,2024-09-12,Present
A010523,E0160,2025-06-18,Present
A001714,E0024,2024-02-20,Present
A007729,E0109,2024-10-03,Present
A000170,E0003,11/16/2023,Present
A010252,E0145,2025-03-20,Present
A007563,E0106,10/17/2024,Present
A012321,E0192,2026-01-06,Present
A001122,E0016,2024-03-19,Present
A011944,E0186,2026-04-30,Present
A013150,E0203,2026-05-21,Present
A001963,E0027,2024-05-16,Present
A013698,E0211,04/28/2026,
A004297,E0057,04/23/2024,Present
A003548,E0048,2024-07-02,Present
A007526,E0105,2025-03-11,Present
A010009,E0142,2024-12-17,Present
A003708,E0050,2024-04-23,Present
A001721,E0024,2024-03-14,Present
A006546,E0093,2025-01-22,Present
A009217,E0130,2025-04-24,Present
A003195,E0044,2024-04-09,Present
A010476,E0156,2025-02-20,Present
A009594,E0136,2025-03-18,Present
A013553,E0209,2026-06-22,Present
A006505,E0093,2024-10-23,Present
A001748,E0025,2023-09-14,Present
A014779,E0223,06/10/2026,Present
A005047,E0070,2024-06-20,Present
A013797,E0212,2026-05-18,Present
A008230,E0116,02/18/2025,Present
A006452,E0092,2025-01-21,Present
A012620,E0196,02/12/2026,Present
A000352,E0005,2024-03-21,Present
A001035,E0015,2024-02-06,Present
A004330,E0057,2024-06-19,Present
A006700,E0095,2024-11-07,P
A011583,E0180,2026-05-19,Present
A006144,E0089,2024-11-12,Present
A003853,E0052,2024-01-11,Present
A005313,E0077,2024-05-28,PRESENT
A001303,E0019,2023-10-03,Present
A012600,E0196,2025-11-13,Present
A000829,E0012,2024-04-11,Present
A001954,E0027,2024-04-11,Tardy
A000931,E0014,2023-10-12,Present
A009607,E0136,2025-05-08,Present
A000904,E0013,2024-04-11,Excused
A009636,E0137,2024-11-12,Present
A002627,E0036,2024-06-04,Present
A003600,E0049,04/03/2024,Present
A005614,E0083,2024-10-28,Present
A008834,E0125,2024-12-17,Present
A012783,E0198,2026-04-28,PRESENT
A012357,E0192,2026-05-19,Present
A005993,E0087,2024-11-07,Present
A005195,E0074,2024-05-23,Present
A007406,E0104,2024-09-10,Present
A014145,E0216,2026-05-11,Present
A008359,E0118,2024-12-10,Present
A014923,E0225,07/09/2026,Present
A008019,E0113,2025-03-18,Present
A000863,E0013,2023-11-07,Present
A006481,E0093,2024-09-11,Present
A001731,E0024,2024-04-23,Absent
A014783,E0223,2026-06-17,Present
A008188,E0115,2025-06-12,Present
A008813,E0125,2024-09-26,present
A013356,E0206,2026-04-09,Present
A003837,E0051,2024-06-12,Present
A014295,E0217,08/26/2026,Tardy
A003388,E0046,2024-05-21,Present
A003880,E0052,2024-02-28,Present
A005370,E0079,2024-03-12,Present
A014270,E0217,2026-07-14,Present
A012071,E0188,2026-02-24,Present
A009148,E0129,2025-05-08,Present
A012774,E0198,2026-03-19,Present
A008250,E0116,2025-05-06,Present
A003820,E0051,05/14/2024,Present
A004537,E0060,2024-03-14,Present
A009949,E0141,2025-02-11,Present
A010429,E0153,2025-02-10,Present
A012000,E0187,2026-02-26,Present
A004295,E0057,04/18/2024,Present
A015205,E0228,2026-09-01,Present
A006307,E0091,2024-10-02,Present
A013787,E0212,2026-04-29,present
A007333,E0103,2024-09-10,Present
A011982,E0187,2025-12-11,Present
A006115,E0089,2024-09-23,Present
A010494,E0158,2025-06-24,Present
A010711,E0167,2025-12-16,present
A010805,E0169,2025-09-23,Present
A003214,E0045,01/08/2024,Excused
A010607,E0165,2025-07-02,PRESENT
A006736,E0095,2025-01-29,A
A014190,E0216,07/28/2026,present
A004521,E0060,2024-02-15,Present
A008279,E0117,2024-11-07,Present
A013096,E0203,2025-10-16,Present
A010616,E0166,09/18/2025,Present
A004036,E0054,2024-04-30,Absent
A002865,E0040,12/19/2023,Present
A009879,E0140,02/20/2025,Present
A001806,E0025,2024-04-23,Present
A002615,E0036,2024-04-23,Late
A014610,E0221,2026-06-23,Present
A002761,E0038,2024-04-04,absent
A005385,E0079,2024-05-07,Tardy
A008241,E0116,2025-03-27,Tardy
A003520,E0048,2024-05-14,Present
A006109,E0089,09/11/2024,Present
A010310,E0146,2025-01-28,Present
A002313,E0032,2024-04-11,Present
A013724,E0211,06/11/2026,Present
A009458,E0134,2025-04-29,Present
A004631,E0061,2024-03-05,Present
A014328,E0218,2026-05-21,Present
A011894,E0186,2025-10-09,Present
A009253,E0132,2024-09-10,Present
A009756,E0138,2025-05-20,Present
A006597,E0094,10/22/2024,Present
A009270,E0132,2024-11-07,Present
A015103,E0227,2026-08-06,Present
A012898,E0200,01/08/2026,Present
A010442,E0154,2025-02-04,Present
A006974,E0098,10/30/2024,Absent
A009435,E0134,2025-02-01,Present
A011002,E0172,2025-10-30,Present
A011348,E0177,2026-03-05,PRESENT
A006128,E0089,2024-10-15,Present
A014955,E0225,2026-09-03,Tardy
A002349,E0033,2023-11-14,Present
A009928,E0141,2024-11-12,Present
A001088,E0016,2023-11-07,Present
A002596,E0036,2024-02-13,PRESENT
A002502,E0035,2023-11-30,Present
A009017,E0128,2024-09-24,Present
A010045,E0142,2025-05-08,PRESENT
A007622,E0107,2025-03-06,Present
A010347,E0146,2025-06-12,Present
A004956,E0068,2024-05-07,Present
A001594,E0022,2024-06-06,PRESENT
A001023,E0015,12/19/2023,Present
A010507,E0159,06/18/2025,Present
A001494,E0021,03/07/2024,Present
A004903,E0067,2024-03-14,Present
A002681,E0037,2024-03-19,Present
A011374,E0177,2026-06-11,Absent
A004191,E0056,2024-04-08,Present
A005943,E0087,2024-08-13,Present
A000759,E0011,2024-05-02,Absent
A003300,E0045,2024-06-11,Present
A005108,E0072,2024-04-23,Present
A007403,E0103,2025-06-05,Present
A008248,E0116,2025-04-29,Present
A008704,E0123,2025-02-20,Present
A005816,E0085,2024-12-02,Present
A013484,E0208,2026-02-12,Present
A007641,E0107,2025-05-20,Absent
A011536,E0180,2025-11-06,Present
A004470,E0059,2024-05-16,Present
A001741,E0024,2024-05-28,Present
A012421,E0193,2026-04-21,Tardy
A014349,E0218,06/29/2026,Present
A000737,E0011,2024-02-13,Present
A007709,E0108,2025-05-01,Present
A003939,E0052,2024-06-17,Present
A001912,E0027,2023-11-02,Present
A005606,E0083,2024-10-14,Present
A005767,E0085,2024-08-29,Present
A003296,E0045,2024-06-04,Present
A001607,E0023,2023-10-17,Present
A000294,E0004,2024-05-23,Present
A005636,E0083,2024-12-11,present
A007349,E0103,2024-11-05,present
A013179,E0204,2025-12-02,Present
A001740,E0024,2024-05-23,Present
A010135,E0144,2024-10-01,Present
A008780,E0124,2025-03-04,Present
A004465,E0059,2024-05-08,Present
A000488,E0007,2024-03-21,Present
A000291,E0004,2024-05-14,P
A006871,E0097,2024-10-14,Present
A011513,E0179,2026-05-26,Present
A009463,E0134,2025-05-15,Present
A000102,E0002,2023-12-19,Tardy
A011289,E0176,2026-04-28,present
A012731,E0198,09/30/2025,Present
A012516,E0195,2025-10-02,Present
A002003,E0028,2024-01-11,Present
A007529,E0105,2025-03-20,Present
A009948,E0141,2025-02-06,Present
A012866,E0199,2026-06-04,Abs
A008349,E0118,2024-10-29,Present
A004251,E0057,2024-01-29,Present
A000287,E0004,2024-04-30,Present
A008029,E0113,2025-04-29,Present
A009074,E0128,2025-05-06,Present
A009526,E0135,04/03/2025,Present
A000896,E0013,2024-03-14,Excused
A013788,E0212,2026-04-30,Present
A005915,E0086,2024-12-11,Present
A010331,E0146,2025-04-10,Present
A001007,E0015,2023-10-17,Tardy
A002272,E0032,2023-11-07,Present
A014010,E0214,2026-07-21,Present
A001663,E0023,2024-05-16,Present
A004808,E0064,2024-06-04,Present
A014479,E0219,2026-09-09,Present
A002944,E0041,2024-01-09,Present
A004399,E0059,01/09/2024,Tardy
A012649,E0196,2026-06-02,Present
A002146,E0030,2023-12-12,Present
A001985,E0028,10/26/2023,Present
A012427,E0193,2026-05-12,Present
A013849,E0212,2026-08-17,Present
A004314,E0057,2024-05-22,Present
A004182,E0056,2024-03-21,Present
A014712,E0222,2026-07-16,Present
A010822,E0169,2025-11-20,Present
A012851,E0199,2026-04-07,Excused
A012587,E0196,09/30/2025,Tardy
A001958,E0027,2024-04-30,Present
A013883,E0213,2026-05-13,P
A008324,E0117,2025-05-08,Present
A000358,E0005,2024-04-11,Present
A007803,E0110,2025-02-11,Present
A010931,E0171,2025-11-04,Present
A013927,E0213,2026-07-29,Present
A005827,E0085,12/19/2024,Present
A007262,E0102,2024-09-17,Excused
A003078,E0043,10/31/2023,Absent
A005175,E0074,2024-03-12,Present
A012418,E0193,2026-04-02,Present
A003470,E0048,2024-02-12,Tardy
A001087,E0016,2023-11-02,Present
A007827,E0110,2025-05-13,Tardy
A011070,E0173,2026-04-09,Present
A002233,E0031,2024-01-30,Present
A004203,E0056,05/02/2024,Present
A001936,E0027,2024-02-08,Excused
A007365,E0103,2025-01-16,Present
A009612,E0136,2025-05-27,Present
A006119,E0089,2024-09-30,Present
A005303,E0077,04/23/2024,Present
A003284,E0045,05/14/2024,Present
A010761,E0168,2026-01-20,Present
A010767,E0168,02/10/2026,Present
A001347,E0019,2024-03-19,Present
A007785,E0110,11/21/2024,Present
A010905,E0170,2026-05-12,Present
A005328,E0078,02/29/2024,Present
A008890,E0126,2024-12-05,Tardy
A007513,E0105,01/23/2025,Tardy
A011675,E0183,2025-09-30,PRESENT
A015201,E0228,2026-08-25,Present
A002086,E0029,2024-02-08,Present
A013093,E0203,2025-10-07,Present
A011392,E0178,11/06/2025,Present
A003979,E0054,2024-01-16,Present
A012367,E0193,2025-09-16,Present
A001011,E0015,2023-10-31,Present
A011649,E0182,2025-11-01,Present
A010375,E0148,2025-02-20,Present
A008628,E0122,2025-02-11,present
A002316,E0032,2024-04-25,Present
A006551,E0093,2025-01-30,Present
A004983,E0069,2024-03-21,Tardy
A004107,E0055,2024-05-09,Present
A013032,E0202,2025-11-13,Present
A014178,E0216,2026-07-07,Present
A006114,E0089,2024-09-19,Present
A006486,E0093,2024-09-19,Present
A003036,E0042,2024-03-07,Tardy
A014983,E0226,2026-05-21,Present
A011975,E0187,11/11/2025,Present
A006935,E0098,2024-08-22,Absent
A001062,E0015,2024-05-14,Present
A007052,E0099,2024-10-03,Tardy
A001476,E0021,01/04/2024,Present
A003572,E0049,02/14/2024,Present
A005513,E0082,2024-10-14,Present
A014490,E0220,2026-04-28,Present
A013506,E0208,2026-05-07,Excused
A008613,E0122,2024-12-10,Present
A015116,E0227,2026-08-31,Present
A000305,E0005,2023-09-26,Present
A002678,E0037,03/07/2024,Present
A008693,E0123,2025-01-14,Present
A007781,E0110,11/07/2024,Present
A014176,E0216,2026-07-02,Present
A009280,E0132,2024-12-21,present
A011092,E0174,2025-09-25,Present
A012279,E0191,2026-01-27,Absent
A011632,E0181,2026-02-19,Tardy
A006875,E0097,2024-10-21,Present
A006835,E0097,2024-08-12,Present
A011060,E0173,03/05/2026,T
A009057,E0128,02/27/2025,Present
A000477,E0007,2024-02-13,Present
A008618,E0122,01/07/2025,Tardy
A009187,E0130,2025-01-02,present
A002674,E0037,2024-02-22,Absent
A006293,E0091,2024-09-09,Present
A006292,E0091,2024-09-05,Present
A011989,E0187,2026-01-20,Present
A014685,E0222,2026-06-01,Present
A007901,E0111,2025-05-15,Present
A006663,E0095,2024-09-04,Present
A000903,E0013,2024-04-09,Present
A007654,E0108,2024-09-26,Present
A003882,E0052,2024-03-04,Present
A009846,E0140,10/10/2024,Present
A005501,E0082,2024-09-23,Tardy
A004640,E0061,2024-03-20,Present
A015013,E0226,2026-07-14,Present
A002907,E0040,2024-05-23,Present
A012651,E0196,2026-06-09,Present
A006282,E0091,2024-08-20,Present
A000765,E0011,2024-05-23,Present
A014506,E0220,2026-05-26,Present
A007150,E0100,2025-01-30,Present
A014168,E0216,2026-06-18,Present
A007697,E0108,2025-03-13,P
A013964,E0214,2026-04-30,Abs
A001715,E0024,02/22/2024,Absent
A001804,E0025,2024-04-11,Present
A009543,E0135,2025-06-10,Present
A011195,E0175,2026-02-03,Present
A006434,E0092,2024-12-09,Present
A003718,E0050,2024-05-09,Present
A002609,E0036,03/28/2024,Present
A010530,E0160,2025-07-01,Present
A004677,E0061,2024-05-29,Present
A002127,E0030,2023-09-28,Present
A002590,E0036,2024-01-23,Present
A001412,E0020,2024-02-13,Present
A002617,E0036,2024-04-30,Present
A003290,E0045,2024-05-23,Present
A013528,E0209,2026-05-07,Present
A014786,E0223,2026-06-23,Present
A008762,E0124,2024-12-19,Present
A009189,E0130,2025-01-09,Present
A009955,E0141,2025-03-04,Present
A002082,E0029,2024-01-25,Present
A001924,E0027,2023-12-21,Tardy
A005359,E0078,06/20/2024,Present
A000933,E0014,2023-10-19,Tardy
A007039,E0099,2024-09-11,Tardy
A004615,E0061,2024-02-06,Present
A006751,E0096,2024-08-27,Present
A006093,E0089,2024-08-14,Present
A009626,E0137,2024-10-08,Present
A004163,E0056,2024-02-19,Present
A014343,E0218,2026-06-17,Present
A002120,E0029,2024-06-11,Present
A013493,E0208,2026-03-17,present
A012599,E0196,2025-11-11,Present
A007347,E0103,2024-10-29,Present
A015157,E0228,06/09/2026,Present
A007744,E0109,2024-12-03,Present
A003489,E0048,2024-03-14,PRESENT
A006741,E0095,2025-02-06,Present
A003394,E0046,2024-05-30,Present
A002586,E0036,2024-01-09,Present
A007204,E0101,2024-11-07,PRESENT
A010781,E0168,2026-03-31,Present
A003088,E0043,2023-12-12,Present
A007429,E0104,2024-12-05,Present
A002922,E0041,2023-10-10,Present
A007255,E0101,2025-05-29,Absent
A004875,E0066,2024-04-25,Present
A001922,E0027,2023-12-14,Present
A000926,E0014,2023-09-26,Present
A012119,E0189,2025-11-11,Present
A007920,E0112,2024-10-15,Present
A009365,E0133,2025-02-11,Present
A012101,E0189,2025-09-09,Present
A011352,E0177,2026-03-19,Present
A006845,E0097,2024-08-28,Present
A000169,E0003,2023-11-14,Present
A005757,E0085,2024-08-13,PRESENT
A008262,E0117,09/10/2024,Present
A003480,E0048,2024-02-28,present
A010057,E0143,09/12/2024,Present
A007895,E0111,2025-04-24,Present
A005565,E0082,01/30/2025,Present
A003316,E0046,2024-01-10,Present
A000435,E0006,2024-04-23,Excused
A007521,E0105,2025-02-20,Present
A006088,E0088,2024-11-12,Present
A009390,E0133,2025-05-15,Tardy
A009211,E0130,2025-03-27,Present
A014382,E0218,08/25/2026,Present
A010844,E0170,2025-09-11,Present
A004044,E0055,2024-01-16,Present
A009381,E0133,2025-04-08,Present
A008206,E0116,2024-11-07,P
A005741,E0084,2025-01-14,Present
A005771,E0085,2024-09-05,PRESENT
A011581,E0180,2026-05-12,Present
A005002,E0069,05/30/2024,Present
A009602,E0136,2025-04-22,Present
A009237,E0131,2024-09-26,Present
A009086,E0129,09/10/2024,P
A013962,E0214,04/28/2026,Present
A005043,E0070,06/06/2024,Present
A000047,E0001,03/05/2024,Absent
A000851,E0013,2023-09-26,Present
A002702,E0037,2024-06-04,Present
A000374,E0005,2024-06-11,Present
A005997,E0087,2024-11-14,Present
A000928,E0014,10/03/2023,Present
A008286,E0117,2024-12-10,Present
A001373,E0020,2023-09-14,Tardy
A001108,E0016,2024-01-30,present
A008119,E0115,2024-09-19,PRESENT
A002453,E0034,2024-03-07,Absent
A013303,E0206,2025-09-16,Present
A001767,E0025,2023-11-21,Present
A015186,E0228,2026-07-29,Absent
A009953,E0141,2025-02-25,Present
A002752,E0038,2024-03-05,Present
A011174,E0175,10/30/2025,Present
A011302,E0176,2026-06-11,Present
A014037,E0214,2026-09-07,Present
A015064,E0227,2026-06-01,Present
A010858,E0170,2025-10-30,Tardy
A010516,E0159,2025-07-05,PRESENT
A001327,E0019,01/09/2024,Present
A014216,E0216,09/10/2026,Present
A005295,E0077,03/21/2024,Present
A014304,E0217,09/10/2026,Tardy
A008583,E0121,2025-01-07,Present
A005275,E0076,2024-05-30,Present
A012912,E0200,2026-02-26,Present
A012730,E0198,2025-09-25,Tardy
A009503,E0135,2025-01-14,Present
A015079,E0227,2026-06-25,Present
A000177,E0003,2023-12-19,Present
A011744,E0184,2025-09-18,Absent
A003533,E0048,06/05/2024,Present
A007732,E0109,2024-10-15,Present
A011685,E0183,2025-11-04,Present
A006557,E0094,2024-08-13,Present
A008799,E0124,2025-05-15,Present
A009113,E0129,2024-12-19,Present
A007145,E0100,2025-01-14,Present
A013478,E0208,2026-01-22,Present
A000201,E0003,2024-03-19,Absent
A002302,E0032,2024-03-05,Present
A003704,E0050,2024-04-10,Present
A011585,E0180,2026-05-26,Present
A000469,E0007,2024-01-16,Absent
A009464,E0134,2025-05-20,Present
A009727,E0138,2025-01-30,Present
A006563,E0094,2024-08-22,Present
A013630,E0210,2026-06-02,Present
A000432,E0006,2024-04-09,Tardy
A012128,E0189,2025-12-18,Present
A004394,E0058,2024-04-11,Absent
A005319,E0077,2024-06-18,Present
A010945,E0171,01/13/2026,Present
A014128,E0215,2026-09-10,Present
A011820,E0185,10/02/2025,Present
A004601,E0061,2024-01-11,P
A007653,E0108,2024-09-24,Present
A000281,E0004,2024-04-04,Present
A002309,E0032,2024-03-28,Present
A005441,E0081,2024-02-15,Present
A011731,E0183,2026-05-12,Present
A004527,E0060,2024-02-27,Tardy
A007811,E0110,2025-03-11,Present
A007753,E0109,2025-01-14,Present
A000709,E0011,2023-10-24,Present
A013521,E0209,04/27/2026,Present
A012855,E0199,2026-04-28,Absent
A014874,E0224,2026-06-23,Present
A009921,E0141,10/17/2024,Present
A000519,E0008,2023-10-05,Present
A010241,E0145,2025-02-11,present
A000440,E0007,2023-09-21,P
A002335,E0033,2023-09-26,Present
A013108,E0203,2025-12-04,Present
A011561,E0180,2026-02-24,Present
A014517,E0220,06/15/2026,Present
A000260,E0004,2024-01-23,Present
A005291,E0077,03/07/2024,Present
A011500,E0179,04/02/2026,Present
A001523,E0022,2023-09-14,Present
A003061,E0042,2024-06-06,Present
A001124,E0016,2024-03-26,P
A005854,E0086,2024-08-20,Present
A011332,E0177,2026-01-08,PRESENT
A010835,E0169,2026-01-27,Present
A000028,E0001,2023-12-21,Present
A009453,E0134,2025-04-03,Present
A007309,E0102,2025-03-18,Present
A005548,E0082,2024-12-19,Present
A010787,E0168,2026-04-28,Present
A011409,E0178,2026-01-27,Present
A010960,E0171,2026-03-05,Present
A010472,E0156,2025-02-13,Present
A007584,E0107,2024-10-08,present
A008673,E0123,10/17/2024,Present
A014394,E0218,2026-09-15,Present
A008523,E0120,2025-02-20,Present
A005404,E0080,2024-02-22,Present
A010926,E0171,2025-10-16,Present
A012927,E0200,2026-04-28,Present
A005965,E0087,2024-09-19,Present
A004404,E0059,2024-01-17,Present
A001618,E0023,2023-11-30,Present
A005862,E0086,09/03/2024,Present
A011702,E0183,2026-01-22,Present
A012900,E0200,2026-01-15,Present
A008342,E0118,2024-10-03,Present
A001490,E0021,2024-02-22,Present
A010973,E0171,04/28/2026,Present
A012031,E0188,09/16/2025,Present
A004169,E0056,02/28/2024,Present
A002035,E0028,2024-05-07,Present
A002849,E0040,2023-10-17,Present
A010190,E0144,2025-05-06,Present
A001324,E0019,2023-12-21,Present
A010773,E0168,2026-03-03,Present
A007856,E0111,2024-11-14,Present
A013336,E0206,2026-01-29,PRESENT
A005861,E0086,2024-09-02,Present
A011855,E0185,2026-02-24,Present
A013001,E0201,2026-05-05,Present
A007773,E0110,2024-10-10,PRESENT
A010703,E0167,2025-11-11,Present
A013507,E0208,2026-05-12,Present
A013011,E0201,2026-06-09,Present
A006028,E0087,2025-01-28,Present
A007874,E0111,2025-02-04,Present
A007736,E0109,2024-10-29,Absent
A001535,E0022,2023-10-26,present
A004130,E0055,2024-06-19,Tardy
A012292,E0191,03/12/2026,Present
A007913,E0112,2024-09-19,Tardy
A009899,E0140,2025-05-08,
A010968,E0171,2026-04-02,Present
A013375,E0207,2025-09-16,Present
A010570,E0163,2025-06-24,Present
A001471,E0021,2023-12-12,Present
A013124,E0203,2026-02-12,Present
A002857,E0040,2023-11-14,Tardy
A011278,E0176,2026-03-12,P
A012129,E0189,2026-01-06,Present
A002657,E0037,2023-12-19,Present
A012340,E0192,2026-03-12,Present
A008830,E0125,2024-12-03,Present
A008785,E0124,2025-03-20,Absent
A006149,E0089,2024-11-20,Present
A002343,E0033,2023-10-24,Present
A013817,E0212,2026-06-22,Present
A013721,E0211,2026-06-08,Present
A004408,E0059,2024-01-24,Tardy
A002679,E0037,2024-03-12,Present
A005031,E0070,2024-04-25,Present
A007188,E0101,2024-09-12,Present
A002232,E0031,01/25/2024,Present
A000124,E0002,2024-03-12,Present
A006238,E0090,2024-11-13,Absent
A008038,E0113,2025-05-29,Present
A001374,E0020,2023-09-19,Present
A013890,E0213,2026-05-26,Present
A008789,E0124,04/03/2025,P
A008280,E0117,2024-11-12,Present
A011163,E0175,2025-09-23,Present
A000274,E0004,2024-03-12,Present
A014275,E0217,2026-07-22,Present
A003609,E0049,2024-04-24,Present
A007745,E0109,2024-12-05,Tardy
A009288,E0132,2025-01-28,Present
A011612,E0181,2025-11-20,Present
A009238,E0131,2024-10-01,Present
A007780,E0110,2024-11-05,Present
A006129,E0089,2024-10-16,Present
A007259,E0101,06/12/2025,Tardy
A014160,E0216,2026-06-04,PRESENT
A003949,E0052,2024-07-03,present
A002914,E0041,2023-09-12,P
A007749,E0109,2024-12-19,Present
A006168,E0089,2025-01-13,present
A012591,E0196,2025-10-14,Present
A012771,E0198,2026-03-10,Present
A009924,E0141,2024-10-29,Present
A000795,E0012,2023-12-07,Present
A004885,E0066,2024-05-30,Present
A012747,E0198,2025-12-02,Present
A005613,E0083,2024-10-24,Present
A004192,E0056,2024-04-09,Present
A006291,E0091,2024-09-04,Present
A001321,E0019,2023-12-12,Present
A013766,E0211,2026-08-25,Present
A008643,E0122,2025-04-03,Present
A010566,E0163,2025-06-17,Present
A011697,E0183,2026-01-06,PRESENT
A009698,E0138,2024-10-03,Tardy
A005293,E0077,2024-03-14,Present
A010833,E0169,2026-01-20,Present
A003998,E0054,2024-02-19,Present
A014524,E0220,06/25/2026,Present
A005387,E0079,2024-05-14,Present
A009914,E0141,09/24/2024,present
A000020,E0001,2023-11-16,Present
A014431,E0219,2026-06-17,PRESENT
A012103,E0189,2025-09-16,Present
A009516,E0135,2025-02-27,Tardy
A005848,E0085,2025-02-06,Present
A005864,E0086,09/05/2024,Present
A014563,E0220,2026-09-05,Present
A013833,E0212,2026-07-20,Present
A010953,E0171,2026-02-10,Present
A005024,E0070,2024-03-28,Present
A008974,E0127,2025-01-23,PRESENT
A014233,E0217,2026-05-11,Present
A011901,E0186,2025-11-04,Present
A005365,E0079,2024-02-22,Present
A000658,E0009,2024-06-04,Present
A009743,E0138,2025-03-27,Present
A004059,E0055,2024-02-12,P
A001091,E0016,2023-11-16,Present
A011548,E0180,2026-01-08,Present
A008167,E0115,2025-03-25,Present
A011851,E0185,02/10/2026,Present
A009091,E0129,2024-09-26,Present
A003685,E0050,03/07/2024,Present
A004082,E0055,2024-03-21,Present
A010859,E0170,11/04/2025,Present
A014753,E0223,2026-04-27,Present
A012364,E0192,2026-06-11,Present
A001311,E0019,2023-10-31,Present
A012109,E0189,2025-10-07,Present
A013850,E0212,2026-08-18,Present
A013295,E0205,2026-05-26,Present
A012555,E0195,03/10/2026,Present
A003659,E0050,2024-01-23,Present
A004102,E0055,2024-05-01,Present
A008815,E0125,10/03/2024,Present
A007069,E0099,2024-11-04,Absent
A007672,E0108,2024-12-05,Present
A006152,E0089,2024-12-03,Tardy
A006746,E0096,2024-08-19,Present
A005928,E0086,01/15/2025,Present
A012214,E0190,2026-02-19,Present
A006180,E0089,2025-02-03,Present
A012435,E0193,2026-06-09,PRESENT
A004302,E0057,2024-05-01,Present
A005345,E0078,2024-05-02,Present
A007768,E0110,2024-09-24,Present
A010851,E0170,2025-10-07,Present
A013921,E0213,2026-07-20,Present
A008205,E0116,11/05/2024,Present
A001164,E0017,11/09/2023,Present
A011378,E0178,09/18/2025,Present
A000189,E0003,2024-02-06,Present
A008661,E0122,06/12/2025,Present
A003754,E0051,2024-01-15,Present
A000609,E0009,2023-12-05,Present
A012294,E0192,2025-09-11,Present
A001227,E0018,2023-09-28,Present
A003438,E0047,2024-02-19,Absent
A003703,E0050,2024-04-09,Present
A004340,E0058,2024-01-09,Present
A004148,E0056,2024-01-23,Present
A014444,E0219,2026-07-09,Present
A011621,E0181,2026-01-13,Present
A000219,E0003,2024-05-23,Present
A003985,E0054,2024-01-25,Present
A000361,E0005,2024-04-25,Present
A005640,E0083,2024-12-18,PRESENT
A010304,E0146,2025-01-07,Absent
A013737,E0211,2026-07-06,P
A000328,E0005,2023-12-21,Present
A015199,E0228,08/20/2026,Present
A004886,E0066,2024-06-04,Present
A012605,E0196,2025-12-09,Present
A015182,E0228,2026-07-22,Present
A005107,E0072,2024-04-18,Present
A007746,E0109,2024-12-10,Present
A002123,E0030,2023-09-14,Present
A003012,E0042,2023-12-07,Present
A010073,E0143,2024-11-07,Present
A013321,E0206,2025-11-18,Present
A009621,E0137,2024-09-19,Present
A013310,E0206,2025-10-09,Present
A001214,E0017,2024-05-21,Present
A008642,E0122,2025-04-01,Present
A010514,E0159,07/01/2025,Present
A006245,E0090,2024-12-03,PRESENT
A009283,E0132,2025-01-09,PRESENT
A012135,E0189,2026-01-27,Present
A004746,E0063,03/12/2024,Present
A014991,E0226,2026-06-04,P
A003269,E0045,2024-04-11,P
A002158,E0030,01/30/2024,Present
A003951,E0053,2024-01-09,Present
A001890,E0026,2024-05-23,present
A010913,E0170,2026-06-09,Present
A009220,E0130,2025-05-06,Present
A007699,E0108,2025-03-20,Present
A012521,E0195,10/21/2025,Present
A013620,E0210,2026-05-14,Present
A002560,E0036,2023-09-26,P
A011080,E0173,2026-05-21,Present
A007559,E0106,2024-10-03,Present
A005397,E0079,2024-06-18,Present
A005136,E0073,2024-03-12,Present
A012546,E0195,2026-02-05,Absent
A005170,E0074,02/22/2024,Present
A003342,E0046,02/26/2024,Present
A007508,E0105,2025-01-07,Tardy
A011026,E0173,10/16/2025,Late
A008956,E0127,11/05/2024,Present
A002358,E0033,2023-12-21,Present
A007029,E0099,08/26/2024,Present
A015090,E0227,2026-07-15,Present
A011181,E0175,2025-12-02,Present
A010393,E0149,2025-02-25,Present
A011913,E0186,2026-01-06,Present
A008243,E0116,2025-04-03,Absent
A012252,E0191,2025-10-02,present
A003661,E0050,2024-01-25,Present
A009479,E0135,2024-10-03,Present
A011686,E0183,2025-11-06,Present
A005910,E0086,12/03/2024,Present
A008958,E0127,2024-11-12,P
A013283,E0205,04/07/2026,Present
A002499,E0035,2023-11-14,Absent
A005376,E0079,2024-04-02,Present
A003560,E0049,2024-01-24,Present
A003317,E0046,2024-01-11,Present
A015082,E0227,2026-07-01,Present
A002268,E0032,2023-10-24,Present
A003195,E0044,2024-04-09,Present
A013749,E0211,2026-07-27,Present
A006189,E0090,2024-08-20,Absent
A001563,E0022,2024-02-15,Tardy
A001984,E0028,2023-10-24,Present
A012110,E0189,2025-10-09,Present
A009595,E0136,2025-03-20,Present
A005124,E0072,2024-06-18,Present
A004014,E0054,2024-03-18,Present
A005447,E0081,2024-03-07,Present
A005497,E0082,09/16/2024,Present
A007317,E0102,2025-04-22,PRESENT
A004460,E0059,04/30/2024,Present
A001796,E0025,2024-03-14,P
A014699,E0222,2026-06-24,Tardy
A006422,E0092,2024-11-11,Present
A012268,E0191,2025-12-04,Present
A014684,E0222,2026-05-28,Present
A009579,E0136,2025-01-23,Present
A000386,E0006,2023-10-17,
A006740,E0095,2025-02-05,Excused
A007808,E0110,2025-02-27,Present
A007071,E0099,2024-11-06,Present
A003308,E0045,2024-06-25,Present
A000312,E0005,10/19/2023,Tardy
A011643,E0182,2025-10-07,Present
A014796,E0223,2026-07-09,Present
A005305,E0077,2024-04-30,Present
A012699,E0197,2026-03-10,Present
A003547,E0048,2024-07-01,Present
A010467,E0156,02/05/2025,Present
A015110,E0227,2026-08-19,Present
A012780,E0198,2026-04-09,Tardy
A003910,E0052,2024-04-25,Present
A001054,E0015,2024-04-11,Present
A010885,E0170,2026-02-24,Present
A013364,E0206,05/14/2026,Present
A004915,E0067,2024-04-30,Present
A010163,E0144,01/23/2025,Present
A008889,E0126,2024-12-03,Present
A009233,E0131,2024-09-12,Present
A012286,E0191,2026-02-19,Tardy
A000354,E0005,2024-03-28,Present
A005095,E0072,2024-03-05,Present
A007503,E0105,2024-12-10,Present
A006500,E0093,10/15/2024,Tardy
A004296,E0057,2024-04-22,Tardy
A008770,E0124,01/28/2025,Present
A006585,E0094,2024-10-01,Present
A004402,E0059,2024-01-15,Present
A002190,E0030,2024-05-23,Present
A000015,E0001,2023-10-31,Present
A004561,E0060,2024-05-01,Present
A014711,E0222,2026-07-15,Present
A000534,E0008,2023-12-05,Present
A009309,E0132,2025-04-10,Present
A013955,E0213,2026-09-16,P
A013025,E0202,2025-10-21,Present
A004035,E0054,2024-04-29,Excused
A001534,E0022,10/24/2023,Present
A006930,E0098,08/14/2024,Present
A013411,E0207,2026-02-10,Present
A002958,E0041,2024-02-27,Tardy
A014353,E0218,2026-07-06,Present
A010990,E0172,2025-09-18,Present
A015051,E0227,2026-05-07,Present
A009705,E0138,2024-10-29,Present
A000569,E0008,2024-04-11,Present
A011620,E0181,2026-01-08,Present
A005071,E0071,04/30/2024,Present
A000032,E0001,2024-01-11,Present
A005156,E0073,05/23/2024,Present
A000122,E0002,2024-03-05,Present
A011624,E0181,2026-01-22,Present
A011888,E0186,2025-09-18,Present
A008945,E0127,2024-09-26,Present
A008210,E0116,2024-11-21,Present
A006423,E0092,2024-11-12,Present
A000733,E0011,2024-01-30,Exc.
A001749,E0025,2023-09-19,Present
A005663,E0084,2024-08-12,Present
A000080,E0002,09/26/2023,Present
A005480,E0082,2024-08-15,Present
A009887,E0140,2025-03-20,Present
A000411,E0006,2024-01-25,Present
A007714,E0108,2025-05-20,Tardy
A008333,E0117,2025-06-10,Present
A012029,E0188,2025-09-09,P
A004415,E0059,2024-02-06,Excused
A009416,E0134,2024-11-07,Present
A002406,E0034,2023-09-12,present
A008936,E0126,2025-06-03,Present
A010669,E0166,2026-04-21,Present
A010250,E0145,2025-03-13,Present
A008651,E0122,2025-05-08,Present
A013256,E0205,12/18/2025,Present
A011022,E0173,2025-10-02,Present
A001454,E0021,2023-10-05,Present
A009177,E0130,2024-11-12,Present
A014212,E0216,2026-09-03,Present
A008154,E0115,2025-02-06,Present
A011087,E0174,2025-09-09,Excused
A010813,E0169,2025-10-21,Present
A008995,E0127,2025-04-08,excused
A012178,E0190,2025-09-25,P
A008202,E0116,2024-10-24,present
A001531,E0022,2023-10-12,PRESENT
A001255,E0018,01/18/2024,Present
A010384,E0149,2025-02-10,
A008695,E0123,2025-01-21,Present
A009374,E0133,2025-03-13,Absent
A011679,E0183,2025-10-14,Present
A013560,E0209,2026-07-02,Present
A013607,E0210,2026-04-22,Present
A014565,E0220,2026-09-07,present
A011659,E0182,12/09/2025,Present
A007541,E0105,2025-05-08,Present
A015073,E0227,2026-06-16,Present
A011692,E0183,2025-12-04,Present
A010706,E0167,2025-11-20,Present
A003680,E0050,2024-02-28,Present
A012032,E0188,2025-09-18,Present
A008569,E0121,2024-10-31,Present
A001684,E0024,10/24/2023,Present
A008586,E0121,01/16/2025,Present
A013437,E0207,2026-05-19,Present
A012787,E0198,05/12/2026,Present
A006706,E0095,2024-11-19,Present
A002100,E0029,2024-03-28,P
A010609,E0165,2025-07-07,Present
A010262,E0145,05/01/2025,Present
A014141,E0216,2026-05-04,Present
A000456,E0007,2023-11-16,Present
A013759,E0211,2026-08-12,Present
A009574,E0136,2025-01-07,Present
A014630,E0221,2026-07-28,Present
A008453,E0119,2025-03-04,PRESENT
A012496,E0194,2026-04-30,Present
A009714,E0138,2024-12-05,Present
A015112,E0227,2026-08-24,Present
A002217,E0031,2023-11-21,Present
A014831,E0223,2026-09-09,Present
A006665,E0095,09/09/2024,Present
A008584,E0121,2025-01-09,Absent
A010672,E0166,2026-04-30,Present
A012377,E0193,2025-10-21,Present
A013252,E0205,2025-12-04,Present
A007235,E0101,2025-03-13,Present
A009163,E0130,2024-09-24,Present
A013236,E0205,10/02/2025,Present
A004639,E0061,2024-03-19,Present
A000174,E0003,2023-12-07,Present
A003992,E0054,2024-02-07,Absent
A000051,E0001,2024-03-19,Present
A005220,E0075,2024-04-02,Excused
A011019,E0173,2025-09-23,Present
A002956,E0041,2024-02-20,Present
A004293,E0057,2024-04-10,Present
A000400,E0006,2023-12-12,Present
A000750,E0011,2024-03-28,Present
A013440,E0207,2026-05-28,Tardy
A007345,E0103,2024-10-22,Present
A006561,E0094,2024-08-20,Present
A009474,E0135,2024-09-17,Tardy
A008508,E0120,2024-12-19,Present
A008986,E0127,03/06/2025,Present
A004339,E0058,2024-01-08,Present
A011400,E0178,2025-12-11,Absent
A001040,E0015,2024-02-22,Tardy
A001394,E0020,2023-12-05,Present
A001140,E0016,2024-05-23,Present
A008605,E0122,2024-11-05,Present
A011545,E0180,2025-12-16,PRESENT
A015069,E0227,2026-06-09,present
A008758,E0124,2024-12-05,Present
A007364,E0103,2025-01-14,Present
A008827,E0125,2024-11-14,Present
A012164,E0189,2026-05-14,Present
A003782,E0051,03/04/2024,Present
A008966,E0127,2024-12-17,Present
A003922,E0052,2024-05-16,Tardy
A004025,E0054,2024-04-04,Present
A014980,E0226,2026-05-18,Present
A004188,E0056,2024-04-02,Present
A007747,E0109,2024-12-12,Present
A014886,E0225,2026-05-06,Present
A004610,E0061,2024-01-29,Present
A003194,E0044,2024-04-04,Present
A010008,E0142,2024-12-12,Present
A009061,E0128,2025-03-13,Present
A007121,E0100,2024-10-03,Present
A008901,E0126,01/23/2025,P
A003014,E0042,2023-12-14,Present
A006014,E0087,2025-01-02,Present
A014627,E0221,2026-07-22,Present
A001226,E0018,2023-09-26,Present
A006804,E0096,2024-12-04,Present
A011033,E0173,2025-11-11,Present
A006606,E0094,2024-11-06,Present
A009103,E0129,2024-11-07,Present
A006138,E0089,2024-10-31,Present
A009582,E0136,2025-02-04,Absent
A002610,E0036,2024-04-02,Present
A010691,E0167,2025-09-30,Present
A010426,E0153,2025-02-04,Present
A014837,E0224,2026-04-20,Absent
A014186,E0216,2026-07-21,Present
A000001,E0001,2023-09-12,Present
A012846,E0199,03/19/2026,Present
A011935,E0186,2026-03-24,Present
A003462,E0048,2024-01-29,Present
A011057,E0173,2026-02-24,Present
A011475,E0179,2026-01-06,Present
A009005,E0127,2025-05-20,Present
A005860,E0086,08/29/2024,Excused
A010006,E0142,2024-12-05,Present
A010039,E0142,2025-04-10,present
A007970,E0113,2024-09-10,Present
A011216,E0175,2026-04-23,Present
A013613,E0210,05/04/2026,Present
A012420,E0193,04/09/2026,Present
A007467,E0104,2025-05-06,Present
A001612,E0023,2023-11-02,Present
A014333,E0218,2026-06-01,Present
A006271,E0090,2025-01-29,Present
A006127,E0089,2024-10-14,Present
A014236,E0217,2026-05-14,Present
A006848,E0097,09/03/2024,Present
A011288,E0176,2026-04-23,P
A014795,E0223,2026-07-08,Present
A008099,E0114,2025-04-10,Present
A005099,E0072,03/19/2024,Present
A011360,E0177,2026-04-23,Present
A012347,E0192,2026-04-07,Present
A009379,E0133,04/01/2025,Present
A005100,E0072,2024-03-21,Present
A002155,E0030,2024-01-18,Present
A010827,E0169,2025-12-16,present
A008047,E0114,2024-09-24,Present
A010771,E0168,2026-02-24,Present
A003485,E0048,2024-03-07,P
A000625,E0009,2024-02-06,Present
A009024,E0128,2024-10-17,Present
A006054,E0088,2024-09-12,Present
A004707,E0062,01/23/2024,Present
A003046,E0042,2024-04-11,Present
A003756,E0051,2024-01-17,Present
A004027,E0054,2024-04-09,Present
A013361,E0206,2026-05-05,Present
A002969,E0041,2024-04-04,Present
A002955,E0041,2024-02-15,present
A004356,E0058,2024-02-06,Present
A009649,E0137,2025-01-14,Present
A004901,E0067,2024-03-07,Present
A009097,E0129,10/17/2024,Present
A010481,E0157,06/16/2025,Present
A005146,E0073,2024-04-18,Present
A003878,E0052,02/26/2024,Present
A000009,E0001,2023-10-10,Present
A003669,E0050,2024-02-08,Present
A003121,E0043,2024-04-11,Present
A004281,E0057,2024-03-20,Present
A008036,E0113,2025-05-22,Present
A014839,E0224,2026-04-22,Present
A005770,E0085,09/04/2024,Present
A000451,E0007,2023-10-31,Present
A004016,E0054,2024-03-20,present
A014187,E0216,07/22/2026,Present
A012278,E0191,2026-01-22,Present
A014323,E0218,2026-05-13,Present
A006313,E0091,2024-10-14,Present
A012502,E0194,2026-05-21,Present
A006078,E0088,2024-10-24,Present
A003446,E0047,2024-03-04,Present
A014172,E0216,2026-06-25,Present
A009482,E0135,2024-10-15,Present
A008514,E0120,01/21/2025,Present
A000182,E0003,01/11/2024,present
A007413,E0104,2024-10-03,Present
A001322,E0019,2023-12-14,Present
A012014,E0187,04/23/2026,Present
A003775,E0051,2024-02-20,Tardy
A002450,E0034,02/27/2024,Present
A007140,E0100,12/17/2024,Present
A001723,E0024,2024-03-21,Present
A005881,E0086,2024-10-07,Present
A002022,E0028,03/19/2024,Present
A012867,E0199,2026-06-09,Absent
A004058,E0055,2024-02-08,Present
A010395,E0149,2025-02-27,Present
A012426,E0193,2026-05-07,Present
A013075,E0202,2026-05-12,Present
A012175,E0190,2025-09-16,Present
A001460,E0021,10/26/2023,Present
A007979,E0113,2024-10-10,P
A005226,E0075,2024-04-25,Present
A002532,E0035,2024-03-21,Present
A008742,E0124,10/03/2024,Present
A006562,E0094,2024-08-21,Present
A001660,E0023,2024-05-07,Present
A001599,E0023,2023-09-19,Present
A000773,E0012,2023-09-14,Present
A010599,E0165,2025-06-18,Present
A004065,E0055,2024-02-21,Present
A000285,E0004,2024-04-23,Present
A001990,E0028,2023-11-14,Present
A003170,E0044,2024-01-11,Present
A000395,E0006,11/16/2023,Present
A008880,E0126,2024-10-24,Present
A000327,E0005,2023-12-19,Present
A004463,E0059,2024-05-06,Present
A013113,E0203,2026-01-06,P
A009598,E0136,2025-04-01,Present
A011059,E0173,2026-03-03,Present
A014370,E0218,2026-08-04,Present
A010114,E0143,2025-04-24,Present
A006324,E0091,2024-10-31,Present
A011782,E0184,2026-02-19,Present
A012297,E0192,09/23/2025,Present
A004195,E0056,2024-04-18,present
A012697,E0197,2026-03-03,present
A005147,E0073,2024-04-23,Present
A005779,E0085,2024-09-19,Present
A010018,E0142,2025-01-28,Present
A005157,E0073,2024-05-28,present
A001262,E0018,2024-02-13,P
A003106,E0043,2024-02-20,Present
A011347,E0177,2026-03-03,Present
A004787,E0064,2024-03-19,Present
A001685,E0024,2023-10-26,P
A007604,E0107,01/02/2025,Present
A007026,E0099,2024-08-20,Absent
A001419,E0020,2024-03-07,Present
A007594,E0107,2024-11-12,Present
A006761,E0096,2024-09-12,Present
A009287,E0132,2025-01-23,Present
A003403,E0046,06/17/2024,Present
A004872,E0066,2024-04-11,Present
A003370,E0046,2024-04-18,P
A013033,E0202,2025-11-18,Present
A012715,E0197,2026-05-12,Present
A009555,E0136,2024-10-15,Present
A011269,E0176,2026-02-10,Present
A008920,E0126,2025-04-01,Present
A004502,E0060,01/15/2024,Present
A001434,E0020,2024-05-02,Present
A011847,E0185,2026-01-27,Present
A005913,E0086,2024-12-09,Present
A010243,E0145,02/18/2025,Tardy
A006760,E0096,2024-09-11,Present
A005853,E0086,2024-08-19,Present
A012709,E0197,04/21/2026,Present
A006780,E0096,2024-10-16,Present
A007873,E0111,2025-01-30,Tardy
A008564,E0121,2024-10-15,Excused
A003129,E0043,2024-05-14,Present
A013257,E0205,2026-01-06,PRESENT
A007661,E0108,2024-10-22,PRESENT
A001248,E0018,2023-12-19,Present
A000978,E0014,2024-04-09,Present
A007472,E0104,2025-05-22,Present
A005340,E0078,2024-04-11,Present
A008840,E0125,01/16/2025,P
A004111,E0055,2024-05-16,Present
A002883,E0040,2024-02-27,Absent
A009859,E0140,2024-12-03,Present
A004603,E0061,2024-01-16,Present
A003155,E0044,11/07/2023,Present
A009432,E0134,2025-01-21,Present
A013358,E0206,2026-04-23,Present
A002345,E0033,2023-10-31,Present
A003996,E0054,2024-02-14,Present
A012166,E0189,2026-05-21,Present
A014485,E0220,2026-04-20,Present
A007489,E0105,2024-10-15,Present
A009934,E0141,2024-12-10,Tardy
A009120,E0129,2025-01-23,Present
A008169,E0115,2025-04-01,Present
A006946,E0098,2024-09-11,Present
A003707,E0050,2024-04-22,Present
A014373,E0218,2026-08-10,Present
A010098,E0143,02/20/2025,Present
A009587,E0136,2025-02-20,Present
A004376,E0058,2024-03-12,Present
A004975,E0069,2024-02-22,Excused
A003981,E0054,2024-01-18,Present
A011091,E0174,2025-09-23,Present
A003483,E0048,2024-03-05,Present
A015165,E0228,2026-06-23,P
A006504,E0093,10/22/2024,Present
A007417,E0104,2024-10-17,Present
A010025,E0142,2025-02-20,Present
A010133,E0144,2024-09-24,Present
A005351,E0078,2024-05-23,Present
A008728,E0123,05/22/2025,Present
A005873,E0086,2024-09-23,PRESENT
A012561,E0195,2026-03-31,Present
A007625,E0107,2025-03-18,Present
A001800,E0025,2024-03-28,Tardy
A009841,E0140,09/24/2024,Present
A002792,E0039,2024-01-02,P
A007832,E0110,2025-05-29,Present
A013549,E0209,06/15/2026,Present
A011298,E0176,2026-05-28,Present
A006235,E0090,2024-11-07,Present
A008779,E0124,02/27/2025,Present
A011778,E0184,2026-02-05,Present
A001698,E0024,2023-12-19,Present
A004756,E0063,2024-04-18,Present
A011119,E0174,01/20/2026,Present
A009218,E0130,04/29/2025,Present
A007291,E0102,2025-01-14,P
A010624,E0166,10/16/2025,Present
A008295,E0117,2025-01-21,PRESENT
A001218,E0017,2024-06-04,Present
A002500,E0035,2023-11-16,Present
A009565,E0136,2024-11-19,Tardy
A003602,E0049,2024-04-08,Present
A004895,E0067,2024-02-15,Present
A010557,E0162,2025-06-30,Present
A004304,E0057,2024-05-06,Present
A004032,E0054,2024-04-23,Excused
A000178,E0003,2023-12-21,Present
A010929,E0171,2025-10-28,Present
A008625,E0122,01/30/2025,Present
A002975,E0041,04/30/2024,Present
A009871,E0140,2025-01-23,Present
A000458,E0007,2023-11-30,Present
A006374,E0092,2024-08-19,Present
A014781,E0223,2026-06-15,Present
A004790,E0064,03/28/2024,Present
A004565,E0060,2024-05-08,Present
A000064,E0001,2024-05-07,Present
A010640,E0166,2025-12-18,Present
A011734,E0183,2026-05-21,Present
A003861,E0052,2024-01-25,Present
A006174,E0089,2025-01-22,Present
A006533,E0093,2024-12-18,Present
A012595,E0196,2025-10-28,P
A002010,E0028,02/06/2024,Present
A002537,E0035,2024-04-09,PRESENT
A007402,E0103,2025-06-03,Present
A005551,E0082,2025-01-07,Present
A002992,E0042,09/21/2023,Present
A007183,E0100,06/03/2025,Present
A013865,E0212,2026-09-14,Absent
A013746,E0211,2026-07-21,Present
A001455,E0021,2023-10-10,Present
A014842,E0224,04/28/2026,Present
A008160,E0115,2025-02-27,Present
A011445,E0178,2026-06-09,Present
A009851,E0140,2024-10-29,Present
A004780,E0064,2024-02-22,Present
A013223,E0204,2026-05-26,Present
A011794,E0184,04/02/2026,Present
A009330,E0133,2024-09-24,Present
A003888,E0052,2024-03-13,Present
A002271,E0032,2023-11-02,Present
A005352,E0078,2024-05-28,Tardy
A013554,E0209,2026-06-23,Present
A011124,E0174,2026-02-05,Present
A010000,E0142,11/07/2024,Present
A000796,E0012,2023-12-12,Present
A012009,E0187,2026-03-31,Present
A009801,E0139,2025-02-04,Tardy
A009200,E0130,02/18/2025,Present
A008013,E0113,2025-02-25,Present
A006322,E0091,2024-10-29,Present
A008288,E0117,2024-12-17,Present
A000634,E0009,2024-03-07,Present
A000564,E0008,2024-03-26,Present
A002445,E0034,02/08/2024,present
A011809,E0184,06/02/2026,Present
A006587,E0094,10/03/2024,Present
A006076,E0088,2024-10-22,Present
A014608,E0221,2026-06-18,Present
A008720,E0123,2025-04-24,PRESENT
A006283,E0091,2024-08-21,P
A007047,E0099,2024-09-25,Present
A010400,E0150,2025-02-10,Present
A008299,E0117,2025-02-04,Present
A010246,E0145,02/27/2025,Present
A007392,E0103,04/29/2025,Present
A006805,E0096,2024-12-05,Present
A002449,E0034,2024-02-22,Present
A011994,E0187,2026-02-05,Present
A000830,E0012,04/18/2024,PRESENT
A001656,E0023,2024-04-23,PRESENT
A012572,E0195,2026-05-14,Present
A001633,E0023,01/30/2024,Present
A006408,E0092,2024-10-16,Present
A013145,E0203,2026-05-05,Present
A014080,E0215,2026-06-18,Present
A013370,E0206,2026-06-04,Present
A008249,E0116,2025-05-01,Present
A011387,E0178,2025-10-21,Present
A005381,E0079,2024-04-23,Present
A006272,E0090,2025-01-30,Present
A002989,E0042,2023-09-12,P
A007076,E0099,11/14/2024,Present
A011764,E0184,2025-12-04,PRESENT
A012375,E0193,2025-10-14,Present
A001576,E0022,2024-04-02,Present
A000408,E0006,2024-01-16,Tardy
A006840,E0097,2024-08-20,Present
A007299,E0102,2025-02-11,Present
A010004,E0142,2024-11-21,Present
A011264,E0176,2026-01-22,Present
A009793,E0139,2025-01-07,Present
A010625,E0166,2025-10-21,P
A009469,E0134,06/05/2025,Present
A006197,E0090,09/03/2024,Present
A000171,E0003,2023-11-21,Present
A011377,E0178,09/16/2025,Present
A009759,E0138,2025-05-29,present
A009755,E0138,05/15/2025,Present
A008878,E0126,2024-10-17,Present
A013994,E0214,2026-06-23,Present
A004852,E0065,2024-06-20,present
A010982,E0171,05/28/2026,Present
A002814,E0039,2024-03-19,Excused
A008818,E0125,10/15/2024,Present
A005585,E0083,2024-09-05,Present
A004706,E0062,2024-01-22,Present
A008199,E0116,2024-10-15,Present
A003423,E0047,01/23/2024,Present
A001386,E0020,2023-10-31,Present
A011998,E0187,02/19/2026,Present
A012144,E0189,02/26/2026,Present
A000684,E0010,2023-12-05,Present
A006827,E0096,2025-01-27,Present
A001079,E0016,10/05/2023,Absent
A009996,E0142,2024-10-24,Present
A013215,E0204,2026-04-28,Present
A007616,E0107,2025-02-13,Present
A010167,E0144,2025-02-06,Present
A012932,E0200,2026-05-14,Present
A010432,E0153,2025-02-13,Present
A012037,E0188,2025-10-07,Late
A005494,E0082,2024-09-10,Present
A010567,E0163,2025-06-18,Present
A000801,E0012,2024-01-04,Present
A004039,E0055,2024-01-08,Present
A000748,E0011,2024-03-21,Present
A001945,E0027,2024-03-12,Present
A003257,E0045,2024-03-21,present
A014695,E0222,06/17/2026,Absent
A011295,E0176,2026-05-19,Present
A009844,E0140,2024-10-03,Present
A014486,E0220,04/21/2026,Present
A011682,E0183,2025-10-23,P
A000591,E0009,2023-09-26,Present
A011194,E0175,01/29/2026,Present
A011076,E0173,05/07/2026,P
A005332,E0078,2024-03-14,Present
A010582,E0164,2025-06-17,Present
A013753,E0211,2026-08-03,Present
A011859,E0185,2026-03-10,Present
A001492,E0021,2024-02-29,Present
A004411,E0059,01/30/2024,P
A010475,E0156,2025-02-19,Present
A013566,E0209,2026-07-14,P
A003071,E0043,2023-10-05,Present
A007338,E0103,2024-09-26,Present
A013738,E0211,2026-07-07,present
A010286,E0146,10/17/2024,Tardy
A011156,E0174,2026-06-04,Present
A009564,E0136,2024-11-14,Present
A009966,E0141,04/10/2025,Present
A011639,E0182,2025-09-23,Present
A010346,E0146,06/10/2025,Present
A005149,E0073,2024-04-30,Present
A008292,E0117,2025-01-09,Present
A000474,E0007,2024-02-01,Present
A014381,E0218,2026-08-24,Present
A001399,E0020,2023-12-21,Present
A014740,E0222,2026-09-03,Present
A010498,E0158,2025-07-01,Present
A013463,E0208,2025-11-11,Present
A004270,E0057,2024-02-29,P
A005599,E0083,2024-10-01,Present
A010307,E0146,2025-01-16,PRESENT
A012960,E0201,2025-11-13,Present
A003434,E0047,2024-02-12,Absent
A009964,E0141,2025-04-03,Present
A004672,E0061,2024-05-21,PRESENT
A014749,E0223,2026-04-20,Present
A007825,E0110,2025-05-06,Present
A010900,E0170,2026-04-23,Present
A002799,E0039,2024-01-25,Present
A005130,E0073,2024-02-20,Present
A010091,E0143,2025-01-28,Present
A009930,E0141,2024-11-19,Present
A000587,E0009,2023-09-12,Present
A010192,E0144,2025-05-13,Present
A005203,E0074,2024-06-20,P
A001870,E0026,2024-03-12,Tardy
A013946,E0213,2026-09-01,PRESENT
A003411,E0046,2024-07-01,Present
A003261,E0045,2024-03-28,Present
A010422,E0152,2025-02-12,Excused
A009768,E0139,2024-09-24,Present
A013435,E0207,05/12/2026,Present
A004520,E0060,2024-02-14,Present
A012938,E0200,06/04/2026,Present
A005383,E0079,04/30/2024,Present
A002418,E0034,2023-10-24,PRESENT
A012933,E0200,2026-05-19,PRESENT
A010753,E0168,2025-12-09,Tardy
A014058,E0215,2026-05-12,Present
A014769,E0223,2026-05-25,Present
A013443,E0207,2026-06-09,Present
A014532,E0220,2026-07-09,Present
A014206,E0216,2026-08-25,Tardy
A010496,E0158,2025-06-26,Present
A002352,E0033,2023-11-30,Present
A004861,E0066,2024-03-05,PRESENT
A004487,E0059,2024-06-17,Present
A003860,E0052,2024-01-24,Present
A002451,E0034,2024-02-29,P
A004029,E0054,2024-04-11,excused
A009805,E0139,02/18/2025,Present
A010414,E0151,2025-02-05,absent
A009710,E0138,2024-11-14,PRESENT
A009872,E0140,2025-01-28,Present
A005563,E0082,2025-01-28,Present
A013910,E0213,2026-06-30,Present
A000994,E0014,06/06/2024,Present
A006418,E0092,2024-11-04,Present
A003478,E0048,2024-02-26,Present
A002184,E0030,2024-05-02,Present
A013469,E0208,2025-12-09,present
A012412,E0193,03/12/2026,Present
A002216,E0031,2023-11-16,Late
A001745,E0024,2024-06-11,Present
A010882,E0170,2026-02-12,Present
A008912,E0126,2025-03-04,Present
A001072,E0016,2023-09-12,Present
A012501,E0194,2026-05-19,Present
A009396,E0133,2025-06-05,Late
A000812,E0012,2024-02-13,Absent
A014367,E0218,2026-07-29,Present
A014961,E0225,09/15/2026,Present
A003323,E0046,2024-01-23,Present
A002544,E0035,2024-05-07,Present
A006456,E0092,2025-01-28,Present
A010356,E0147,2025-02-17,Excused
A008545,E0120,2025-05-15,Present
A012642,E0196,2026-05-07,Present
A009485,E0135,2024-10-24,Present
A014939,E0225,2026-08-06,Present
A009397,E0133,2025-06-10,present
A000752,E0011,2024-04-04,Present
A009367,E0133,2025-02-18,Present
A004177,E0056,2024-03-13,Present
A002877,E0040,2024-02-06,Tardy
A003275,E0045,04/29/2024,Tardy
A013720,E0211,2026-06-04,Present
A012826,E0199,2026-01-08,Present
A005849,E0086,2024-08-12,Absent
A007062,E0099,2024-10-22,Present
A013255,E0205,2025-12-16,Present
A013238,E0205,2025-10-09,present
A011952,E0186,2026-05-28,Present
A012342,E0192,2026-03-19,Present
A002821,E0039,2024-04-11,Excused
A014840,E0224,2026-04-23,Excused
A014113,E0215,2026-08-17,Present
A013066,E0202,2026-04-02,Present
A010891,E0170,2026-03-17,Present
A014533,E0220,2026-07-13,Tardy
A009544,E0135,06/12/2025,Present
A011627,E0181,02/03/2026,Present
A009235,E0131,09/19/2024,Present
A010053,E0142,2025-06-05,Present
A003205,E0044,05/16/2024,Present
A012007,E0187,2026-03-24,
A006146,E0089,2024-11-14,Present
A012602,E0196,11/20/2025,PRESENT
A001489,E0021,2024-02-20,Present
A013420,E0207,03/12/2026,Present
A010355,E0147,2025-02-13,Absent
A010785,E0168,2026-04-21,P
A004978,E0069,2024-03-05,Absent
A006729,E0095,2025-01-16,Excused
A004751,E0063,2024-03-28,Present
A009140,E0129,2025-04-03,PRESENT
A012760,E0198,2026-01-29,Present
A000963,E0014,2024-02-15,Present
A007891,E0111,2025-04-03,Present
A000378,E0006,2023-09-19,Present
A007064,E0099,2024-10-24,Present
A007515,E0105,2025-01-30,Present
A015121,E0227,2026-09-08,Present
A014880,E0225,2026-04-27,Present
A001587,E0022,2024-05-14,Present
A009158,E0129,2025-06-12,Present
A004266,E0057,2024-02-22,Present
A007454,E0104,2025-03-13,Present
A001744,E0024,2024-06-06,present
A010154,E0144,2024-12-12,Present
A009919,E0141,2024-10-10,Present
A011078,E0173,2026-05-14,Present
A002630,E0036,06/13/2024,Present
A008026,E0113,2025-04-10,Absent
A002129,E0030,2023-10-05,Present
A013867,E0212,09/16/2026,Present
A007048,E0099,2024-09-26,Absent
A007682,E0108,2025-01-21,Present
A005814,E0085,2024-11-20,Present
A002910,E0040,2024-06-04,Present
A014511,E0220,06/03/2026,Present
A002185,E0030,2024-05-07,Present
A000004,E0001,2023-09-21,Present
A014535,E0220,2026-07-15,P
A009247,E0131,2024-10-31,Present
A004991,E0069,2024-04-23,Tardy
A008310,E0117,2025-03-13,Present
A002440,E0034,01/23/2024,Present
A010461,E0155,2025-02-10,Excused
A011320,E0177,2025-11-06,P
A002875,E0040,2024-01-30,Present
A000961,E0014,02/08/2024,Present
A014414,E0219,2026-05-19,Present
A006670,E0095,2024-09-17,P
A015099,E0227,2026-07-30,Present
A001770,E0025,2023-12-07,Present
A009831,E0139,2025-05-27,Present
A007443,E0104,02/04/2025,present
A003313,E0045,2024-07-03,Present
A013197,E0204,2026-02-17,Absent
A006206,E0090,2024-09-18,Excused
A012462,E0194,2025-12-11,Present
A013728,E0211,2026-06-18,PRESENT
A013249,E0205,2025-11-18,Tardy
A005423,E0080,2024-05-02,Present
A009267,E0132,2024-10-29,Present
A011573,E0180,2026-04-07,Present
A014219,E0216,2026-09-16,Present
A001115,E0016,2024-02-22,Present
A011154,E0174,2026-05-28,Present
A002311,E0032,04/04/2024,Present
A014395,E0218,2026-09-16,Present
A007540,E0105,2025-05-06,Present
A011894,E0186,2025-10-09,Present
A013614,E0210,05/05/2026,Present
A002326,E0032,2024-05-30,Present
A004924,E0067,2024-05-30,Present
A003976,E0054,2024-01-10,Present
A009160,E0130,09/12/2024,Present
A006217,E0090,2024-10-08,absent
A004418,E0059,2024-02-12,Present
A006866,E0097,10/03/2024,Present
A013360,E0206,2026-04-30,Present
A001580,E0022,2024-04-20,Present
A010424,E0152,2025-02-17,Absent
A003578,E0049,2024-02-26,P
A004851,E0065,2024-06-18,Present
A003734,E0050,2024-06-06,Present
A012681,E0197,01/06/2026,Present
A002125,E0030,2023-09-21,Present
A009981,E0141,2025-06-10,Present
A011538,E0180,2025-11-13,Present
A014474,E0219,2026-09-01,Present
A005354,E0078,2024-06-04,Present
A015028,E0226,2026-08-10,Absent
A004961,E0068,2024-05-23,Present
A009145,E0129,2025-04-29,Present
A008960,E0127,11/19/2024,Excused
A006038,E0088,08/15/2024,Present
A013116,E0203,01/15/2026,Present
A013599,E0209,2026-09-09,Present
A005937,E0086,01/30/2025,PRESENT
A013114,E0203,2026-01-08,Present
A000721,E0011,12/12/2023,Tardy
A009122,E0129,2025-01-30,present
A000971,E0014,2024-03-14,PRESENT
A006933,E0098,2024-08-20,Present
A012105,E0189,2025-09-23,Present
A005225,E0075,2024-04-23,present
A014482,E0219,2026-09-15,Present
A004468,E0059,2024-05-14,Present
A015055,E0227,2026-05-14,Present
A000389,E0006,2023-10-26,Present
A006193,E0090,2024-08-27,Present
A012270,E0191,2025-12-11,Present
A008080,E0114,2025-02-04,Present
A007464,E0104,2025-04-24,P
A008117,E0115,2024-09-12,Excused
A015113,E0227,2026-08-25,Present
A000316,E0005,2023-11-02,Present
A002021,E0028,2024-03-14,Present
A008137,E0115,11/21/2024,Present
A002040,E0028,2024-05-23,Present
A001329,E0019,01/16/2024,PRESENT
A005377,E0079,2024-04-04,Present
A013468,E0208,2025-12-04,Present
A014281,E0217,2026-08-03,Present
A008705,E0123,2025-02-25,Present
A015083,E0227,2026-07-02,Present
A001863,E0026,2024-02-15,Present
A015176,E0228,2026-07-13,Present
A013393,E0207,2025-11-18,Present
A014292,E0217,2026-08-20,Present
A000606,E0009,2023-11-16,Present
A012052,E0188,2025-12-04,Present
A010110,E0143,04/03/2025,Present
A001027,E0015,2024-01-09,Present
A008184,E0115,2025-05-29,Present
A010836,E0169,2026-01-29,Present
A009542,E0135,06/05/2025,Present
A002859,E0040,2023-11-21,Present
A007999,E0113,2025-01-07,Present
A010077,E0143,2024-11-21,Present
A004792,E0064,2024-04-04,Present
A013671,E0210,2026-08-12,Present
A002228,E0031,2024-01-11,Present
A011242,E0176,2025-10-16,Present
A001369,E0019,2024-06-06,Present
A004123,E0055,2024-06-06,Present
A001254,E0018,2024-01-16,present
A006378,E0092,08/26/2024,Present
A008522,E0120,2025-02-18,Present
A010563,E0162,2025-07-09,Present
A013213,E0204,2026-04-21,Present
A004689,E0061,2024-06-19,Present
A008158,E0115,2025-02-20,
A005690,E0084,09/26/2024,Present
A006992,E0098,2024-12-09,Absent
A014297,E0217,08/31/2026,Present
A006940,E0098,2024-09-02,Excused
A002361,E0033,2024-01-09,Present
A008597,E0122,2024-10-08,Present
A004396,E0058,2024-04-22,Absent
A002803,E0039,2024-02-08,Present
A005624,E0083,2024-11-13,Present
A000426,E0006,2024-03-19,Present
A003367,E0046,2024-04-09,Present
A007092,E0099,2024-12-19,Present
A014611,E0221,2026-06-24,Present
A001112,E0016,2024-02-13,Present
A004984,E0069,2024-03-26,Present
A002255,E0031,2024-04-18,Present
A011787,E0184,2026-03-10,Present
A014493,E0220,2026-05-04,present
A000638,E0009,2024-03-21,Present
A000249,E0004,2023-12-07,Present
A009640,E0137,2024-12-03,Present
A002151,E0030,2024-01-04,Present
A004830,E0065,2024-04-02,Absent
A002770,E0039,10/03/2023,Present
A000697,E0011,2023-09-12,Present
A009124,E0129,2025-02-06,Present
A008102,E0114,2025-04-29,Present
A006508,E0093,2024-10-29,Present
A005035,E0070,2024-05-09,Present
A003017,E0042,01/02/2024,Present
A001237,E0018,2023-11-02,Present
A014969,E0226,2026-04-28,Present
A005380,E0079,2024-04-18,Present
A006680,E0095,10/03/2024,Present
A001517,E0021,05/30/2024,Tardy
A010236,E0145,2025-01-23,Present
A005822,E0085,2024-12-11,Present
A012981,E0201,2026-02-17,Present
A014560,E0220,2026-08-27,Present
A001012,E0015,2023-11-02,Present
A000071,E0001,2024-05-30,Present
A004090,E0055,2024-04-04,Present
A010578,E0163,2025-07-08,Tardy
A011061,E0173,2026-03-10,PRESENT
A009312,E0132,04/29/2025,Tardy
A009783,E0139,2024-11-14,Present
A006474,E0093,2024-08-29,Present
A001179,E0017,2024-01-16,Present
A002070,E0029,2023-12-07,Present
A007301,E0102,2025-02-18,Present
A008374,E0118,2025-02-11,Present
A008133,E0115,2024-11-07,Present
A007478,E0104,2025-06-12,Present
A008551,E0120,2025-06-05,Present
A008411,E0119,2024-09-19,present
A012022,E0187,05/21/2026,PRESENT
A005602,E0083,2024-10-07,Present
A006984,E0098,2024-11-18,Excused
A010978,E0171,2026-05-14,Present
A004955,E0068,2024-05-02,Present
A013789,E0212,2026-05-04,Present
A011012,E0172,2025-12-11,P
A009546,E0136,09/12/2024,Present
A009452,E0134,2025-04-01,Present
A000042,E0001,02/15/2024,Present
A000168,E0003,2023-11-09,Present
A009849,E0140,2024-10-22,Present
A008296,E0117,2025-01-23,Present
A002096,E0029,03/14/2024,PRESENT
A010924,E0171,2025-10-09,Present
A013873,E0213,2026-04-27,Present
A007169,E0100,2025-04-08,Present
A011747,E0184,2025-09-30,Present
A014561,E0220,2026-08-31,P
A003903,E0052,2024-04-09,Present
A007511,E0105,2025-01-16,Present
A014598,E0221,2026-06-02,Present
A001084,E0016,2023-10-24,Present
A007667,E0108,2024-11-12,Present
A010225,E0145,2024-12-05,Present
A015184,E0228,07/27/2026,present
A011779,E0184,02/10/2026,Present
A000806,E0012,2024-01-23,Present
A014074,E0215,2026-06-09,Present
A009419,E0134,2024-11-19,Present
A001796,E0025,2024-03-14,P
A012890,E0200,2025-11-20,Present
A010342,E0146,2025-05-27,Present
A011341,E0177,2026-02-10,Tardy
A002513,E0035,2024-01-16,Present
A004449,E0059,2024-04-04,present
A009826,E0139,2025-05-08,Present
A005218,E0075,2024-03-26,present
A009877,E0140,2025-02-13,Present
A012994,E0201,2026-04-02,Excused
A003456,E0048,2024-01-17,Present
A013097,E0203,2025-10-21,Present
A014810,E0223,2026-08-04,P
A012191,E0190,2025-11-11,Present
A011736,E0183,2026-05-28,Present
A008903,E0126,2025-01-30,Present
A009317,E0132,2025-05-15,Present
A013386,E0207,2025-10-23,Present
A006862,E0097,2024-09-26,A
A014750,E0223,2026-04-21,Present
A010220,E0145,2024-11-12,Excused
A004154,E0056,2024-02-01,Present
A005310,E0077,05/16/2024,Present
A008365,E0118,2025-01-09,P
A005126,E0073,2024-02-06,present
A008375,E0118,2025-02-13,Present
A005426,E0080,2024-05-14,Present
A008178,E0115,2025-05-08,Present
A002460,E0034,2024-04-02,Present
A007054,E0099,2024-10-08,Present
A000218,E0003,2024-05-21,PRESENT
A007760,E0109,2025-02-06,P
A006097,E0089,08/21/2024,Excused
A002472,E0034,2024-05-16,Excused
A002013,E0028,2024-02-15,Present
A007440,E0104,2025-01-23,Present
A007865,E0111,2025-01-02,Absent
A011390,E0178,2025-10-30,Present
A000901,E0013,04/02/2024,Present
A009533,E0135,2025-05-06,Present
A000185,E0003,2024-01-23,Present
A008887,E0126,2024-11-19,Excused
A003657,E0050,2024-01-18,Present
A008664,E0123,2024-09-17,Present
A003206,E0044,2024-05-21,Present
A009894,E0140,2025-04-22,Present
A010152,E0144,2024-12-05,Present
A010815,E0169,2025-10-28,Present
A008764,E0124,2025-01-07,Present
A000593,E0009,2023-10-03,Present
A005166,E0074,02/08/2024,Present
A004765,E0063,2024-05-21,Present
A007143,E0100,2025-01-07,Present
A015195,E0228,08/13/2026,PRESENT
A010237,E0145,2025-01-28,Tardy
A006988,E0098,2024-12-02,Present
A008483,E0120,2024-09-17,Absent
A000539,E0008,12/21/2023,Present
A005800,E0085,10/28/2024,Present
A009162,E0130,2024-09-19,Present
A014800,E0223,2026-07-16,Present
A003099,E0043,2024-01-25,Absent
A009604,E0136,2025-04-29,Present
A002215,E0031,11/14/2023,Present
A008289,E0117,2024-12-19,Present
A009072,E0128,2025-04-29,Present
A012253,E0191,2025-10-07,Present
A009600,E0136,2025-04-08,Present
A014941,E0225,2026-08-11,present
A012576,E0195,2026-05-28,Present
A002474,E0034,2024-05-23,Present
A011291,E0176,2026-05-05,Present
A008290,E0117,2025-01-02,Present
A011511,E0179,2026-05-19,Present
A012274,E0191,2026-01-08,PRESENT
A003551,E0049,2024-01-09,Present
A005633,E0083,2024-12-05,Present
A003839,E0051,2024-06-17,Present
A014708,E0222,2026-07-09,Absent
A011996,E0187,2026-02-12,Present
A006819,E0096,2025-01-13,Present
A008311,E0117,2025-03-18,Present
A013055,E0202,2026-02-24,Present
A005774,E0085,2024-09-11,Present
A005478,E0082,2024-08-13,Present
A007303,E0102,2025-02-25,Present
A011045,E0173,2026-01-13,Present
A003818,E0051,2024-05-09,Present
A000466,E0007,2024-01-04,Present
A009277,E0132,2024-12-10,Present
A012227,E0190,2026-04-07,Present
A005845,E0085,2025-02-03,Absent
A000114,E0002,2024-02-06,Present
A003777,E0051,2024-02-22,Present
A007643,E0107,2025-05-27,PRESENT
A000036,E0001,2024-01-25,Present
A004004,E0054,2024-02-28,Present
A014221,E0217,2026-04-20,Present
A005479,E0082,2024-08-14,Present
A002020,E0028,2024-03-12,Present
A005810,E0085,11/13/2024,Present
A000869,E0013,2023-12-05,Present
A006342,E0091,2024-12-10,Present
A000016,E0001,2023-11-02,Present
A006396,E0092,2024-09-25,T
A015132,E0228,2026-04-27,Present
A007173,E0100,2025-04-29,Present
A002920,E0041,2023-10-03,Present
A008879,E0126,2024-10-22,Present
A012390,E0193,2025-12-11,Present
A009059,E0128,2025-03-06,Present
A015188,E0228,2026-08-03,Present
A006134,E0089,2024-10-24,Present
A009750,E0138,2025-04-29,Present
A008372,E0118,2025-02-04,Present
A011785,E0184,2026-03-03,Present
A003746,E0050,2024-06-27,Present
A009712,E0138,2024-11-21,Present
A004046,E0055,2024-01-18,T
A006686,E0095,2024-10-15,Excused
A012125,E0189,2025-12-09,Present
A010735,E0168,2025-09-30,Present
A012437,E0194,2025-09-09,Present
A002901,E0040,2024-05-02,Present
A004833,E0065,2024-04-11,Present
A001852,E0026,2024-01-09,Present
A008542,E0120,05/06/2025,P
A013004,E0201,2026-05-14,Present
A002806,E0039,2024-02-20,Absent
A014672,E0222,05/07/2026,Present
A010798,E0168,2026-06-04,Present
A005652,E0083,2025-01-21,Present
A009069,E0128,04/10/2025,present
A014737,E0222,08/31/2026,Present
A008455,E0119,2025-03-11,Present
A003209,E0044,2024-05-30,Present
A008803,E0124,2025-05-29,Present
A005665,E0084,2024-08-14,P
A002797,E0039,2024-01-18,Present
A004562,E0060,2024-05-02,Present
A007933,E0112,2024-12-05,Present
A000084,E0002,10/10/2023,Absent
A010510,E0159,06/24/2025,Present
A005050,E0071,2024-02-13,Present
A009936,E0141,2024-12-17,Present
A010937,E0171,2025-12-02,Present
A013769,E0211,2026-08-31,Present
A001003,E0015,2023-10-03,Present
A007133,E0100,2024-11-14,Present
A005702,E0084,2024-10-17,Tardy
A012603,E0196,2025-12-02,Present
A007342,E0103,2024-10-10,Present
A002299,E0032,02/22/2024,Present
A007445,E0104,2025-02-11,Present
A006591,E0094,2024-10-10,Present
A000536,E0008,2023-12-12,Present
A002677,E0037,2024-03-05,Present
A001483,E0021,01/30/2024,Present
A005567,E0082,02/04/2025,PRESENT
A010543,E0161,2025-07-02,Present
A003509,E0048,04/24/2024,PRESENT
A002202,E0031,2023-09-28,Present
A003270,E0045,2024-04-18,Present
A011593,E0181,2025-09-16,Present
A001484,E0021,2024-02-01,P
A012228,E0190,2026-04-09,PRESENT
A010987,E0172,2025-09-09,Present
A010509,E0159,2025-06-23,Present
A011014,E0172,2025-12-18,present
A007019,E0098,2025-02-05,Present
A008820,E0125,2024-10-22,Absent
A008741,E0124,2024-10-01,Present
A007574,E0106,2024-12-03,Present
A012013,E0187,2026-04-21,Present
A001859,E0026,2024-02-01,Present
A014089,E0215,2026-07-06,Present
A000248,E0004,2023-12-05,Present
A013778,E0211,2026-09-15,Tardy
A014170,E0216,2026-06-23,P
A012710,E0197,2026-04-23,Present
A011993,E0187,2026-02-03,Present
A013974,E0214,2026-05-19,Tardy
A004368,E0058,2024-02-27,Present
A004342,E0058,2024-01-11,Present
A003955,E0053,2024-01-16,Present
A014045,E0215,2026-04-20,Present
A007272,E0102,2024-10-22,Present
A008899,E0126,2025-01-16,Present
A002168,E0030,03/05/2024,Present
A011051,E0173,2026-02-03,Present
A006559,E0094,2024-08-15,Present
A002663,E0037,2024-01-16,Present
A013805,E0212,2026-06-01,Present
A002482,E0035,2023-09-14,Present
A009545,E0136,2024-09-10,Present
A008949,E0127,2024-10-10,Present
A000873,E0013,2023-12-19,Present
A010712,E0167,2025-12-18,Present
A010149,E0144,2024-11-19,Present
A011757,E0184,2025-11-04,Present
A000136,E0002,2024-04-25,P
A003112,E0043,2024-03-12,Excused
A004011,E0054,03/12/2024,Present
A006221,E0090,10/15/2024,Present
A006818,E0096,2025-01-09,Present
A001044,E0015,03/07/2024,Present
A011259,E0176,01/06/2026,Present
A001086,E0016,2023-10-31,Present
A014021,E0214,2026-08-10,Present
A002999,E0042,10/17/2023,Present
A004047,E0055,2024-01-22,Present
A008421,E0119,2024-10-24,Present
A008611,E0122,2024-12-03,Present
A002113,E0029,2024-05-16,Present
A001352,E0019,2024-04-04,Present
A011166,E0175,2025-10-02,Present
A008441,E0119,2025-01-21,Present
A000867,E0013,2023-11-21,Abs
A013378,E0207,2025-09-25,present
A010732,E0168,2025-09-18,Excused
A000275,E0004,2024-03-14,Tardy
A011401,E0178,2025-12-16,Present
A005666,E0084,2024-08-15,Present
A001148,E0017,2023-09-14,Present
A008116,E0115,2024-09-10,Present
A004227,E0056,06/13/2024,present
A002727,E0038,2023-11-30,Tardy
A006246,E0090,2024-12-04,Present
A006110,E0089,2024-09-12,Present
A009301,E0132,2025-03-13,Present
A011540,E0180,2025-11-20,Absent
A010080,E0143,2024-12-10,PRESENT
A001905,E0027,2023-10-10,Tardy
A000834,E0012,05/02/2024,Present
A006320,E0091,2024-10-24,Present
A013061,E0202,2026-03-17,Present
A015081,E0227,2026-06-30,Present
A003523,E0048,2024-05-20,Present
A014864,E0224,2026-06-04,Present
A001176,E0017,2024-01-04,Present
A014507,E0220,2026-05-27,Present
A011498,E0179,2026-03-26,Present
A013406,E0207,2026-01-22,Present
A012464,E0194,2025-12-18,Present
A008750,E0124,10/31/2024,Present
A003647,E0049,2024-07-01,Present
A009055,E0128,2025-02-20,Present
A003315,E0046,2024-01-09,present
A004439,E0059,2024-03-19,Present
A003964,E0053,2024-01-31,Excused
A008608,E0122,2024-11-14,Present
A005959,E0087,2024-09-10,Present
A001198,E0017,2024-03-21,Present
A000430,E0006,2024-04-02,Present
A009114,E0129,01/02/2025,Present
A014356,E0218,2026-07-09,Present
A007343,E0103,2024-10-15,Present
A008487,E0120,2024-10-01,Present
A008129,E0115,2024-10-24,Present
A002705,E0037,2024-06-13,Present
A012509,E0195,2025-09-09,Present
A007647,E0107,2025-06-10,Present
A010320,E0146,2025-03-04,Absent
A011157,E0174,2026-06-09,Present
A001965,E0027,2024-05-23,Present
A006791,E0096,2024-11-05,Excused
A006445,E0092,2025-01-08,Present
A013016,E0202,2025-09-18,Present
A004388,E0058,2024-04-02,Absent
A004607,E0061,2024-01-23,Present
A000300,E0004,2024-06-13,Tardy
A002110,E0029,05/07/2024,Present
A003475,E0048,2024-02-20,PRESENT
A004316,E0057,05/27/2024,Present
A004744,E0063,2024-03-05,Present
A003373,E0046,2024-04-24,Present
A005122,E0072,2024-06-11,Present
A007531,E0105,2025-03-27,Present
A005768,E0085,2024-09-02,Present
A010714,E0167,01/08/2026,Present
A011251,E0176,2025-11-18,Present
A014876,E0225,2026-04-20,Present
A001191,E0017,2024-02-27,Present
A005405,E0080,2024-02-27,Present
A008474,E0119,2025-05-22,Tardy
A005014,E0070,2024-02-22,Present
A000120,E0002,2024-02-27,Present
A005466,E0081,2024-05-16,Present
A007633,E0107,2025-04-22,Present
A006225,E0090,2024-10-22,Absent
A007757,E0109,01/28/2025,Present
A001724,E0024,2024-03-26,Present
A005835,E0085,2025-01-15,Present
A006890,E0097,11/14/2024,Present
A014968,E0226,2026-04-27,Present
A012411,E0193,2026-03-10,Present
A004149,E0056,2024-01-24,Present
A012051,E0188,2025-12-02,Present
A005679,E0084,2024-09-09,Present
A003252,E0045,2024-03-13,Present
A011078,E0173,2026-05-14,Present
A005660,E0083,2025-02-04,Present
A005933,E0086,2025-01-23,Present
A000377,E0006,09/14/2023,P
A011689,E0183,2025-11-18,P
A014448,E0219,2026-07-16,Absent
A000705,E0011,2023-10-10,Present
A011433,E0178,04/28/2026,present
A014661,E0222,04/20/2026,Present
A013760,E0211,08/13/2026,Present
A006625,E0094,2024-12-17,Present
A003653,E0050,2024-01-11,Excused
A010546,E0161,07/08/2025,Present
A005726,E0084,2024-12-05,Present
A003636,E0049,2024-06-11,
A007043,E0099,2024-09-18,Present
A001451,E0021,2023-09-26,Present
A006429,E0092,2024-11-21,P
A009254,E0132,2024-09-12,Present
A002338,E0033,2023-10-05,Present
A013735,E0211,2026-07-01,P
A009940,E0141,2025-01-09,Present
A011237,E0176,2025-09-30,present
A006346,E0091,2024-12-17,Present
A005039,E0070,2024-05-23,Present
A005793,E0085,10/15/2024,Present
A005514,E0082,2024-10-15,Present
A004448,E0059,2024-04-03,Tardy
A010451,E0154,2025-02-19,Present
A005461,E0081,2024-04-30,Present
A001935,E0027,2024-02-06,Present
A006132,E0089,2024-10-22,Excused
A001635,E0023,02/06/2024,Present
A004581,E0060,2024-06-05,Present
A003249,E0045,2024-03-07,Present
A001431,E0020,04/23/2024,Present
A013074,E0202,2026-05-07,Present
A012414,E0193,2026-03-19,present
A005454,E0081,2024-04-02,Present
A008944,E0127,2024-09-24,Excused
A010218,E0145,2024-11-05,Present
A007389,E0103,04/10/2025,Tardy
A007927,E0112,2024-11-07,Present
A012775,E0198,2026-03-24,Present
A009083,E0128,2025-06-05,Present
A002381,E0033,2024-03-19,Tardy
A000034,E0001,2024-01-18,Present
A013979,E0214,2026-05-27,P
A011316,E0177,2025-10-23,PRESENT
A004202,E0056,2024-05-01,Present
A011647,E0182,2025-10-21,Present
A012613,E0196,2026-01-20,Present
A012805,E0199,2025-10-07,Present
A005988,E0087,2024-10-30,PRESENT
A013740,E0211,2026-07-09,Present
A012030,E0188,09/11/2025,Present
A001298,E0019,2023-09-14,Present
A007921,E0112,10/17/2024,Excused
A012673,E0197,2025-11-18,Present
A008640,E0122,03/25/2025,Present
A011485,E0179,2026-02-10,Present
A002860,E0040,11/30/2023,Present
A000909,E0013,2024-05-02,Present
A004140,E0056,2024-01-09,P
A012010,E0187,2026-04-02,Present
A012382,E0193,2025-11-06,Present
A014857,E0224,2026-05-25,Present
A010729,E0168,2025-09-09,Present
A010623,E0166,2025-10-14,Tardy
A006202,E0090,2024-09-11,Present
A012635,E0196,2026-04-07,Present
A010770,E0168,2026-02-19,Present
A003442,E0047,2024-02-26,PRESENT
A012868,E0199,06/11/2026,Present
A000112,E0002,2024-01-30,present
A003899,E0052,2024-04-02,Present
A001702,E0024,2024-01-09,Present
A001784,E0025,02/01/2024,Present
A009285,E0132,2025-01-16,Present
A005684,E0084,09/17/2024,Present
A009499,E0135,2024-12-19,Tardy
A000979,E0014,2024-04-11,Present
A015107,E0227,2026-08-13,Tardy
A003834,E0051,2024-06-06,Present
A013184,E0204,2025-12-18,Present
A013152,E0203,2026-05-28,Present
A009973,E0141,2025-05-13,Present
A007579,E0107,09/19/2024,Present
A004503,E0060,2024-01-16,Present
A004591,E0060,2024-06-24,Present
A014097,E0215,2026-07-20,Present
A014005,E0214,2026-07-13,Abs
A008128,E0115,2024-10-22,Present
A009616,E0136,2025-06-10,Present
A001409,E0020,02/01/2024,Present
A003016,E0042,2023-12-21,Present
A009491,E0135,2024-11-14,Present
A010855,E0170,2025-10-21,Present
A005724,E0084,2024-12-03,Present
A003448,E0047,03/06/2024,Absent
A007320,E0102,2025-05-01,Present
A006195,E0090,2024-08-29,Present
A013976,E0214,2026-05-21,P
A013359,E0206,2026-04-28,Present
A013537,E0209,2026-05-25,Present
A014992,E0226,2026-06-08,Present
A001615,E0023,11/14/2023,Present
A014397,E0219,2026-04-20,Present
A009728,E0138,02/04/2025,Present
A010893,E0170,2026-03-24,Present
A000397,E0006,2023-11-30,Present
A003102,E0043,2024-02-06,Present
A008118,E0115,2024-09-17,Present
A007564,E0106,2024-10-22,Present
A002367,E0033,2024-01-30,Present
A003681,E0050,2024-02-29,Tardy
A008447,E0119,02/11/2025,Present
A007774,E0110,10/15/2024,Excused
A009536,E0135,2025-05-15,Present
A001600,E0023,2023-09-21,Tardy
A003690,E0050,2024-03-18,Present
A002684,E0037,2024-03-28,Present
A000818,E0012,2024-03-05,Present
A004456,E0059,2024-04-23,Tardy
A012141,E0189,2026-02-17,Present
A009437,E0134,2025-02-06,Present
A002563,E0036,10/05/2023,Tardy
A000217,E0003,2024-05-16,present
A007766,E0110,2024-09-17,Present
A014194,E0216,2026-08-04,Present
A006212,E0090,2024-09-30,Excused
A013260,E0205,2026-01-15,Present
A013617,E0210,05/11/2026,present
A003503,E0048,2024-04-09,Present
A003291,E0045,05/27/2024,Present
A014123,E0215,2026-09-02,Present
A007703,E0108,2025-04-03,Present
A000612,E0009,2023-12-14,Absent
A001513,E0021,2024-05-16,Present
A014889,E0225,2026-05-12,Present
A011176,E0175,2025-11-06,Present
A006873,E0097,10/16/2024,Present
A007457,E0104,2025-03-25,Present
A002484,E0035,2023-09-21,Present
A009512,E0135,02/13/2025,Present
A012837,E0199,2026-02-17,Present
A014896,E0225,2026-05-25,Present
A006868,E0097,2024-10-08,Tardy
A003920,E0052,2024-05-14,Present
A013960,E0214,2026-04-23,Tardy
A002885,E0040,2024-03-05,Present
A009082,E0128,2025-06-03,Present
A014919,E0225,2026-07-02,Present
A000764,E0011,2024-05-21,Present
A008748,E0124,10/24/2024,Present
A010408,E0150,2025-02-24,Present
A006555,E0093,2025-02-06,Present
A010010,E0142,2024-12-19,Present
A010865,E0170,2025-12-02,Present
A002519,E0035,2024-02-06,PRESENT
A014728,E0222,2026-08-13,Present
A002391,E0033,2024-04-25,Present
A003956,E0053,2024-01-17,Excused
A011145,E0174,2026-04-28,Present
A009723,E0138,2025-01-16,Present
A003022,E0042,01/18/2024,Present
A001622,E0023,2023-12-14,Present
A013978,E0214,2026-05-26,Present
A008724,E0123,2025-05-08,Present
A009975,E0141,2025-05-20,present
A003426,E0047,2024-01-29,excused
A002478,E0034,2024-06-06,Present
A012641,E0196,05/05/2026,Present
A003502,E0048,04/08/2024,P
A005431,E0080,2024-05-30,Present
A013895,E0213,06/03/2026,Present
A012671,E0197,11/11/2025,Present
A013583,E0209,2026-08-12,Present
A002817,E0039,2024-03-28,PRESENT
A007067,E0099,10/30/2024,Absent
A008814,E0125,2024-10-01,Present
A007690,E0108,2025-02-18,Present
A008143,E0115,2024-12-19,
A009707,E0138,2024-11-05,Present
A006878,E0097,2024-10-24,Present
A011479,E0179,2026-01-20,Present
A008615,E0122,2024-12-17,Present
A014777,E0223,2026-06-08,Present
A003652,E0050,2024-01-10,Present
A000654,E0009,2024-05-21,Present
A006453,E0092,2025-01-22,Present
A007525,E0105,2025-03-06,Present
A004193,E0056,2024-04-10,present
A003206,E0044,2024-05-21,Present
A013851,E0212,2026-08-19,Present
A004820,E0065,2024-02-27,Present
A013373,E0207,2025-09-09,Present
A015181,E0228,2026-07-21,Present
A014476,E0219,2026-09-03,Present
A014739,E0222,09/02/2026,Absent
A000480,E0007,2024-02-22,Present
A008356,E0118,11/21/2024,Present
A003469,E0048,2024-02-08,Present
A006926,E0097,2025-02-05,Present
A000104,E0002,01/02/2024,Present
A001158,E0017,2023-10-19,Present
A010872,E0170,01/08/2026,Present
A008808,E0125,2024-09-10,Present
A001384,E0020,2023-10-24,Present
A011617,E0181,2025-12-16,Present
A004514,E0060,2024-02-05,Present
A011098,E0174,2025-10-16,Present
A007783,E0110,11/14/2024,Present
A011784,E0184,2026-02-26,Present
A003753,E0051,2024-01-11,Present
A000648,E0009,2024-04-30,Present
A013654,E0210,2026-07-14,Present
A014016,E0214,2026-07-30,Present
A011255,E0176,2025-12-09,Present
A014689,E0222,2026-06-08,Present
A013856,E0212,2026-08-27,Present
A001458,E0021,2023-10-19,Present
A012008,E0187,2026-03-26,Present
A012059,E0188,2026-01-13,Present
A006483,E0093,2024-09-16,Present
A013655,E0210,2026-07-15,Present
A010166,E0144,2025-02-04,Present
A003616,E0049,2024-05-07,Present
A000884,E0013,2024-02-01,Excused
A007021,E0099,2024-08-12,Present
A000544,E0008,01/16/2024,Present
A014436,E0219,2026-06-25,Present
A005858,E0086,2024-08-27,Present
A014918,E0225,2026-07-01,Present
A005119,E0072,2024-05-30,Present
A004190,E0056,04/04/2024,Present
A007637,E0107,2025-05-06,Present
A003528,E0048,2024-05-28,P
A006370,E0092,2024-08-12,Present
A000742,E0011,02/29/2024,Present
A009159,E0130,2024-09-10,Present
A005647,E0083,2025-01-13,Present
A005791,E0085,2024-10-10,Present
A012717,E0197,2026-05-19,Present
A002145,E0030,12/07/2023,Present
A001881,E0026,2024-04-23,Present
A011526,E0180,2025-10-02,Present
A009203,E0130,2025-02-27,Present
A013462,E0208,2025-11-06,Present
A000334,E0005,2024-01-18,Present
A007960,E0112,2025-03-20,Tardy
A011826,E0185,2025-10-23,Present
A002287,E0032,2024-01-11,Present
A010093,E0143,2025-02-04,Present
A000715,E0011,2023-11-14,present
A003345,E0046,2024-02-29,Present
A004437,E0059,2024-03-14,Present
A006007,E0087,2024-12-10,Present
A004194,E0056,2024-04-11,Present
A014617,E0221,2026-07-06,Present
A003387,E0046,2024-05-20,Present
A003064,E0043,2023-09-12,excused
A004451,E0059,2024-04-09,Present
A012832,E0199,2026-01-29,Present
A004238,E0056,07/03/2024,Present
A012899,E0200,2026-01-13,Present
A014483,E0219,2026-09-16,A
A000840,E0012,2024-05-23,Present
A013269,E0205,2026-02-17,Present
A010947,E0171,2026-01-20,P
A010337,E0146,2025-05-08,Present
A005981,E0087,10/17/2024,Present
A004878,E0066,05/07/2024,Tardy
A006026,E0087,2025-01-23,Present
A003838,E0051,2024-06-13,Present
A008392,E0118,04/22/2025,Present
A007277,E0102,2024-11-07,Present
A014522,E0220,2026-06-23,Present
A000745,E0011,2024-03-12,Present
A001966,E0027,2024-05-28,Present
A005715,E0084,11/11/2024,Present
A009718,E0138,2024-12-19,Present
A001143,E0016,06/04/2024,Present
A010229,E0145,12/19/2024,Present
A002994,E0042,2023-09-28,Present
A001207,E0017,2024-04-25,Present
A008490,E0120,2024-10-10,Present
A014541,E0220,2026-07-27,Present
A014909,E0225,2026-06-16,Present
A013130,E0203,2026-03-05,Present
A011419,E0178,2026-03-03,Present
A003324,E0046,2024-01-24,Present
A008332,E0117,2025-06-05,Present
A000531,E0008,2023-11-16,Present
A010631,E0166,11/11/2025,Present
A007020,E0098,2025-02-06,Present
A005262,E0076,2024-04-11,Present
A006833,E0096,2025-02-05,Excused
A008978,E0127,2025-02-06,Present
A009572,E0136,12/19/2024,Present
A002526,E0035,2024-02-29,Present
A010843,E0170,2025-09-09,Present
A007224,E0101,2025-02-04,Absent
A009058,E0128,2025-03-04,Present
A011075,E0173,2026-05-05,present
A012231,E0190,2026-04-28,Present
A013433,E0207,2026-05-05,Present
A006707,E0095,2024-11-20,Excused
A013155,E0203,2026-06-09,Present
A002413,E0034,2023-10-05,Present
A003711,E0050,2024-04-29,Present
A005026,E0070,2024-04-04,present
A013220,E0204,05/14/2026,P
A011171,E0175,2025-10-21,PRESENT
A008016,E0113,03/06/2025,Present
A012522,E0195,2025-10-23,Present
A012869,E0200,2025-09-09,Present
A004897,E0067,2024-02-22,Present
A005884,E0086,10/10/2024,PRESENT
A006978,E0098,2024-11-06,Present
A013752,E0211,2026-07-30,Present
A009415,E0134,2024-11-05,Present
A006537,E0093,2025-01-07,Present
A013166,E0204,2025-10-09,Present
A013230,E0205,2025-09-11,Present
A002118,E0029,2024-06-04,Present
A004837,E0065,04/30/2024,Present
A011834,E0185,2025-11-20,Present
A015137,E0228,2026-05-05,Tardy
A011008,E0172,2025-11-20,Present
A012609,E0196,2026-01-06,PRESENT
A001184,E0017,2024-02-01,Present
A011442,E0178,05/28/2026,Present
A002936,E0041,2023-12-05,Present
A002789,E0039,2023-12-14,Absent
A004557,E0060,2024-04-24,Present
A007582,E0107,10/01/2024,
A005251,E0076,2024-03-05,Present
A003692,E0050,2024-03-20,Present
A005897,E0086,11/04/2024,Late
A003593,E0049,2024-03-21,PRESENT
A004289,E0057,2024-04-03,Tardy
A012623,E0196,02/24/2026,Present
A003997,E0054,2024-02-15,Present
A007304,E0102,2025-02-27,Present
A008207,E0116,2024-11-12,Present
A000622,E0009,2024-01-25,Tardy
A014912,E0225,06/22/2026,Present
A015170,E0228,2026-07-01,Present
A005776,E0085,2024-09-16,Present
A005904,E0086,2024-11-14,Present
A011411,E0178,2026-02-03,Present
A003596,E0049,2024-03-27,Present
A004076,E0055,2024-03-12,Present
A009827,E0139,2025-05-13,present
A004605,E0061,01/18/2024,Present
A014596,E0221,2026-05-28,Present
A013707,E0211,2026-05-13,Present
A005949,E0087,2024-08-22,P
A006495,E0093,2024-10-07,Present
A011900,E0186,2025-10-30,Present
A011209,E0175,03/24/2026,Present
A008627,E0122,2025-02-06,Present
A014067,E0215,2026-05-27,Excused
A000186,E0003,2024-01-25,Present
A015180,E0228,2026-07-20,Present
A013027,E0202,2025-10-28,Present
A012685,E0197,2026-01-20,Present
A008415,E0119,2024-10-03,Present
A014931,E0225,2026-07-23,Present
A006096,E0089,2024-08-20,Present
A004392,E0058,2024-04-09,Present
A006731,E0095,2025-01-21,P
A010145,E0144,2024-11-05,Present
A009635,E0137,2024-11-07,Present
A006278,E0091,08/13/2024,Present
A006995,E0098,2024-12-12,Present
A003670,E0050,2024-02-12,Present
A012215,E0190,2026-02-24,Present
A014647,E0221,2026-08-26,Present
A009669,E0137,2025-03-25,Present
A004360,E0058,2024-02-13,Present
A009685,E0137,2025-05-27,Present
A004992,E0069,2024-04-25,Present
A008084,E0114,2025-02-18,Present
A013575,E0209,2026-07-29,Present
A001595,E0022,2024-06-11,Present
A002535,E0035,2024-04-02,Tardy
A014126,E0215,09/08/2026,Present
A008098,E0114,2025-04-08,Present
A009553,E0136,2024-10-08,Present
A013146,E0203,2026-05-07,Present
A000677,E0010,2023-11-02,Present
A008773,E0124,2025-02-06,Present
A012770,E0198,2026-03-05,Present
A013517,E0209,2026-04-20,Present
A004755,E0063,04/11/2024,Present
A000922,E0014,09/12/2023,Present
A014341,E0218,2026-06-15,Present
A001183,E0017,01/30/2024,Present
A012070,E0188,2026-02-19,Present
A013638,E0210,2026-06-16,Present
A012983,E0201,2026-02-24,Present
A000222,E0003,2024-06-04,Present
A000559,E0008,2024-03-07,Present
A007111,E0099,02/04/2025,Present
A001328,E0019,2024-01-11,Present
A009240,E0131,2024-10-08,Present
A002457,E0034,2024-03-21,Present
A007758,E0109,01/30/2025,Absent
A013158,E0204,2025-09-11,present
A003510,E0048,2024-04-25,Present
A014788,E0223,06/25/2026,Present
A010633,E0166,2025-11-18,present
A014342,E0218,2026-06-16,Present
A011413,E0178,2026-02-10,Present
A002332,E0033,2023-09-14,Present
A008843,E0125,2025-01-28,Present
A014199,E0216,2026-08-12,Present
A002550,E0035,2024-05-28,Present
A007189,E0101,2024-09-17,Present
A000579,E0008,2024-05-21,Present
A011095,E0174,2025-10-07,present
A013644,E0210,2026-06-25,Present
A013880,E0213,2026-05-07,Present
A014868,E0224,2026-06-11,Present
A011729,E0183,2026-05-05,Present
A003781,E0051,2024-02-29,PRESENT
A001666,E0023,05/28/2024,Present
A007614,E0107,02/06/2025,Present
A006648,E0094,2025-02-06,present
A002583,E0036,2023-12-21,Present
A008519,E0120,2025-02-06,Present
A012477,E0194,2026-02-17,Present
A004105,E0055,2024-05-07,Present
A000725,E0011,2024-01-02,Absent
A002895,E0040,2024-04-09,P
A006661,E0095,2024-09-02,Excused
A011933,E0186,03/17/2026,Present
A001154,E0017,2023-10-05,Present
A009625,E0137,2024-10-03,Present
A010221,E0145,2024-11-14,Present
A008255,E0116,05/22/2025,Tardy
A000448,E0007,10/19/2023,Present
A001792,E0025,2024-02-29,Present
A005016,E0070,2024-02-29,Present
A007248,E0101,2025-05-06,present
A014544,E0220,2026-07-30,Present
A006085,E0088,2024-11-06,Present
A011337,E0177,01/27/2026,Present
A000945,E0014,2023-12-07,Present
A002169,E0030,03/07/2024,Present
A007763,E0109,02/18/2025,Excused
A004247,E0057,2024-01-22,Present
A002334,E0033,2023-09-21,present
A007200,E0101,2024-10-24,Tardy
A000876,E0013,2024-01-04,Present
A004547,E0060,2024-04-02,Present
A004554,E0060,04/18/2024,Present
A010663,E0166,2026-03-24,Present
A007765,E0110,2024-09-12,Present
A001316,E0019,2023-11-16,Present
A005141,E0073,03/28/2024,Present
A011967,E0187,2025-10-14,Present
A007572,E0106,2024-11-19,Present
A004732,E0062,2024-03-06,P
A004680,E0061,2024-06-04,Present
A003276,E0045,2024-04-30,Present
A009850,E0140,10/24/2024,Present
A013134,E0203,2026-03-19,Present
A004258,E0057,02/08/2024,Present
A008170,E0115,2025-04-03,Present
A004871,E0066,2024-04-09,Present
A014718,E0222,2026-07-28,Excused
A009628,E0137,2024-10-15,Present
A009056,E0128,02/25/2025,Present
A004862,E0066,03/07/2024,Present
A002134,E0030,2023-10-24,Present
A012075,E0188,2026-03-10,Present
A006735,E0095,2025-01-28,Present
A001627,E0023,2024-01-09,Present
A013424,E0207,2026-03-26,P
A009002,E0127,2025-05-08,Present
A001238,E0018,2023-11-07,Present
A005152,E0073,2024-05-09,present
A007337,E0103,2024-09-24,Present
A008423,E0119,2024-10-31,Present
A008702,E0123,02/13/2025,Tardy
A014434,E0219,2026-06-23,Excused
A014575,E0221,2026-04-22,Present
A014380,E0218,2026-08-20,Present
A003563,E0049,2024-01-30,Present
A001356,E0019,2024-04-23,Present
A000980,E0014,2024-04-18,Present
A010658,E0166,03/05/2026,Tardy
A006909,E0097,2025-01-07,Present
A001098,E0016,2023-12-19,Present
A004937,E0068,2024-02-27,Present
A001019,E0015,2023-12-05,Present
A004973,E0069,2024-02-15,Tardy
A013589,E0209,2026-08-24,Present
A001706,E0024,01/23/2024,Present
A003466,E0048,2024-02-05,Present
A010899,E0170,2026-04-21,Present
A013203,E0204,2026-03-10,Present
A015092,E0227,2026-07-20,Excused
A004253,E0057,2024-01-31,Present
A002076,E0029,2024-01-04,Present
A003624,E0049,2024-05-21,P
A014828,E0223,09/03/2026,Present
A006250,E0090,2024-12-11,Tardy
A009856,E0140,2024-11-14,Present
A011772,E0184,2026-01-15,Present
A007542,E0105,05/13/2025,Present
A004131,E0055,2024-06-20,Present
A002068,E0029,2023-11-30,Present
A003709,E0050,2024-04-24,Present
A001509,E0021,2024-05-02,Present
A014693,E0222,2026-06-15,Present
A002716,E0038,2023-10-17,Tardy
A006316,E0091,2024-10-17,Present
A011644,E0182,10/09/2025,Present
A001567,E0022,2024-02-29,Present
A005939,E0086,2025-02-04,Present
A005023,E0070,03/26/2024,Present
A001603,E0023,2023-10-03,Present
A000322,E0005,11/30/2023,Present
A004668,E0061,2024-05-14,Present
A003070,E0043,2023-10-03,Present
A004398,E0059,2024-01-08,present
A009150,E0129,05/15/2025,Present
A006662,E0095,2024-09-03,Present
A010515,E0159,07/02/2025,PRESENT
A013794,E0212,2026-05-12,Present
A008301,E0117,2025-02-11,Present
A011571,E0180,2026-03-31,Present
A005564,E0082,01/29/2025,Present
A012236,E0190,2026-05-14,Present
A012984,E0201,02/26/2026,Present
A000264,E0004,2024-02-06,Present
A008010,E0113,2025-02-13,PRESENT
A011159,E0175,2025-09-09,Present
A013272,E0205,2026-02-26,Present
A010651,E0166,02/10/2026,Present
A010216,E0145,2024-10-29,Present
A006467,E0093,2024-08-19,Present
A002754,E0038,2024-03-12,Present
A012161,E0189,2026-05-05,Present
A012194,E0190,11/20/2025,PRESENT
A007509,E0105,2025-01-09,Present
A008539,E0120,04/24/2025,Present
A005051,E0071,2024-02-15,Present
A000132,E0002,2024-04-09,present
A011268,E0176,02/05/2026,Present
A014888,E0225,2026-05-11,Present
A007384,E0103,2025-03-25,PRESENT
A012106,E0189,2025-09-25,Present
A005082,E0071,2024-06-06,Present
A002928,E0041,2023-10-31,Present
A002092,E0029,2024-02-29,Present
A002997,E0042,2023-10-10,Excused
A009051,E0128,2025-02-06,Present
A011980,E0187,2025-12-04,Present
A002620,E0036,2024-05-09,P
A001025,E0015,01/02/2024,Excused
A014573,E0221,2026-04-20,Present
A005782,E0085,2024-09-25,Present
A003060,E0042,2024-06-04,Present
A013414,E0207,2026-02-19,Present
A011921,E0186,2026-02-03,Present
A002930,E0041,2023-11-07,Present
A010839,E0169,2026-02-10,Present
A004882,E0066,2024-05-21,Present
A003695,E0050,03/26/2024,Present
A007090,E0099,2024-12-17,Present
A010297,E0146,12/03/2024,Present
A007839,E0111,09/17/2024,Present
A006046,E0088,08/29/2024,Present
A000111,E0002,2024-01-25,Present
A002443,E0034,2024-02-01,Present
A005484,E0082,2024-08-22,Present
A002523,E0035,2024-02-20,present
A009143,E0129,2025-04-22,Absent
A014018,E0214,2026-08-04,Present
A008123,E0115,2024-10-03,Present
A014471,E0219,2026-08-26,Present
A014127,E0215,2026-09-09,PRESENT
A009314,E0132,2025-05-06,Present
A007862,E0111,2024-12-12,Present
A008139,E0115,2024-12-05,Present
A004626,E0061,2024-02-26,Present
A004476,E0059,2024-05-28,Present
A005145,E0073,2024-04-11,Tardy
A003108,E0043,02/27/2024,Present
A013182,E0204,2025-12-11,P
A000968,E0014,2024-03-05,Present
A012949,E0201,2025-10-07,Present
A001946,E0027,2024-03-14,Present
A011908,E0186,2025-12-04,Present
A010810,E0169,2025-10-09,Present
A004630,E0061,2024-03-04,Absent
A000096,E0002,2023-11-21,Tardy
A015071,E0227,06/11/2026,Present
A004801,E0064,2024-05-09,Present
A002612,E0036,04/09/2024,Present
A006683,E0095,10/09/2024,Present
A002819,E0039,2024-04-04,Present
A014115,E0215,2026-08-19,Present
A000220,E0003,05/28/2024,Present
A008404,E0118,2025-06-03,Present
A000060,E0001,2024-04-23,Present
A014384,E0218,08/27/2026,Present
A002549,E0035,2024-05-23,Present
A014882,E0225,2026-04-29,Present
A013403,E0207,2026-01-13,Present
A013651,E0210,2026-07-08,Present
A007154,E0100,2025-02-13,Present
A014131,E0215,2026-09-16,P
A003044,E0042,2024-04-04,Present
A007284,E0102,2024-12-10,present
A000462,E0007,2023-12-14,Present
A011959,E0187,2025-09-16,PRESENT
A012732,E0198,2025-10-02,Present
A014358,E0218,2026-07-14,Present
A004686,E0061,2024-06-13,Present
A010336,E0146,2025-05-06,Present
A011737,E0183,2026-06-02,Present
A006609,E0094,2024-11-12,Present
A013005,E0201,2026-05-19,Present
A011428,E0178,04/02/2026,Present
A005021,E0070,2024-03-19,Present
A011461,E0179,10/28/2025,PRESENT
A000399,E0006,2023-12-07,Present
A007088,E0099,12/12/2024,present
A013586,E0209,2026-08-18,PRESENT
A008181,E0115,05/20/2025,Present
A002376,E0033,2024-02-29,Present
A005197,E0074,2024-05-30,present
A014136,E0216,2026-04-23,Present
A011615,E0181,2025-12-09,Present
A010552,E0162,2025-06-19,Present
A003211,E0044,2024-06-06,Absent
A006113,E0089,2024-09-18,Present
A006750,E0096,2024-08-26,P
A007795,E0110,2025-01-14,Present
A008689,E0123,12/19/2024,Present
A000331,E0005,2024-01-09,Present
A001787,E0025,2024-02-13,P
A000813,E0012,2024-02-15,Present
A001979,E0028,2023-10-05,Present
A001695,E0024,2023-12-07,Present
A000614,E0009,2023-12-21,Present
A001283,E0018,2024-04-30,Present
A008194,E0116,2024-09-26,Present
A014736,E0222,2026-08-27,Absent
A003644,E0049,2024-06-25,Present
A012472,E0194,01/29/2026,Tardy
A011575,E0180,2026-04-21,PRESENT
A010547,E0161,2025-07-09,P
A011626,E0181,2026-01-29,Present
A006001,E0087,2024-11-21,Tardy
A005207,E0075,02/15/2024,Present
A010491,E0158,2025-06-18,present
A004748,E0063,2024-03-19,Present
A003356,E0046,2024-03-20,present
A008621,E0122,2025-01-16,Tardy
A006391,E0092,2024-09-17,present
A011519,E0180,2025-09-09,Present
A007253,E0101,2025-05-22,Present
A003972,E0053,02/14/2024,Absent
A007376,E0103,02/25/2025,Present
A014306,E0217,2026-09-15,Present
A010896,E0170,2026-04-02,Present
A014818,E0223,2026-08-18,Present
A004650,E0061,2024-04-08,Present
A011331,E0177,2026-01-06,PRESENT
A002030,E0028,2024-04-18,Present
A011499,E0179,2026-03-31,A
A007956,E0112,2025-03-06,Present
A008804,E0124,06/03/2025,Present
A008095,E0114,2025-03-27,Present
A005435,E0080,2024-06-13,P
A007078,E0099,2024-11-19,Present
A000336,E0005,2024-01-25,Present
A008234,E0116,2025-03-04,Present
A005307,E0077,2024-05-07,Present
A004768,E0063,05/30/2024,P
A002693,E0037,2024-05-02,Present
A008273,E0117,2024-10-17,Present
A005922,E0086,01/06/2025,Present
A007718,E0108,2025-06-03,Excused
A004120,E0055,2024-06-03,Present
A009735,E0138,02/27/2025,Present
A008212,E0116,2024-12-05,Present
A010649,E0166,2026-02-03,Present
A007725,E0109,09/19/2024,Present
A014246,E0217,2026-06-02,Present
A004661,E0061,2024-05-01,Present
A008731,E0123,2025-06-03,Present
A002665,E0037,2024-01-23,Tardy
A003722,E0050,2024-05-16,Present
A004101,E0055,2024-04-30,Absent
A008495,E0120,10/29/2024,Present
A001732,E0024,04/25/2024,Absent
A002623,E0036,05/21/2024,Present
A004171,E0056,2024-03-04,Present
A012982,E0201,2026-02-19,Present
A002319,E0032,2024-05-07,Present
A014252,E0217,2026-06-11,Present
A013307,E0206,2025-09-30,Present
A009586,E0136,2025-02-18,Present
A001167,E0017,2023-11-21,Present
A001452,E0021,2023-09-28,Present
A003805,E0051,2024-04-11,Present
A002967,E0041,2024-03-28,Present
A006139,E0089,2024-11-04,Present
A012104,E0189,2025-09-18,present
A008218,E0116,2025-01-07,Present
A011014,E0172,2025-12-18,present
A005072,E0071,2024-05-02,present
A005889,E0086,2024-10-21,Present
A008252,E0116,2025-05-13,Present
A005398,E0079,2024-06-20,Present
A008407,E0118,2025-06-12,Present
A001944,E0027,2024-03-07,absent
A010444,E0154,2025-02-06,present
A007146,E0100,01/16/2025,Present
A013831,E0212,2026-07-15,Present
A006506,E0093,2024-10-24,Present
A011177,E0175,2025-11-11,Present
A001348,E0019,2024-03-21,Present
A003326,E0046,2024-01-29,Present
A000317,E0005,2023-11-07,Present
A010240,E0145,2025-02-06,Present
A004245,E0057,2024-01-17,Present
A008553,E0120,2025-06-12,Present
A001209,E0017,2024-05-02,P
A006651,E0095,2024-08-14,Present
A000425,E0006,2024-03-14,Present
A000555,E0008,2024-02-22,Present
A002993,E0042,09/26/2023,PRESENT
A001955,E0027,2024-04-18,Present
A008041,E0113,2025-06-10,Present
A009932,E0141,2024-12-03,Present
A001512,E0021,2024-05-14,Present
A013038,E0202,2025-12-11,Tardy
A008716,E0123,2025-04-03,Present
A009265,E0132,2024-10-22,Present
A012055,E0188,12/16/2025,Present
A014283,E0217,2026-08-05,Present
A005504,E0082,2024-09-26,Present
A009991,E0142,2024-10-08,Present
A005872,E0086,2024-09-19,Present
A003234,E0045,2024-02-12,Present
A005806,E0085,2024-11-06,Excused
A006052,E0088,2024-09-10,Present
A002597,E0036,2024-02-15,Present
A007591,E0107,2024-10-31,Present
A000574,E0008,05/02/2024,Present
A005929,E0086,2025-01-16,Present
A007360,E0103,12/19/2024,Present
A004818,E0065,2024-02-20,Present
A013541,E0209,06/01/2026,Present
A004112,E0055,2024-05-20,Present
A013610,E0210,2026-04-28,Present
A012241,E0190,2026-06-02,Present
A012670,E0197,2025-11-06,Present
A009804,E0139,02/13/2025,Present
A006518,E0093,2024-11-14,Present
A001584,E0022,2024-05-02,present
A000069,E0001,2024-05-23,Present
A014262,E0217,2026-06-30,Tardy
A009242,E0131,2024-10-15,PRESENT
A007959,E0112,2025-03-18,Present
A003648,E0049,2024-07-02,Absent
A007848,E0111,2024-10-17,Present
A007008,E0098,2025-01-16,E
A002456,E0034,2024-03-19,Excused
A001596,E0022,2024-06-13,Present
A003468,E0048,2024-02-07,Present
A011354,E0177,2026-03-26,Present
A014782,E0223,2026-06-16,Present
A004853,E0066,2024-02-06,Present
A009606,E0136,05/06/2025,Present
A012473,E0194,2026-02-03,Present
A000246,E0004,2023-11-21,Present
A003018,E0042,2024-01-04,Present
A010708,E0167,2025-12-04,Present
A003814,E0051,2024-05-02,Present
A008953,E0127,2024-10-24,present
A006558,E0094,2024-08-14,Present
A004345,E0058,2024-01-17,Present
A006628,E0094,2025-01-02,Present
A004098,E0055,2024-04-24,Present
A003801,E0051,2024-04-04,Present
A014287,E0217,2026-08-12,present
A000674,E0010,10/24/2023,Present
A006921,E0097,2025-01-28,Present
A013251,E0205,2025-12-02,Tardy
A003166,E0044,2023-12-21,Present
A007961,E0112,2025-03-25,Present
A010689,E0167,2025-09-23,Present
A004106,E0055,2024-05-08,Present
A003025,E0042,2024-01-30,P
A012672,E0197,2025-11-13,Present
A012860,E0199,05/14/2026,Present
A002426,E0034,2023-11-21,Present
A004696,E0061,2024-07-02,Absent
A012798,E0199,2025-09-11,Present
A003617,E0049,2024-05-08,Present
A006102,E0089,2024-08-29,Present
A004074,E0055,2024-03-07,Present
A011607,E0181,2025-11-04,Present
A008798,E0124,2025-05-13,Present
A003577,E0049,2024-02-22,Excused
A004352,E0058,2024-01-30,P
A005621,E0083,2024-11-07,present
A013160,E0204,09/18/2025,Tardy
A005246,E0076,2024-02-15,Present
A006462,E0092,2025-02-06,Present
A002518,E0035,02/01/2024,Present
A014794,E0223,2026-07-07,Present
A009321,E0132,05/29/2025,Present
A007421,E0104,2024-10-31,Present
A002037,E0028,2024-05-14,Present
A003066,E0043,2023-09-19,Excused
A012769,E0198,2026-03-03,Tardy
A009282,E0132,2025-01-07,Present
A003372,E0046,2024-04-23,Present
A013276,E0205,2026-03-12,Present
A008269,E0117,2024-10-03,Present
A014392,E0218,09/10/2026,Present
A001428,E0020,2024-04-09,Present
A011756,E0184,2025-10-30,Present
A008325,E0117,2025-05-13,Present
A001042,E0015,2024-02-29,
A007586,E0107,10/15/2024,PRESENT
A004515,E0060,2024-02-06,Present
A011161,E0175,2025-09-16,Present
A001414,E0020,2024-02-20,Present
A000115,E0002,2024-02-08,Present
A008527,E0120,03/06/2025,Present
A005891,E0086,2024-10-23,Present
A004217,E0056,2024-05-28,Present
A000231,E0004,09/28/2023,Excused
A008204,E0116,2024-10-31,Present
A012020,E0187,2026-05-14,Tardy
A013758,E0211,08/11/2026,Present
A002747,E0038,2024-02-15,Present
A003942,E0052,2024-06-20,Excused
A007615,E0107,2025-02-11,Tardy
A001521,E0021,2024-06-13,present
A013684,E0210,2026-09-03,Present
A004619,E0061,2024-02-13,Present
A000215,E0003,2024-05-09,Present
A011598,E0181,2025-10-02,Tardy
A014462,E0219,2026-08-11,Present
A007624,E0107,2025-03-13,Present
A007696,E0108,2025-03-11,Present
A006928,E0098,2024-08-12,Present
A004292,E0057,04/09/2024,Present
A002488,E0035,2023-10-05,Present
A008337,E0118,2024-09-17,Present
A004550,E0060,2024-04-08,Present
A008114,E0114,2025-06-10,present
A002183,E0030,04/30/2024,Present
A009641,E0137,12/05/2024,Absent
A003822,E0051,2024-05-16,Present
A013980,E0214,2026-05-28,present
A004337,E0057,2024-07-02,Present
A013777,E0211,2026-09-14,Present
A013438,E0207,2026-05-21,Present
A005187,E0074,04/25/2024,Present
A011635,E0182,2025-09-09,Present
A007293,E0102,2025-01-21,Present
A003116,E0043,2024-03-26,Present
A009241,E0131,2024-10-10,Present
A012721,E0197,2026-06-02,Present
A013540,E0209,2026-05-28,Present
A009007,E0127,05/27/2025,Present
A010261,E0145,2025-04-29,Present
A005373,E0079,2024-03-21,Present
A011651,E0182,2025-11-04,Tardy
A010055,E0142,2025-06-12,Present
A001499,E0021,2024-03-26,Absent
A006915,E0097,2025-01-16,Present
A010316,E0146,2025-02-18,Present
A009762,E0138,2025-06-10,Present
A004442,E0059,2024-03-25,Present
A006685,E0095,2024-10-14,Present
A013286,E0205,2026-04-23,Present
A013263,E0205,2026-01-27,PRESENT
A010224,E0145,2024-12-03,Absent
A009782,E0139,2024-11-12,Present
A006254,E0090,2024-12-18,Present
A002056,E0029,2023-10-12,Present
A011733,E0183,2026-05-19,Present
A002059,E0029,2023-10-24,present
A008671,E0123,2024-10-10,Present
A015108,E0227,2026-08-17,Present
A006051,E0088,2024-09-09,Present
A009175,E0130,2024-11-05,Present
A006335,E0091,2024-11-20,Tardy
A009676,E0137,2025-04-24,Present
A003705,E0050,2024-04-11,Present
A012965,E0201,2025-12-09,Present
A005550,E0082,2025-01-06,Present
A000484,E0007,2024-03-07,Excused
A015140,E0228,2026-05-11,Present
A003693,E0050,2024-03-21,Present
A012182,E0190,2025-10-09,Present
A006836,E0097,2024-08-13,Present
A009532,E0135,2025-05-01,Present
A004405,E0059,2024-01-18,A
A007878,E0111,2025-02-18,Present
A004985,E0069,2024-03-28,absent
A002985,E0041,06/04/2024,Present
A011979,E0187,2025-12-02,Present
A012148,E0189,2026-03-12,Present
A003080,E0043,2023-11-07,Absent
A002047,E0029,2023-09-12,Present
A004232,E0056,2024-06-24,Present
A012140,E0189,02/12/2026,Present
A004246,E0057,2024-01-18,Present
A015104,E0227,2026-08-10,present
A007196,E0101,2024-10-10,Present
A009971,E0141,2025-05-06,Present
A013922,E0213,2026-07-21,present
A002348,E0033,2023-11-09,Present
A006689,E0095,2024-10-21,Present
A011806,E0184,2026-05-21,Present
A004636,E0061,03/13/2024,Present
A014312,E0218,2026-04-23,Present
A009937,E0141,2024-12-19,Present
A012002,E0187,2026-03-05,Present
A004740,E0063,2024-02-20,Present
A001415,E0020,2024-02-22,Present
A000500,E0007,2024-05-07,Present
A000669,E0010,10/05/2023,Present
A009302,E0132,2025-03-18,Present
A008646,E0122,2025-04-22,Present
A003034,E0042,2024-02-29,Present
A006952,E0098,2024-09-23,Absent
A011660,E0182,2025-12-11,Absent
A007218,E0101,2025-01-14,PRESENT
A002486,E0035,2023-09-28,Present
A007249,E0101,2025-05-08,Present
A011645,E0182,2025-10-14,Present
A000304,E0005,2023-09-21,Present
A004936,E0068,02/22/2024,Present
A012210,E0190,2026-02-05,Present
A005894,E0086,2024-10-29,Absent
A001704,E0024,2024-01-16,Present
A010495,E0158,2025-06-25,Present
A011365,E0177,2026-05-12,Present
A005675,E0084,2024-09-02,Present
A005515,E0082,2024-10-16,Absent
A003947,E0052,2024-07-01,Present
A006424,E0092,2024-11-13,Present
A001043,E0015,2024-03-05,Present
A009290,E0132,02/04/2025,Present
A009407,E0134,2024-10-08,Present
A002925,E0041,2023-10-19,Present
A003207,E0044,2024-05-23,Tardy
A011858,E0185,2026-03-05,Present
A009426,E0134,2024-12-19,Present
A010796,E0168,05/28/2026,Present
A012073,E0188,2026-03-03,P
A009411,E0134,2024-10-22,P
A014691,E0222,2026-06-10,Present
A005763,E0085,2024-08-22,Present
A014064,E0215,2026-05-21,Tardy
A010627,E0166,2025-10-28,Present
A004216,E0056,2024-05-27,Present
A003493,E0048,2024-03-21,PRESENT
A010445,E0154,2025-02-10,P
A013387,E0207,2025-10-28,Present
A002700,E0037,2024-05-28,Present
A003419,E0047,2024-01-16,Present
A011404,E0178,2026-01-08,Tardy
A010420,E0152,2025-02-10,Excused
A001069,E0015,06/06/2024,Present
A010710,E0167,2025-12-11,Present
A003430,E0047,2024-02-05,P
A003144,E0044,2023-09-28,Present
A002471,E0034,2024-05-14,Present
A011881,E0185,2026-06-02,Absent
A014643,E0221,2026-08-19,Present
A010099,E0143,2025-02-25,Present
A000554,E0008,2024-02-20,Present
A009667,E0137,2025-03-18,Present
A004075,E0055,2024-03-11,Present
A013250,E0205,11/20/2025,Present
A008599,E0122,2024-10-15,Present
A005805,E0085,11/05/2024,Present
A002767,E0039,2023-09-21,Present
A009554,E0136,2024-10-10,Present
A003039,E0042,2024-03-19,Present
A008238,E0116,03/18/2025,Present
A003911,E0052,2024-04-29,Present
A009394,E0133,2025-05-29,Excused
A012579,E0195,2026-06-09,E
A007147,E0100,2025-01-21,Present
A014218,E0216,2026-09-15,Absent
A006331,E0091,11/13/2024,Present
A014463,E0219,2026-08-12,Present
A015045,E0227,2026-04-28,Present
A009627,E0137,2024-10-10,Present
A011309,E0177,2025-09-30,Present
A006595,E0094,2024-10-17,Present
A005432,E0080,06/04/2024,Present
A013522,E0209,2026-04-28,Excused
A000421,E0006,2024-02-29,Absent
A007607,E0107,2025-01-14,Present
A004275,E0057,2024-03-11,
A002996,E0042,2023-10-05,Present
A005081,E0071,2024-06-04,Present
A001497,E0021,2024-03-19,Present
A001048,E0015,2024-03-21,Present
A011911,E0186,2025-12-16,Present
A008940,E0127,2024-09-10,Present
A000857,E0013,2023-10-17,Present
A010074,E0143,2024-11-12,Present
A006886,E0097,11/07/2024,Present
A008405,E0118,2025-06-05,present
A003679,E0050,2024-02-27,Present
A008432,E0119,2024-12-10,Present
A009296,E0132,02/25/2025,Present
A007041,E0099,2024-09-16,Tardy
A005874,E0086,2024-09-24,Tardy
A005287,E0077,2024-02-22,Present
A010090,E0143,2025-01-23,Present
A001062,E0015,2024-05-14,Present
A009935,E0141,2024-12-12,Present
A003188,E0044,2024-03-14,Present
A001088,E0016,2023-11-07,Present
A009839,E0140,2024-09-17,Present
A010537,E0161,06/23/2025,Present
A000821,E0012,2024-03-14,Present
A001644,E0023,2024-03-07,Present
A007585,E0107,2024-10-10,Tardy
A008032,E0113,2025-05-08,present
A002632,E0037,2023-09-14,Present
A000108,E0002,2024-01-16,Present
A010591,E0164,2025-07-02,Present
A000368,E0005,2024-05-21,Present
A005869,E0086,2024-09-16,Present
A000417,E0006,2024-02-15,Present
A002421,E0034,11/02/2023,Tardy
A000730,E0011,2024-01-18,Present
A006260,E0090,2025-01-09,Absent
A003618,E0049,2024-05-09,Present
A006511,E0093,2024-11-04,Present
A007387,E0103,2025-04-03,Present
A011403,E0178,2026-01-06,Present
A009658,E0137,2025-02-13,Present
A015087,E0227,2026-07-09,Present
A002389,E0033,2024-04-18,Present
A012873,E0200,2025-09-23,Present
A003823,E0051,05/20/2024,Present
A004718,E0062,02/12/2024,Present
A008658,E0122,2025-06-03,Present
A005372,E0079,2024-03-19,Present
A011727,E0183,04/28/2026,Present
A000511,E0007,2024-06-13,Present
A000701,E0011,2023-09-26,Present
A010088,E0143,2025-01-16,Present
A011418,E0178,2026-02-26,PRESENT
A002629,E0036,2024-06-11,Present
A013077,E0202,2026-05-19,Present
A001278,E0018,2024-04-09,Present
A014926,E0225,2026-07-15,Present
A002031,E0028,2024-04-23,Present
A014456,E0219,07/30/2026,Present
A000040,E0001,2024-02-08,present
A001892,E0026,2024-05-30,Present
A004963,E0068,2024-05-30,Present
A009702,E0138,2024-10-17,Present
A004747,E0063,2024-03-14,Present
A010906,E0170,2026-05-14,Present
A004722,E0062,2024-02-19,Present
A013567,E0209,2026-07-15,Tardy
A002981,E0041,2024-05-21,Present
A005272,E0076,2024-05-21,Present
A009620,E0137,2024-09-17,Present
A001304,E0019,10/05/2023,Present
A000382,E0006,2023-10-03,Present
A015155,E0228,2026-06-04,Present
A012468,E0194,2026-01-15,Present
A000347,E0005,2024-03-05,present
A007748,E0109,12/17/2024,Excused
A008749,E0124,2024-10-29,Present
A012840,E0199,02/26/2026,Present
A000475,E0007,2024-02-06,Present
A015022,E0226,2026-07-29,Present
A009249,E0131,2024-11-07,Present
A001879,E0026,2024-04-11,Present
A014467,E0219,2026-08-19,Tardy
A004666,E0061,2024-05-09,Present
A000323,E0005,2023-12-05,Present
A011613,E0181,2025-12-02,present
A005221,E0075,2024-04-04,Present
A010759,E0168,2026-01-13,Present
A011630,E0181,2026-02-12,Present
A002755,E0038,2024-03-14,Present
A013449,E0208,2025-09-23,Present
A005863,E0086,2024-09-04,Present
A014683,E0222,2026-05-27,Present
A012423,E0193,2026-04-28,PRESENT
A003329,E0046,2024-02-01,Present
A000972,E0014,03/19/2024,Present
A003077,E0043,2023-10-26,Present
A014063,E0215,05/20/2026,Present
A004964,E0068,2024-06-04,Present
A004041,E0055,2024-01-10,Present
A009239,E0131,2024-10-03,Excused
A007976,E0113,2024-10-01,Present
A012969,E0201,2026-01-06,Present
A007137,E0100,12/05/2024,Present
A001202,E0017,04/04/2024,Present
A002728,E0038,2023-12-05,Present
A006419,E0092,2024-11-05,Present
A013446,E0208,2025-09-11,Present
A010840,E0169,2026-02-12,Present
A000037,E0001,01/30/2024,Tardy
A011385,E0178,2025-10-14,Present
A005609,E0083,2027-04-07,
A012307,E0192,2025-10-28,Present
A006957,E0098,2024-10-01,Excused
A012353,E0192,2026-05-05,Present
A007287,E0102,12/19/2024,Present
A008012,E0113,2025-02-20,Present
A003843,E0051,2024-06-24,Excused
A005525,E0082,2024-11-04,Present
A004844,E0065,2024-05-23,P
A005596,E0083,2024-09-25,Present
A013064,E0202,2026-03-26,Present
A003091,E0043,2023-12-21,P
A012545,E0195,2026-02-03,Present
A001289,E0018,2024-05-21,Tardy
A003032,E0042,2024-02-22,Present
A006614,E0094,2024-11-20,Present
A002978,E0041,2024-05-09,Present
A002401,E0033,2024-05-30,Present
A012778,E0198,2026-04-02,Present
A014869,E0224,2026-06-15,Present
A010084,E0143,2025-01-02,Present
A014418,E0219,2026-05-26,Present
A001747,E0025,2023-09-12,present
A004343,E0058,2024-01-15,present
A012616,E0196,2026-01-29,Present
A014832,E0223,09/10/2026,Present
A005682,E0084,2024-09-12,Present
A007896,E0111,2025-04-29,Present
A008822,E0125,2024-10-29,Present
A006931,E0098,2024-08-15,present
A012659,E0197,2025-09-30,Present
A003406,E0046,2024-06-20,Present
A010142,E0144,2024-10-24,Present
A014466,E0219,2026-08-18,Present
A012211,E0190,2026-02-10,Present
A003376,E0046,04/30/2024,Present
A014994,E0226,2026-06-10,Present
A011657,E0182,2025-12-02,Present
A002508,E0035,2023-12-21,Present
A011529,E0180,2025-10-14,Present
A008526,E0120,2025-03-04,Present
A014879,E0225,2026-04-23,Present
A000211,E0003,2024-04-25,Present
A013496,E0208,2026-03-26,Present
A001951,E0027,2024-04-02,Present
A009629,E0137,2024-10-17,Present
A000652,E0009,2024-05-14,Present
A002207,E0031,2023-10-17,present
A006730,E0095,2025-01-20,Tardy
A002616,E0036,04/25/2024,Present
A001397,E0020,2023-12-14,
A012831,E0199,01/27/2026,Present
A014419,E0219,2026-05-27,Present
A004709,E0062,01/25/2024,Present
A001671,E0023,06/13/2024,Present
A002321,E0032,05/14/2024,Present
A003496,E0048,03/27/2024,Present
A009751,E0138,2025-05-01,P
A009802,E0139,2025-02-06,Present
A007316,E0102,04/10/2025,Tardy
A001953,E0027,2024-04-09,Present
A008021,E0113,2025-03-25,Present
A012781,E0198,2026-04-21,Absent
A002938,E0041,2023-12-12,Present
A011136,E0174,2026-03-19,Tardy
A010915,E0171,2025-09-09,Present
A008362,E0118,2024-12-19,Present
A012632,E0196,2026-03-26,Present
A011777,E0184,2026-02-03,Present
A010402,E0150,2025-02-12,Absent
A008782,E0124,2025-03-11,PRESENT
A000485,E0007,2024-03-12,Present
A007086,E0099,2024-12-10,Present
A004788,E0064,2024-03-21,Present
A000899,E0013,2024-03-26,Present
A001733,E0024,2024-04-30,Present
A013776,E0211,2026-09-10,Present
A002614,E0036,2024-04-18,Present
A010932,E0171,2025-11-06,Present
A010979,E0171,2026-05-19,Present
A005217,E0075,2024-03-21,Present
A011032,E0173,11/06/2025,Present
A010047,E0142,2025-05-15,Present
A003821,E0051,05/15/2024,Present
A002641,E0037,2023-10-17,Present
A001251,E0018,2024-01-04,Present
A010869,E0170,2025-12-16,Present
A005932,E0086,2025-01-22,Present
A002436,E0034,2024-01-09,P
A005222,E0075,2024-04-09,Present
A012376,E0193,2025-10-16,Present
A002449,E0034,2024-02-22,Present
A013694,E0211,2026-04-21,P
A004951,E0068,2024-04-18,Present
A009420,E0134,2024-11-21,Present
A007989,E0113,2024-11-14,Present
A008926,E0126,2025-04-29,Absent
A002304,E0032,2027-04-07,
A013641,E0210,2026-06-22,Tardy
A005490,E0082,2024-09-03,Present
A006724,E0095,2025-01-08,Present
A000583,E0008,06/04/2024,Present
A012303,E0192,2025-10-14,Present
A003904,E0052,2024-04-10,Present
A000719,E0011,2023-12-05,Present
A008893,E0126,2024-12-17,Present
A011109,E0174,2025-12-02,Present
A000763,E0011,2024-05-16,Present
A006390,E0092,2024-09-16,Present
A001871,E0026,2024-03-14,Present
A012893,E0200,12/09/2025,Present
A006389,E0092,2024-09-12,Present
A005554,E0082,01/13/2025,present
A011656,E0182,2025-11-20,Present
A000739,E0011,2024-02-20,Present
A003546,E0048,2024-06-27,Present
A013606,E0210,2026-04-21,Present
A007077,E0099,2024-11-18,Tardy
A014887,E0225,2026-05-07,Present
A004257,E0057,2024-02-07,present
A007880,E0111,2025-02-25,Present
A015131,E0228,2026-04-23,Present
A012861,E0199,05/19/2026,Present
A011808,E0184,2026-05-28,Present
A010551,E0162,06/18/2025,Present
A009460,E0134,2025-05-06,Present
A010492,E0158,2025-06-19,Present
A000751,E0011,2024-04-02,E
A003450,E0048,01/08/2024,Present
A007552,E0106,2024-09-10,Present
A011504,E0179,2026-04-23,P
A002330,E0032,2024-06-13,Present
A003590,E0049,2024-03-18,Present
A001840,E0026,2023-11-14,P
A005688,E0084,09/24/2024,Present
A009810,E0139,2025-03-06,Present
A001276,E0018,2024-04-02,P
A014654,E0221,2026-09-08,Present
A010369,E0148,2025-02-11,Present
A011134,E0174,2026-03-12,Present
A006226,E0090,2024-10-23,Present
A014967,E0226,04/23/2026,Present
A004085,E0055,2024-03-27,Present
A011957,E0187,2025-09-09,Present
A007013,E0098,01/27/2025,Present
A002265,E0032,2023-10-12,Present
A008395,E0118,2025-05-01,Present
A001537,E0022,2023-11-02,Present
A008438,E0119,2025-01-09,PRESENT
A012547,E0195,2026-02-10,PRESENT
A008022,E0113,2025-03-27,Present
A001370,E0019,2024-06-11,Present
A000741,E0011,2024-02-27,Present
A014816,E0223,2026-08-13,Present
A007488,E0105,2024-10-10,T
A001189,E0017,2024-02-20,Present
A013792,E0212,2026-05-07,Present
A006111,E0089,2024-09-16,Present
A001571,E0022,2024-03-14,present
A011717,E0183,2026-03-17,
A004099,E0055,2024-04-25,Present
A002528,E0035,2024-03-07,Present
A002128,E0030,2023-10-03,Present
A007686,E0108,2025-02-04,present
A003488,E0048,2024-03-13,Present
A010419,E0152,2025-02-06,PRESENT
A002765,E0039,2023-09-14,Present
A015164,E0228,2026-06-22,Present
A005280,E0076,06/18/2024,Present
A013339,E0206,2026-02-10,Absent
A014237,E0217,2026-05-18,Present
A006333,E0091,2024-11-18,PRESENT
A012797,E0199,09/09/2025,Present
A001982,E0028,2023-10-17,Present
A008315,E0117,2025-04-01,Abs
A004375,E0058,2024-03-11,Present
A015197,E0228,2026-08-18,PRESENT
A008024,E0113,2025-04-03,Present
A013487,E0208,2026-02-24,Present
A002058,E0029,2023-10-19,Present
A008148,E0115,2025-01-16,Present
A012511,E0195,2025-09-16,PRESENT
A013178,E0204,2025-11-20,Present
A014548,E0220,08/06/2026,Present
A008696,E0123,2025-01-23,Present
A011995,E0187,2026-02-10,Present
A003489,E0048,2024-03-14,PRESENT
A015106,E0227,2026-08-12,Present
A006077,E0088,2024-10-23,Present
A005964,E0087,2024-09-18,Present
A011550,E0180,2026-01-15,Present
A007415,E0104,2024-10-10,Present
A009501,E0135,01/07/2025,Present
A013191,E0204,2026-01-27,Present
A006914,E0097,2025-01-15,Present
A001711,E0024,2024-02-08,P
A013467,E0208,2025-12-02,Present
A013736,E0211,2026-07-02,Present
A004157,E0056,2024-02-07,PRESENT
A000563,E0008,2024-03-21,Present
A011062,E0173,2026-03-12,Present
A013474,E0208,2026-01-08,Present
A000641,E0009,04/02/2024,Present
A001670,E0023,2024-06-11,Present
A003001,E0042,2023-10-24,Present
A007678,E0108,2025-01-07,Present
A013734,E0211,2026-06-30,present
A008923,E0126,2025-04-10,Present
A002408,E0034,2023-09-19,Present
A012885,E0200,2025-11-04,Present
A003612,E0049,2024-04-30,Present
A007882,E0111,2025-03-04,Present
A008192,E0116,2024-09-19,Present
A004982,E0069,2024-03-19,Tardy
A004116,E0055,05/27/2024,P
A015177,E0228,07/14/2026,Tardy
A004070,E0055,2024-02-29,Present
A002911,E0040,2024-06-06,Present
A002743,E0038,2024-02-01,Present
A010201,E0144,2025-06-12,Present
A012410,E0193,2026-03-05,Present
A005000,E0069,2024-05-23,Excused
A014480,E0219,2026-09-10,Present
A012554,E0195,2026-03-05,Present
A006763,E0096,2024-09-17,Present
A002929,E0041,2023-11-02,Present
A003167,E0044,2024-01-02,Present
A005712,E0084,2024-11-05,
A012750,E0198,12/11/2025,Present
A006917,E0097,2025-01-21,Present
A000181,E0003,2024-01-09,P
A004464,E0059,2024-05-07,Present
A005517,E0082,2024-10-21,Present
A004795,E0064,2024-04-18,Present
A002219,E0031,2023-12-05,Present
A011738,E0183,06/04/2026,PRESENT
A001956,E0027,2024-04-23,P
A001058,E0015,2024-04-30,Absent
A006703,E0095,2024-11-13,Present
A011863,E0185,2026-03-24,Present
A007673,E0108,2024-12-10,P
A008909,E0126,2025-02-20,Absent
A001400,E0020,2024-01-02,Present
A009372,E0133,03/06/2025,absent
A010256,E0145,2025-04-03,Present
A005866,E0086,2024-09-10,Present
A011776,E0184,2026-01-29,Absent
A003069,E0043,2023-09-28,Absent
A006573,E0094,2024-09-10,Present
A009779,E0139,2024-10-31,Present
A002235,E0031,2024-02-06,Present
A005101,E0072,2024-03-26,tardy
A007507,E0105,2025-01-02,P
A012068,E0188,02/12/2026,Present
A001211,E0017,2024-05-09,Present
A004078,E0055,2024-03-14,Present
A012525,E0195,2025-11-04,Present
A002239,E0031,2024-02-20,Present
A006602,E0094,10/30/2024,absent
A012585,E0196,2025-09-23,Present
A002949,E0041,2024-01-25,Present
A012833,E0199,2026-02-03,Present
A008603,E0122,2024-10-29,Present
A010363,E0147,2025-02-27,Present
A011774,E0184,2026-01-22,Present
A014998,E0226,2026-06-17,Present
A005764,E0085,2024-08-26,Present
A003796,E0051,2024-03-27,Present
A004644,E0061,2024-03-27,Absent
A005641,E0083,2024-12-19,Present
A009345,E0133,2024-11-14,Present
A001435,E0020,05/07/2024,Present
A011852,E0185,2026-02-12,Present
A000093,E0002,2023-11-09,Present
A011674,E0183,2025-09-25,P
A002301,E0032,2024-02-29,Present
A007810,E0110,03/06/2025,Present
A011271,E0176,2026-02-17,Present
A004864,E0066,03/14/2024,Present
A013653,E0210,2026-07-13,Present
A014582,E0221,2026-05-05,Tardy
A014976,E0226,2026-05-11,Present
A011824,E0185,10/16/2025,Present
A014550,E0220,2026-08-11,PRESENT
A007809,E0110,2025-03-04,Present
A010539,E0161,2025-06-25,Tardy
A007754,E0109,2025-01-16,Present
A011294,E0176,2026-05-14,Present
A010156,E0144,2024-12-19,Present
A003379,E0046,2024-05-06,Present
A009590,E0136,2025-03-04,Present
A001085,E0016,2023-10-26,Present
A008969,E0127,2025-01-07,Present
A002778,E0039,2023-10-31,PRESENT
A006209,E0090,2024-09-24,Tardy
A000429,E0006,2024-03-28,Absent
A005285,E0077,02/15/2024,Present
A007875,E0111,2025-02-06,Present
A009141,E0129,2025-04-08,Present
A010401,E0150,2025-02-11,Tardy
A008721,E0123,2025-04-29,Present
A014177,E0216,07/06/2026,Present
A002699,E0037,05/23/2024,Present
A006729,E0095,2025-01-16,Excused
A014913,E0225,2026-06-23,Tardy
A003479,E0048,2024-02-27,Present
A009729,E0138,2025-02-06,Present
A014841,E0224,2026-04-27,Present
A000409,E0006,2024-01-18,Present
A015175,E0228,2026-07-09,Present
A013633,E0210,2026-06-08,Present
A001609,E0023,2023-10-24,Present
A010695,E0167,2025-10-14,Tardy
A013780,E0211,2026-09-17,Present
A012528,E0195,2025-11-13,Present
A014464,E0219,2026-08-13,Present
A010650,E0166,2026-02-05,Tardy
A010484,E0157,2025-06-19,Absent
A012939,E0200,2026-06-09,Tardy
A003828,E0051,2024-05-28,PRESENT
A000427,E0006,2024-03-21,Present
A000950,E0014,2024-01-02,Present
A005787,E0085,2024-10-03,Present
A013196,E0204,2026-02-12,Present
A003598,E0049,2024-04-01,Present
A002866,E0040,2023-12-21,PRESENT
A009244,E0131,2024-10-22,Present
A013995,E0214,2026-06-24,Present
A006858,E0097,2024-09-19,Present
A009194,E0130,2025-01-28,Present
A007361,E0103,2025-01-02,Present
A006880,E0097,2024-10-29,Present
A006216,E0090,2024-10-07,Abs
A007887,E0111,2025-03-20,Present
A012779,E0198,2026-04-07,Present
A001692,E0024,11/21/2023,
A014673,E0222,05/11/2026,Present
A007268,E0102,2024-10-08,Present
A008737,E0124,2024-09-17,Present
A005333,E0078,2024-03-19,Present
A001422,E0020,03/19/2024,Present
A007734,E0109,10/22/2024,Absent
A009605,E0136,2025-05-01,Present
A000820,E0012,2024-03-12,Present
A012388,E0193,12/04/2025,Present
A012883,E0200,10/28/2025,Present
A006351,E0091,2025-01-07,Present
A011342,E0177,2026-02-12,Present
A006499,E0093,10/14/2024,Present
A015040,E0227,2026-04-20,Present
A011497,E0179,2026-03-24,Present
A013897,E0213,2026-06-08,Present
A006923,E0097,2025-01-30,Present
A012289,E0191,2026-03-03,Absent
A000410,E0006,2024-01-23,Present
A001286,E0018,2024-05-09,Present
A005533,E0082,2024-11-18,Present
A008975,E0127,2025-01-28,present
A012619,E0196,2026-02-10,Tardy
A001942,E0027,2024-02-29,Present
A009825,E0139,2025-05-06,Present
A001092,E0016,2023-11-21,P
A012428,E0193,2026-05-14,PRESENT
A000074,E0001,2024-06-11,Present
A007170,E0100,2025-04-10,Present
A003990,E0054,2024-02-05,Present
A004462,E0059,2024-05-02,Present
A011505,E0179,2026-04-28,Present
A012438,E0194,2025-09-11,Present
A007050,E0099,2024-10-01,Present
A014761,E0223,05/11/2026,present
A000292,E0004,2024-05-16,Present
A006401,E0092,10/03/2024,Present
A008806,E0124,2025-06-10,Present
A004507,E0060,2024-01-23,present
A003579,E0049,2024-02-27,Present
A012298,E0192,2025-09-25,Present
A010612,E0165,2025-07-10,Present
A006033,E0087,2025-02-05,Present
A002090,E0029,02/22/2024,Present
A009983,E0142,09/10/2024,Present
A001802,E0025,2024-04-04,Tardy
A014098,E0215,2026-07-21,Present
A012122,E0189,2025-11-20,Present
A001577,E0022,04/04/2024,Present
A001111,E0016,2024-02-08,Present
A000319,E0005,11/14/2023,Present
A007442,E0104,2025-01-30,Present
A011840,E0185,2025-12-18,Present
A013933,E0213,2026-08-10,Present
A006516,E0093,2024-11-12,Present
A001826,E0026,2023-09-26,Present
A003147,E0044,10/10/2023,P
A005358,E0078,2024-06-18,Absent
A003895,E0052,2024-03-26,Present
A003412,E0046,2024-07-02,Present
A000145,E0002,2024-05-28,Present
A009527,E0135,2025-04-08,Present
A004803,E0064,2024-05-16,Present
A008127,E0115,2024-10-17,Present
A003515,E0048,2024-05-06,Present
A011700,E0183,2026-01-15,Present
A010741,E0168,2025-10-21,Present
A012003,E0187,2026-03-10,Present
A004986,E0069,2024-04-02,Present
A007918,E0112,2024-10-08,Abs
A005134,E0073,2024-03-05,Present
A010676,E0166,2026-05-14,Tardy
A010994,E0172,10/02/2025,Present
A012100,E0188,2026-06-11,Present
A009644,E0137,2024-12-17,Present
A007530,E0105,2025-03-25,Present
A001831,E0026,10/12/2023,P
A011336,E0177,2026-01-22,Present
A000086,E0002,2023-10-17,Present
A011749,E0184,2025-10-07,Present
A001220,E0017,2024-06-11,Present
A004443,E0059,2024-03-26,Tardy
A005341,E0078,2024-04-18,Present
A007554,E0106,2024-09-17,Present
A008847,E0125,2025-02-11,present
A006473,E0093,2024-08-28,Present
A005698,E0084,10/10/2024,Present
A006089,E0088,2024-11-13,Absent
A004430,E0059,2024-03-04,Present
A006936,E0098,2024-08-26,P
A008795,E0124,2025-05-01,Present
A009028,E0128,2024-10-31,P
A000595,E0009,2023-10-10,Present
A009305,E0132,2025-03-27,Present
A011587,E0180,2026-06-02,Present
A008172,E0115,2025-04-10,Absent
A012011,E0187,2026-04-07,Present
A008497,E0120,2024-11-05,Present
A008650,E0122,2025-05-06,Present
A008848,E0125,2025-02-13,present
A014903,E0225,2026-06-04,Present
A014415,E0219,2026-05-20,Tardy
A007683,E0108,2025-01-23,Excused
A000062,E0001,04/30/2024,Present
A006024,E0087,2025-01-21,Present
A012189,E0190,2025-11-04,Present
A003571,E0049,2024-02-13,Present
A015019,E0226,2026-07-23,Present
A010956,E0171,2026-02-19,Present
A008240,E0116,2025-03-25,Present
A005707,E0084,2024-10-28,PRESENT
A007229,E0101,2025-02-20,Present
A013143,E0203,2026-04-28,Present
A003729,E0050,05/29/2024,Tardy
A012693,E0197,2026-02-17,Present
A014090,E0215,2026-07-07,Present
A005713,E0084,2024-11-06,Present
A014255,E0217,2026-06-17,Present
A000151,E0003,2023-09-12,Present
A006303,E0091,2024-09-25,Present
A009731,E0138,2025-02-13,Present
A013439,E0207,2026-05-26,Present
A010338,E0146,2025-05-13,Present
A000533,E0008,2023-11-30,Present
A000959,E0014,2024-02-01,Absent
A000473,E0007,2024-01-30,Present
A006175,E0089,2025-01-23,P
A007516,E0105,2025-02-04,Present
A001514,E0021,2024-05-21,Present
A002291,E0032,2024-01-25,Present
A004994,E0069,2024-05-02,Present
A015070,E0227,2026-06-10,Absent
A002185,E0030,2024-05-07,Present
A006888,E0097,2024-11-12,Present
A001480,E0021,2024-01-18,Present
A010079,E0143,2024-12-05,Present
A007560,E0106,2024-10-08,Present
A002900,E0040,2024-04-30,Present
A006443,E0092,01/06/2025,Present
A007465,E0104,2025-04-29,Present
A009954,E0141,2025-02-27,Present
A009318,E0132,2025-05-20,Present
A014820,E0223,08/20/2026,Present
A007031,E0099,08/28/2024,Present
A010549,E0162,2025-06-16,Present
A011118,E0174,2026-01-15,present
A012433,E0193,2026-06-02,Present
A005923,E0086,2025-01-07,Present
A009823,E0139,2025-04-29,Tardy
A005934,E0086,01/27/2025,Present
A009421,E0134,2024-12-03,Present
A000492,E0007,2024-04-04,Absent
A011346,E0177,2026-02-26,PRESENT
A012954,E0201,2025-10-23,Present
A012719,E0197,05/26/2026,Present
A006428,E0092,2024-11-20,Present
A008048,E0114,2024-09-26,Present
A004126,E0055,2024-06-12,Present
A000128,E0002,2024-03-26,Present
A006701,E0095,2024-11-11,Present
A014214,E0216,2026-09-08,Present
A009852,E0140,2024-10-31,Present
A004354,E0058,02/01/2024,Tardy
A003725,E0050,2024-05-22,Present
A001265,E0018,2024-02-22,Present
A011811,E0184,2026-06-09,Present
A004966,E0068,06/11/2024,PRESENT
A010292,E0146,11/07/2024,Present
A008271,E0117,2024-10-10,Present
A008444,E0119,2025-01-30,PRESENT
A006522,E0093,2024-11-21,Present
A010728,E0167,2026-02-26,Absent
A011503,E0179,04/21/2026,Present
A011668,E0182,2026-01-22,Absent
A000276,E0004,2024-03-19,Tardy
A007886,E0111,2025-03-18,Present
A013453,E0208,10/07/2025,Present
A010764,E0168,2026-01-29,Present
A001273,E0018,2024-03-21,Present
A012746,E0198,2025-11-20,Present
A009126,E0129,2025-02-13,Present
A013832,E0212,2026-07-16,PRESENT
A008261,E0116,2025-06-12,Present
A001898,E0027,2023-09-14,Present
A013221,E0204,2026-05-19,Present
A013801,E0212,2026-05-25,Present
A014959,E0225,2026-09-10,Present
A010013,E0142,2025-01-09,Present
A012372,E0193,2025-10-02,Present
A003964,E0053,2024-01-31,Excused
A015091,E0227,07/16/2026,Present
A011441,E0178,2026-05-26,Present
A001459,E0021,2023-10-24,Present
A012319,E0192,2025-12-16,PRESENT
A009843,E0140,2024-10-01,Present
A006877,E0097,2024-10-23,Present
A007636,E0107,2025-05-01,PRESENT
A008389,E0118,2025-04-03,Absent
A003586,E0049,2024-03-11,Present
A002827,E0039,2024-05-07,Present
A000716,E0011,2023-11-16,Present
A010797,E0168,2026-06-02,Present
A005445,E0081,02/29/2024,Present
A002974,E0041,04/25/2024,Present
A013065,E0202,2026-03-31,present
A001119,E0016,2024-03-07,Present
A012361,E0192,06/02/2026,Present
A006849,E0097,09/04/2024,Present
A005956,E0087,2024-09-04,Absent
A007034,E0099,2024-09-03,Tardy
A001699,E0024,2023-12-21,Present
A008626,E0122,2025-02-04,Present
A005465,E0081,2024-05-14,Present
A002317,E0032,2024-04-30,present
A007274,E0102,10/29/2024,Present
A006963,E0098,2024-10-10,Tardy
A007742,E0109,2024-11-19,Present
A010372,E0148,2025-02-17,Excused
A012188,E0190,2025-10-30,present
A002459,E0034,2024-03-28,Present
A009368,E0133,2025-02-20,Present
A010160,E0144,2025-01-14,Present
A010291,E0146,2024-11-05,Tardy
A008068,E0114,2024-12-12,Tardy
A002175,E0030,2024-03-28,Present
A010846,E0170,2025-09-18,Present
A004063,E0055,2024-02-19,Present
A008162,E0115,2025-03-06,Present
A013357,E0206,04/21/2026,Present
A007104,E0099,01/22/2025,Tardy
A013837,E0212,07/27/2026,Present
A001865,E0026,2024-02-22,Present
A010021,E0142,2025-02-06,Present
A010784,E0168,2026-04-09,Present
A013725,E0211,2026-06-15,Present
A003847,E0051,2024-07-01,Present
A005364,E0079,2024-02-20,Present
A001146,E0016,2024-06-13,Present
A003835,E0051,06/10/2024,Absent
A007276,E0102,2024-11-05,Present
A014793,E0223,2026-07-06,present
A007912,E0112,2024-09-17,Present
A013688,E0210,2026-09-10,Present
A000734,E0011,2024-02-01,present
A006336,E0091,2024-11-21,Present
A005911,E0086,12/04/2024,Present
A014294,E0217,08/25/2026,Present
A003283,E0045,2024-05-13,Present
A002458,E0034,2024-03-26,Present
A014228,E0217,2026-04-30,Present
A009306,E0132,2025-04-01,Present
A007307,E0102,2025-03-11,Present
A013768,E0211,2026-08-27,Present
A005924,E0086,2025-01-08,Present
A001836,E0026,10/31/2023,Present
A011493,E0179,03/10/2026,Present
A013608,E0210,04/23/2026,Present
A014396,E0218,09/17/2026,Present
A005730,E0084,12/12/2024,Present
A008232,E0116,2025-02-25,Tardy
A004867,E0066,2024-03-26,Absent
A005716,E0084,2024-11-12,Present
A013835,E0212,2026-07-22,Present
A008656,E0122,2025-05-27,Present
A009641,E0137,12/05/2024,Absent
A012586,E0196,2025-09-25,Present
A005850,E0086,2024-08-13,present
A000478,E0007,2024-02-15,Present
A014930,E0225,2026-07-22,Present
A004221,E0056,06/04/2024,P
A013937,E0213,2026-08-17,Present
A004305,E0057,2024-05-07,Present
A013905,E0213,2026-06-22,Present
A008481,E0120,2024-09-10,PRESENT
A006068,E0088,2024-10-08,present
A000643,E0009,2024-04-09,
A012819,E0199,2025-12-02,excused
A006832,E0096,2025-02-04,Present
A005013,E0070,2024-02-20,Present
A009054,E0128,2025-02-18,Present
A014851,E0224,2026-05-13,Present
A010285,E0146,2024-10-15,Present
A011677,E0183,2025-10-07,Present
A001794,E0025,2024-03-07,PRESENT
A001693,E0024,11/30/2023,Present
A005045,E0070,2024-06-13,Present
A007922,E0112,2024-10-22,Present
A010502,E0158,2025-07-08,Present
A000494,E0007,2024-04-11,Exc.
A011338,E0177,2026-01-29,present
A000158,E0003,2023-10-05,present
A010350,E0147,2025-02-05,Present
A013452,E0208,2025-10-02,Present
A001464,E0021,11/09/2023,Present
A005067,E0071,04/11/2024,Present
A008414,E0119,2024-10-01,Present
A012230,E0190,04/23/2026,Present
A008876,E0126,2024-10-10,Present
A014034,E0214,2026-09-01,Present
A005422,E0080,2024-04-30,P
A008980,E0127,2025-02-13,PRESENT
A002288,E0032,2024-01-16,Present
A007909,E0111,2025-06-12,Present
A003352,E0046,03/13/2024,Present
A014727,E0222,2026-08-12,Present
A005121,E0072,2024-06-06,Present
A000966,E0014,2024-02-27,Present
A006498,E0093,2024-10-10,Present
A006718,E0095,2024-12-17,Excused
A002253,E0031,04/09/2024,Absent
A008917,E0126,2025-03-20,Present
A002579,E0036,2023-12-07,Present
A000439,E0007,2023-09-19,Present
A004334,E0057,2024-06-26,Present
A012880,E0200,2025-10-16,Present
A010019,E0142,2025-01-30,Present
A004623,E0061,02/20/2024,Present
A000468,E0007,2024-01-11,Present
A010334,E0146,2025-04-29,Present
A003752,E0051,2024-01-10,Present
A004849,E0065,2024-06-11,Present
A000757,E0011,2024-04-25,PRESENT
A004863,E0066,03/12/2024,Late
A002689,E0037,2024-04-18,Present
A007075,E0099,2024-11-13,present
A004731,E0062,2024-03-05,Absent
A003959,E0053,2024-01-23,PRESENT
A014009,E0214,07/20/2026,present
A005909,E0086,12/02/2024,Present
A001375,E0020,09/21/2023,Present
A014165,E0216,2026-06-15,Present
A012661,E0197,2025-10-07,Present
A011044,E0173,2026-01-08,Present
A014859,E0224,2026-05-27,Present
A004773,E0063,2024-06-18,Present
A012614,E0196,2026-01-22,Absent
A013886,E0213,2026-05-19,Present
A006552,E0093,2025-02-03,Present
A002187,E0030,2024-05-14,PRESENT
A012510,E0195,2025-09-11,Present
A015126,E0227,2026-09-16,Present
A008635,E0122,2025-03-06,Present
A001433,E0020,2024-04-30,Present
A011137,E0174,2026-03-24,Present
A006334,E0091,2024-11-19,Present
A010364,E0148,02/03/2025,PRESENT
A009550,E0136,2024-09-26,Present
A013879,E0213,2026-05-06,Present
A002103,E0029,2024-04-09,Present
A004904,E0067,2024-03-19,Present
A007723,E0109,2024-09-12,Present
A003892,E0052,2024-03-20,Present
A001996,E0028,2023-12-12,Present
A002953,E0041,02/08/2024,Present
A011710,E0183,2026-02-19,Present
A013445,E0208,2025-09-09,PRESENT
A014308,E0217,2026-09-17,Present
A004685,E0061,2024-06-12,Present
A008543,E0120,2025-05-08,Present
A002448,E0034,2024-02-20,Present
A012019,E0187,2026-05-12,Present
A008256,E0116,2025-05-27,Present
A012879,E0200,10/14/2025,Present
A008257,E0116,2025-05-29,Present
A005036,E0070,2024-05-14,Present
A012929,E0200,05/05/2026,Present
A014915,E0225,2026-06-25,Present
A007074,E0099,2024-11-12,Present
A007986,E0113,2024-11-05,Present
A011786,E0184,2026-03-05,Present
A011666,E0182,2026-01-15,Present
A007801,E0110,2025-02-04,Present
A015200,E0228,08/24/2026,Present
A000135,E0002,04/23/2024,Present
A007969,E0112,2025-04-29,Present
A000800,E0012,2024-01-02,Present
A008766,E0124,2025-01-14,Present
A000428,E0006,2024-03-26,present
A011417,E0178,2026-02-24,present
A012126,E0189,2025-12-11,Present
A010313,E0146,02/06/2025,Present
A006178,E0089,2025-01-29,Present
A013742,E0211,2026-07-14,present
A001256,E0018,2024-01-23,Present
A013081,E0202,2026-06-02,Present
A014139,E0216,2026-04-29,Present
A007800,E0110,01/30/2025,Present
A007251,E0101,2025-05-15,Tardy
A006067,E0088,2024-10-07,Present
A003132,E0043,2024-05-23,Present
A001927,E0027,01/09/2024,Present
A011007,E0172,2025-11-18,Present
A003038,E0042,2024-03-14,Excused
A007045,E0099,2024-09-23,Excused
A007260,E0102,2024-09-10,Present
A012856,E0199,2026-04-30,P
A009695,E0138,2024-09-24,Tardy
A004752,E0063,2024-04-02,Present
A012453,E0194,2025-11-04,Present
A014748,E0222,2026-09-17,Present
A007459,E0104,2025-04-01,Present
A004210,E0056,2024-05-15,Tardy
A003747,E0050,2024-07-01,Present
A006490,E0093,09/26/2024,Present
A006181,E0089,2025-02-04,Present
A009232,E0131,2024-09-10,PRESENT
A013525,E0209,2026-05-04,Absent
A004097,E0055,2024-04-23,Present
A006570,E0094,2024-09-04,Present
A011263,E0176,2026-01-20,Present
A003504,E0048,2024-04-10,Present
A011234,E0176,2025-09-18,Present
A009384,E0133,2025-04-24,Present
A007290,E0102,2025-01-09,P
A012512,E0195,2025-09-18,Present
A002315,E0032,2024-04-23,Tardy
A009506,E0135,2025-01-23,Present
A005271,E0076,2024-05-16,Present
A002019,E0028,2024-03-07,Present
A006919,E0097,2025-01-23,Present
A008402,E0118,2025-05-27,Present
A005437,E0080,06/20/2024,Present
A004490,E0059,2024-06-20,Tardy
A010115,E0143,04/29/2025,Present
A014605,E0221,2026-06-15,Present
A007701,E0108,03/27/2025,Present
A010950,E0171,2026-01-29,Abs
A006904,E0097,2024-12-17,Present
A008050,E0114,2024-10-03,Present
A014209,E0216,2026-08-31,Present
A012532,E0195,2025-12-04,Present
A003449,E0047,2024-03-07,Excused
A008396,E0118,05/06/2025,Present
A000044,E0001,2024-02-22,Present
A000018,E0001,2023-11-09,Present
A006073,E0088,2024-10-16,PRESENT
A001884,E0026,2024-05-02,Present
A014069,E0215,06/01/2026,Present
A002373,E0033,2024-02-20,Present
A012834,E0199,2026-02-05,Present
A012531,E0195,12/02/2025,Present
A007992,E0113,2024-12-03,Present
A014222,E0217,04/21/2026,Present
A004095,E0055,2024-04-18,Present
A005752,E0084,2025-02-03,Present
A014845,E0224,05/04/2026,Present
A013534,E0209,2026-05-19,Present
A014311,E0218,04/22/2026,Present
A011490,E0179,2026-02-26,Absent
A007373,E0103,02/13/2025,Present
A003306,E0045,2024-06-20,P
A010600,E0165,2025-06-19,present
A000444,E0007,2023-10-05,Present
A009528,E0135,2025-04-10,Present
A015089,E0227,2026-07-14,Present
A008141,E0115,2024-12-12,Present
A011201,E0175,2026-02-24,Present
A013816,E0212,2026-06-18,Present
A013083,E0202,2026-06-09,Present
A014118,E0215,2026-08-25,Present
A000431,E0006,2024-04-04,Present
A006699,E0095,2024-11-06,Present
A008140,E0115,2024-12-10,excused
A002329,E0032,2024-06-11,Present
A006388,E0092,09/11/2024,Present
A000578,E0008,2024-05-16,Present
A004234,E0056,2024-06-26,Present
A000685,E0010,2023-12-07,present
A009206,E0130,03/11/2025,Present
A003786,E0051,2024-03-11,Tardy
A007256,E0101,2025-06-03,Present
A000762,E0011,2024-05-14,P
A011662,E0182,2025-12-18,Present
A004827,E0065,2024-03-21,Present
A000797,E0012,2023-12-14,Present
A012695,E0197,2026-02-24,Absent
A012442,E0194,2025-09-25,Present
A008652,E0122,2025-05-13,Present
A014960,E0225,2026-09-14,Present
A012824,E0199,2025-12-18,Present
A013459,E0208,2025-10-28,Present
A009192,E0130,2025-01-21,Present
A011708,E0183,2026-02-12,Present
A007713,E0108,2025-05-15,Present
A007448,E0104,2025-02-20,Present
A012759,E0198,2026-01-27,Present
A001655,E0023,2024-04-18,Present
A007566,E0106,2024-10-29,Present
A014974,E0226,2026-05-06,Present
A011625,E0181,2026-01-27,Present
A000592,E0009,2023-09-28,Absent
A004660,E0061,2024-04-30,Present
A002393,E0033,2024-05-02,PRESENT
A002222,E0031,2023-12-14,Tardy
A008675,E0123,2024-10-24,Tardy
A013587,E0209,2026-08-19,Present
A010253,E0145,03/25/2025,Tardy
A012296,E0192,2025-09-18,Present
A004510,E0060,01/29/2024,Present
A011687,E0183,2025-11-11,Tardy
A012401,E0193,2026-02-03,Present
A008456,E0119,03/13/2025,Present
A004717,E0062,2024-02-08,Present
A009031,E0128,2024-11-12,Present
A011312,E0177,2025-10-09,Present
A012836,E0199,2026-02-12,PRESENT
A008531,E0120,2025-03-20,Present
A011069,E0173,2026-04-07,Present
A014559,E0220,2026-08-26,PRESENT
A007199,E0101,2024-10-22,P
A008294,E0117,2025-01-16,Present
A003541,E0048,2024-06-19,P
A005459,E0081,2024-04-23,Present
A013312,E0206,2025-10-16,Present
A001161,E0017,10/31/2023,Present
A012318,E0192,2025-12-11,P
A007310,E0102,2025-03-20,
A008794,E0124,04/29/2025,Present
A012131,E0189,2026-01-13,P
A005968,E0087,2024-09-25,Present
A011506,E0179,2026-04-30,Present
A007151,E0100,2025-02-04,Present
A014776,E0223,2026-06-04,Present
A007797,E0110,2025-01-21,Present
A001330,E0019,2024-01-18,Present
A005080,E0071,2024-05-30,Present
A014231,E0217,2026-05-06,Present
A003773,E0051,2024-02-15,T
A013159,E0204,2025-09-16,Present
A007631,E0107,2025-04-08,PRESENT
A001887,E0026,05/14/2024,Present
A000624,E0009,2024-02-01,Excused
A009913,E0141,2024-09-19,Present
A001340,E0019,2024-02-22,Present
A015193,E0228,2026-08-11,Absent
A013021,E0202,2025-10-07,Present
A005029,E0070,2024-04-18,Present
A003081,E0043,2023-11-09,Present
A011478,E0179,2026-01-15,Present
A003795,E0051,2024-03-26,Present
A001502,E0021,2024-04-04,Present
A004401,E0059,01/11/2024,Present
A006190,E0090,2024-08-21,Present
A009566,E0136,11/21/2024,Present
A012045,E0188,11/04/2025,Present
A011897,E0186,2025-10-21,Present
A007164,E0100,2025-03-20,Present
A002533,E0035,03/26/2024,present
A007475,E0104,2025-06-03,Present
A006633,E0094,2025-01-13,Present
A013123,E0203,2026-02-10,Present
A008679,E0123,2024-11-07,Tardy
A010874,E0170,2026-01-15,T
A006970,E0098,2024-10-23,Excused
A013119,E0203,2026-01-27,Present
A009939,E0141,2025-01-07,Present
A010283,E0146,10/08/2024,T
A004239,E0057,2024-01-08,P
A009758,E0138,2025-05-27,Tardy
A006943,E0098,2024-09-05,Present
A001473,E0021,2023-12-19,Present
A008688,E0123,2024-12-17,Present
A006734,E0095,2025-01-27,Excused
A000850,E0013,2023-09-21,PRESENT
A005772,E0085,2024-09-09,Present
A006850,E0097,09/05/2024,Present
A010870,E0170,2025-12-18,Present
A005041,E0070,2024-05-30,Present
A002211,E0031,10/31/2023,Present
A010841,E0169,2026-02-17,Present
A003527,E0048,2024-05-27,Present
A003203,E0044,2024-05-09,Present
A007812,E0110,2025-03-13,Present
A013791,E0212,2026-05-06,Present
A007733,E0109,2024-10-17,Present
A004902,E0067,2024-03-12,Present
A003425,E0047,01/25/2024,Present
A000415,E0006,2024-02-08,Present
A009931,E0141,2024-11-21,Present
A008391,E0118,2025-04-10,Present
A002920,E0041,2023-10-03,Present
A005938,E0086,2025-02-03,Present
A012302,E0192,2025-10-09,Present
A002095,E0029,2024-03-12,Present
A008725,E0123,2025-05-13,Present
A010388,E0149,2025-02-17,Present
A007883,E0111,2025-03-06,Present
A002341,E0033,10/17/2023,Excused
A000266,E0004,02/13/2024,Excused
A013659,E0210,2026-07-22,Present
A005401,E0080,2024-02-13,Present
A010754,E0168,2025-12-11,Present
A004505,E0060,2024-01-18,Present
A011946,E0186,2026-05-07,Present
A006635,E0094,2025-01-15,Present
A003543,E0048,06/24/2024,present
A008954,E0127,2024-10-29,Present
A013836,E0212,2026-07-23,Absent
A014825,E0223,2026-08-31,Absent
A002143,E0030,2023-11-30,Present
A003852,E0052,2024-01-10,Present
A007035,E0099,2024-09-04,Present
A001083,E0016,2023-10-19,Present
A001672,E0024,2023-09-12,Present
A008064,E0114,2024-11-21,Present
A012371,E0193,2025-09-30,Absent
A004683,E0061,2024-06-10,Present
A012857,E0199,2026-05-05,Present
A001504,E0021,2024-04-11,PRESENT
A001972,E0028,2023-09-12,Present
A010311,E0146,01/30/2025,Present
A003799,E0051,2024-04-02,Tardy
A000695,E0010,2024-01-18,Excused
A003856,E0052,2024-01-17,Present
A013485,E0208,2026-02-17,Present
A005557,E0082,2025-01-16,Present
A011160,E0175,2025-09-11,Present
A009757,E0138,2025-05-22,Present
A013674,E0210,2026-08-18,Present
A003095,E0043,2024-01-11,Absent
A008858,E0125,03/20/2025,Present
A006326,E0091,2024-11-05,Present
A012921,E0200,2026-03-31,Present
A014217,E0216,2026-09-14,Present
A012645,E0196,2026-05-19,Present
A011741,E0184,2025-09-09,PRESENT
A003245,E0045,02/29/2024,Tardy
A003101,E0043,2024-02-01,Absent
A014111,E0215,2026-08-12,Present
A003564,E0049,2024-01-31,Present
A005611,E0083,2024-10-22,Present
A012853,E0199,2026-04-21,present
A011670,E0183,2025-09-11,Present
A014344,E0218,2026-06-18,Present
A013391,E0207,2025-11-11,Present
A013062,E0202,2026-03-19,Present
A008951,E0127,10/17/2024,Present
A014140,E0216,2026-04-30,Present
A009678,E0137,05/01/2025,Present
A014036,E0214,09/03/2026,Present
A008516,E0120,2025-01-28,Tardy
A012130,E0189,2026-01-08,Present
A014299,E0217,2026-09-02,Present
A003232,E0045,2024-02-07,Present
A013926,E0213,2026-07-28,Present
A011909,E0186,2025-12-09,Present
A002485,E0035,2023-09-26,Present
A008972,E0127,2025-01-16,Present
A009508,E0135,2025-01-30,Present
A000953,E0014,2024-01-11,Present
A012069,E0188,2026-02-17,Present
A010150,E0144,2024-11-21,Present
A003410,E0046,2024-06-27,Present
A011902,E0186,2025-11-06,Present
A001719,E0024,2024-03-07,Present
A014844,E0224,04/30/2026,Present
A010433,E0153,2025-02-17,Present
A004534,E0060,2024-03-11,Present
A005982,E0087,2024-10-21,PRESENT
A007845,E0111,2024-10-08,PRESENT
A013615,E0210,2026-05-06,Present
A011568,E0180,2026-03-19,Present
A015135,E0228,2026-04-30,Present
A002565,E0036,10/12/2023,PRESENT
A014494,E0220,2026-05-05,Present
A001147,E0017,09/12/2023,absent
A001938,E0027,2024-02-15,Present
A009198,E0130,2025-02-11,Absent
A001032,E0015,2024-01-25,Present
A003885,E0052,2024-03-07,Present
A011199,E0175,2026-02-17,Present
A005279,E0076,2024-06-13,P
A008385,E0118,2025-03-20,Present
A010605,E0165,2025-06-30,PRESENT
A014437,E0219,2026-06-29,Present
A009941,E0141,2025-01-14,Present
A003859,E0052,01/23/2024,Tardy
A000097,E0002,2023-11-30,Present
A013866,E0212,2026-09-15,
A003131,E0043,2024-05-21,Present
A002475,E0034,2024-05-28,Late
A003932,E0052,2024-06-04,present
A002628,E0036,2024-06-06,Present
A003774,E0051,2024-02-19,present
A005475,E0081,2024-06-18,Present
A002240,E0031,2024-02-22,Tardy
A012359,E0192,05/26/2026,Present
A004873,E0066,2024-04-18,Present
A005427,E0080,05/16/2024,Present
A011455,E0179,2025-10-07,Present
A013826,E0212,2026-07-07,present
A003028,E0042,2024-02-08,Present
A010193,E0144,2025-05-15,Present
A002390,E0033,2024-04-23,Excused
A005460,E0081,04/25/2024,Present
A010520,E0159,2025-07-10,Present
A001593,E0022,2024-06-04,Present
A002392,E0033,2024-04-30,Present
A003083,E0043,11/16/2023,T
A005505,E0082,2024-09-30,Present
A009248,E0131,2024-11-05,Present
A011648,E0182,2025-10-23,Present
A015017,E0226,2026-07-21,Present
A014648,E0221,2026-08-27,PRESENT
A007059,E0099,2024-10-16,Present
A004953,E0068,2024-04-25,Present
A015145,E0228,2026-05-19,Present
A002902,E0040,2024-05-07,Present
A004100,E0055,2024-04-29,PRESENT
A012366,E0193,2025-09-11,Present
A012553,E0195,2026-03-03,Present
A002541,E0035,2024-04-25,PRESENT
A010775,E0168,2026-03-10,Present
A008774,E0124,2025-02-11,P
A013628,E0210,2026-05-28,Tardy
A002355,E0033,2023-12-12,Present
A006148,E0089,2024-11-19,Present
A014347,E0218,2026-06-24,Present
A014778,E0223,2026-06-09,Present
A012594,E0196,2025-10-23,Present
A004185,E0056,2024-03-27,Present
A014083,E0215,2026-06-24,Present
A002577,E0036,2023-11-30,Present
A007444,E0104,2025-02-06,Present
A013990,E0214,2026-06-16,Present
A010288,E0146,10/24/2024,Tardy
A009490,E0135,2024-11-12,Present
A005569,E0082,2025-02-06,PRESENT
A015086,E0227,2026-07-08,Present
A001282,E0018,2024-04-25,Present
A010058,E0143,09/17/2024,Present
A008142,E0115,2024-12-17,Present
A005986,E0087,2024-10-28,Present
A012615,E0196,2026-01-27,Present
A006581,E0094,2024-09-24,Present
A005059,E0071,2024-03-14,Present
A006830,E0096,2025-01-30,Present
A008904,E0126,2025-02-04,Present
A013426,E0207,04/02/2026,Present
A000416,E0006,2024-02-13,Absent
A004784,E0064,2024-03-07,Present
A005831,E0085,2025-01-08,Present
A013726,E0211,2026-06-16,Present
A000711,E0011,2023-10-31,Present
A014847,E0224,2026-05-06,Present
A003529,E0048,05/29/2024,Present
A004504,E0060,01/17/2024,Tardy
A002529,E0035,2024-03-12,present
A012639,E0196,2026-04-28,Present
A005558,E0082,2025-01-20,P
A005227,E0075,2024-04-30,Present
A002894,E0040,2024-04-04,Present
A011293,E0176,2026-05-12,Present
A015114,E0227,2026-08-26,Excused
A004555,E0060,2024-04-22,Present
A014230,E0217,05/05/2026,Present
A010448,E0154,2025-02-13,Present
A004092,E0055,2024-04-09,Present
A003972,E0053,02/14/2024,Absent
A002889,E0040,2024-03-19,Present
A012498,E0194,05/07/2026,Present
A001524,E0022,2023-09-19,Present
A010799,E0168,2026-06-09,Present
A005457,E0081,2024-04-11,Present
A014079,E0215,2026-06-17,Present
A001407,E0020,2024-01-25,Present
A006649,E0095,08/12/2024,Excused
A006348,E0091,2024-12-19,Present
A011322,E0177,2025-11-13,Present
A005400,E0080,2024-02-08,Present
A008604,E0122,2024-10-31,present
A001812,E0025,05/14/2024,Tardy
A012370,E0193,2025-09-25,PRESENT
A009046,E0128,2025-01-21,Tardy
A011983,E0187,2025-12-16,Present
A012631,E0196,2026-03-24,Present
A007106,E0099,2025-01-27,Present
A007964,E0112,04/03/2025,Present
A011521,E0180,2025-09-16,Present
A014013,E0214,07/27/2026,Present
A013853,E0212,2026-08-24,Present
A001487,E0021,02/13/2024,Present
A006105,E0089,2024-09-04,Present
A011025,E0173,2025-10-14,Tardy
A000775,E0012,2023-09-21,PRESENT
A001632,E0023,01/25/2024,Present
A014109,E0215,2026-08-10,Present
A006224,E0090,2024-10-21,Present
A000470,E0007,2024-01-18,Present
A010348,E0147,2025-02-03,Present
A008521,E0120,2025-02-13,Present
A007174,E0100,2025-05-01,Present
A013080,E0202,2026-05-28,Absent
A013497,E0208,2026-03-31,Present
A012584,E0196,2025-09-18,Present
A010118,E0143,2025-05-08,Present
A000599,E0009,2023-10-24,Present
A004563,E0060,2024-05-06,Present
A006809,E0096,2024-12-12,Present
A008406,E0118,06/10/2025,Present
A007311,E0102,2025-03-25,Present
A001906,E0027,2023-10-12,Present
A004949,E0068,2024-04-09,Present
A007793,E0110,2025-01-07,Present
A007536,E0105,2025-04-22,Absent
A008291,E0117,01/07/2025,Present
A013048,E0202,2026-01-29,Present
A007815,E0110,2025-03-25,Present
A013206,E0204,03/19/2026,Present
A012727,E0198,09/16/2025,Present
A004694,E0061,2024-06-27,Present
A014579,E0221,04/29/2026,Present
A005655,E0083,01/27/2025,Present
A012682,E0197,2026-01-08,Present
A008950,E0127,2024-10-15,Present
A013059,E0202,2026-03-10,Present
A005419,E0080,04/18/2024,Present
A006949,E0098,09/17/2024,Absent
A014180,E0216,07/09/2026,Present
A009130,E0129,2025-02-27,Present
A002838,E0039,06/13/2024,Excused
A006693,E0095,2024-10-28,Excused
A007982,E0113,10/22/2024,Present
A003219,E0045,01/16/2024,Present
A003574,E0049,2024-02-19,Present
A003133,E0043,2024-05-28,Present
A007657,E0108,2024-10-08,Present
A003521,E0048,05/15/2024,tardy
A014256,E0217,2026-06-18,Present
A002589,E0036,2024-01-18,Present
A003339,E0046,2024-02-20,Present
A005138,E0073,2024-03-19,Present
A003354,E0046,2024-03-18,Present
A004309,E0057,2024-05-14,Present
A001759,E0025,2023-10-24,Present
A011905,E0186,2025-11-18,Present
A010629,E0166,2025-11-04,Present
A000853,E0013,10/03/2023,Present
A001495,E0021,2024-03-12,present
A009692,E0138,2024-09-12,Present
A011813,E0185,2025-09-09,Present
A002465,E0034,2024-04-23,Absent
A014169,E0216,06/22/2026,Present
A006393,E0092,2024-09-19,Present
A011604,E0181,2025-10-23,Present
A014658,E0221,2026-09-15,Present
A007308,E0102,2025-03-13,Present
A006758,E0096,2024-09-09,Present
A013148,E0203,2026-05-14,Present
A010318,E0146,02/25/2025,Present
A004609,E0061,2024-01-25,Present
A011964,E0187,2025-10-02,present
A007414,E0104,2024-10-08,Present
A006527,E0093,2024-12-09,Present
A000501,E0007,2024-05-09,Present
A010639,E0166,2025-12-16,Present
A005268,E0076,2024-05-07,Present
A009358,E0133,2025-01-16,Present
A001047,E0015,2024-03-19,Present
A008819,E0125,2024-10-17,Present
A002634,E0037,2023-09-21,Present
A014345,E0218,2026-06-22,Present
A012761,E0198,2026-02-03,Present
A013513,E0208,2026-06-02,Present
A009246,E0131,2024-10-29,Present
A005350,E0078,2024-05-21,present
A007720,E0108,2025-06-10,Present
A006811,E0096,2024-12-17,Present
A007804,E0110,2025-02-13,P
A000778,E0012,2023-10-03,P
A004922,E0067,2024-05-23,Present
A004739,E0063,2024-02-15,Absent
A008888,E0126,2024-11-21,Present
A004020,E0054,2024-03-27,E
A001195,E0017,2024-03-12,Present
A010464,E0155,2025-02-13,Present
A000052,E0001,2024-03-21,Present
A009323,E0132,06/05/2025,Present
A002305,E0032,2024-03-14,Present
A008993,E0127,04/01/2025,Present
A008499,E0120,2024-11-12,Present
A011093,E0174,09/30/2025,Present
A001114,E0016,02/20/2024,Present
A002983,E0041,2024-05-28,Present
A000657,E0009,2024-05-30,Excused
A003255,E0045,2024-03-19,Present
A009016,E0128,09/19/2024,Present
A001188,E0017,2024-02-15,Present
A013820,E0212,2026-06-25,Present
A013783,E0212,2026-04-22,Present
A012481,E0194,2026-03-03,Present
A000566,E0008,2024-04-02,PRESENT
A004119,E0055,2024-05-30,Present
A009351,E0133,2024-12-12,Excused
A000841,E0012,2024-05-28,Present
A003889,E0052,2024-03-14,Present
A001643,E0023,2024-03-05,Present
A008727,E0123,2025-05-20,Present
A006671,E0095,2024-09-18,Tardy
A008697,E0123,01/28/2025,Present
A002667,E0037,2024-01-30,Present
A001973,E0028,09/14/2023,Present
A006903,E0097,2024-12-16,Present
A008452,E0119,2025-02-27,Present
A001150,E0017,2023-09-21,Present
A004093,E0055,2024-04-10,Present
A010586,E0164,06/24/2025,present
A008754,E0124,2024-11-14,Present
A000766,E0011,2024-05-28,A
A004817,E0065,2024-02-15,Present
A007946,E0112,2025-01-30,Present
A006249,E0090,12/10/2024,Present
A003873,E0052,2024-02-15,Present
A010971,E0171,2026-04-21,Tardy
A009067,E0128,2025-04-03,Present
A002621,E0036,2024-05-14,Present
A009633,E0137,2024-10-31,Present
A003027,E0042,2024-02-06,Present
A010634,E0166,2025-11-20,Present
A004103,E0055,2024-05-02,Present
A006843,E0097,2024-08-26,Present
A011533,E0180,2025-10-28,Present
A007592,E0107,2024-11-05,Present
A014756,E0223,2026-04-30,Present
A007823,E0110,2025-04-29,Excused
A004786,E0064,2024-03-14,PRESENT
A002686,E0037,2024-04-04,Present
A009619,E0137,2024-09-12,Present
A009993,E0142,2024-10-15,Present
A008403,E0118,2025-05-29,Present
A000912,E0013,2024-05-14,Present
A005077,E0071,05/21/2024,Present
A008370,E0118,01/28/2025,Present
A013054,E0202,2026-02-19,Present
A007439,E0104,2025-01-21,Tardy
A001346,E0019,2024-03-14,Present
A001445,E0020,2024-06-11,Present
A005946,E0087,2024-08-19,Present
A003500,E0048,2024-04-03,Present
A007135,E0100,2024-11-21,P
A006108,E0089,2024-09-10,Absent
A012950,E0201,2025-10-09,Present
A006058,E0088,2024-09-19,Present
A002423,E0034,2023-11-09,Tardy
A005164,E0073,06/20/2024,Present
A002733,E0038,2023-12-21,Present
A000081,E0002,2023-09-28,Present
A004218,E0056,05/29/2024,Present
A013727,E0211,2026-06-17,Present
A010727,E0167,2026-02-24,Absent
A004979,E0069,2024-03-07,Present
A013562,E0209,2026-07-07,Present
A012097,E0188,2026-06-02,Present
A006204,E0090,2024-09-16,Absent
A005153,E0073,2024-05-14,Present
A001573,E0022,2024-03-21,Present
A013323,E0206,2025-12-02,Present
A000880,E0013,2024-01-18,Present
A001579,E0022,2024-04-11,Present
A007609,E0107,2025-01-21,Present
A001510,E0021,2024-05-07,present
A001897,E0027,2023-09-12,Present
A007177,E0100,2025-05-13,Present
A008769,E0124,2025-01-23,Tardy
A004113,E0055,2024-05-21,Present
A010453,E0154,02/24/2025,Present
A001846,E0026,2023-12-12,Tardy
A010606,E0165,2025-07-01,Present
A014340,E0218,2026-06-11,Present
A009513,E0135,2025-02-18,Present
A006955,E0098,2024-09-26,Present
A007533,E0105,04/03/2025,Present
A014166,E0216,2026-06-16,Tardy
A004743,E0063,2024-02-29,Present
A012683,E0197,01/13/2026,Present
A014248,E0217,2026-06-04,Present
A013465,E0208,2025-11-18,Present
A013915,E0213,2026-07-08,Present
A014468,E0219,2026-08-20,Present
A014811,E0223,08/05/2026,Present
A013595,E0209,2026-09-02,Tardy
A003615,E0049,2024-05-06,Present
A002109,E0029,2024-05-02,Present
A009482,E0135,2024-10-15,Present
A004919,E0067,05/14/2024,Present
A007517,E0105,2025-02-06,Present
A008472,E0119,2025-05-15,Present
A004697,E0061,07/03/2024,present
A013271,E0205,02/24/2026,PRESENT
A009366,E0133,2025-02-13,Excused
A005590,E0083,2024-09-16,PRESENT
A011362,E0177,2026-04-30,Present
A015122,E0227,2026-09-09,Present
A014510,E0220,2026-06-02,Present
A007172,E0100,2025-04-24,Present
A013174,E0204,2025-11-06,Present
A004326,E0057,2024-06-12,Present
A003220,E0045,2024-01-17,Present
A012354,E0192,05/07/2026,Present
A005118,E0072,05/28/2024,Present
A007232,E0101,2025-03-04,Present
A001194,E0017,2024-03-07,Present
A000046,E0001,2024-02-29,Present
A005392,E0079,2024-05-30,Present
A000977,E0014,2024-04-04,Present
A005693,E0084,2024-10-02,Present
A002964,E0041,2024-03-19,Present
A001585,E0022,2024-05-07,Present
A012355,E0192,2026-05-12,Present
A004516,E0060,2024-02-07,Present
A014835,E0223,2026-09-16,Present
A014725,E0222,2026-08-10,Present
A001976,E0028,2023-09-26,Present
A003913,E0052,2024-05-01,Present
A010060,E0143,2024-09-24,Present
A006831,E0096,2025-02-03,Present
A004412,E0059,2024-01-31,Present
A013186,E0204,2026-01-08,Tardy
A007096,E0099,2025-01-08,Present
A012975,E0201,2026-01-27,P
A010211,E0145,2024-10-10,Present
A011973,E0187,2025-11-04,Present
A004823,E0065,03/07/2024,Present
A002841,E0040,09/19/2023,Present
A013756,E0211,2026-08-06,Present
A011055,E0173,2026-02-17,Present
A009746,E0138,2025-04-08,Tardy
A009865,E0140,2025-01-02,present
A011886,E0186,2025-09-11,Present
A008115,E0114,2025-06-12,Present
A007493,E0105,2024-10-29,Present
A010465,E0156,2025-02-03,Present
A012966,E0201,12/11/2025,Present
A011406,E0178,2026-01-15,Excused
A004506,E0060,01/22/2024,Present
A006439,E0092,2024-12-17,Present
A000038,E0001,02/01/2024,Present
A000577,E0008,2024-05-14,tardy
A005083,E0071,2024-06-11,Present
A003989,E0054,2024-02-01,Present
A008451,E0119,02/25/2025,Tardy
A000714,E0011,11/09/2023,PRESENT
A014767,E0223,05/20/2026,Present
A009863,E0140,2024-12-17,present
A010722,E0167,2026-02-05,Present
A002336,E0033,2023-09-28,Present
A005529,E0082,2024-11-11,Present
A004421,E0059,02/15/2024,Tardy
A008247,E0116,2025-04-24,Present
A013605,E0210,2026-04-20,Present
A000882,E0013,2024-01-25,P
A000568,E0008,2024-04-09,Present
A013486,E0208,2026-02-19,Excused
A010134,E0144,2024-09-26,Present
A002246,E0031,2024-03-14,Present
A005406,E0080,2024-02-29,Present
A012493,E0194,04/21/2026,Present
A004166,E0056,2024-02-22,Present
A009842,E0140,2024-09-26,Present
A013412,E0207,2026-02-12,Present
A010325,E0146,2025-03-20,Present
A009258,E0132,2024-09-26,Present
A000240,E0004,2023-10-31,Present
A005509,E0082,2024-10-07,Present
A009003,E0127,2025-05-13,Present
A012698,E0197,2026-03-05,Present
A007984,E0113,2024-10-29,Present
A001598,E0023,2023-09-14,Present
A009911,E0141,2024-09-12,Present
A013687,E0210,2026-09-09,Present
A001902,E0027,2023-09-28,Present
A001181,E0017,2024-01-23,Present
A014578,E0221,2026-04-28,Present
A005598,E0083,2024-09-30,Present
A012485,E0194,2026-03-17,Tardy
A003007,E0042,11/14/2023,Present
A010670,E0166,2026-04-23,Present
A002782,E0039,2023-11-14,Present
A010036,E0142,2025-04-01,Present
A005583,E0083,09/03/2024,Present
A008361,E0118,12/17/2024,Present
A005759,E0085,2024-08-15,Present
A014182,E0216,2026-07-14,Present
A012196,E0190,2025-12-04,present
A002830,E0039,2024-05-16,Present
A007239,E0101,2025-03-27,Present
A006626,E0094,12/18/2024,Present
A009653,E0137,2025-01-28,Present
A008467,E0119,2025-04-29,Present
A004220,E0056,06/03/2024,Present
A007496,E0105,2024-11-07,Present
A013170,E0204,2025-10-23,Present
A010820,E0169,2025-11-13,Present
A005720,E0084,2024-11-19,Present
A003414,E0047,2024-01-08,Present
A007628,E0107,2025-03-27,Present
A000907,E0013,2024-04-25,Present
A009212,E0130,2025-04-01,Present
A003694,E0050,03/25/2024,Present
A014277,E0217,07/27/2026,PRESENT
A003119,E0043,2024-04-04,Present
A012822,E0199,2025-12-11,Present
A010831,E0169,2026-01-13,Present
A006394,E0092,09/23/2024,Present
A007557,E0106,2024-09-26,Present
A008345,E0118,2024-10-15,Present
A005903,E0086,2024-11-13,Present
A011753,E0184,2025-10-21,Present
A008461,E0119,2025-04-01,present
A009538,E0135,2025-05-22,PRESENT
A000296,E0004,2024-05-30,Present
A007051,E0099,10/02/2024,Present
A005033,E0070,2024-05-02,Present
A001786,E0025,2024-02-08,Present
A004383,E0058,2024-03-25,Present
A013706,E0211,2026-05-12,Present
A006951,E0098,09/19/2024,absent
A001285,E0018,2024-05-07,Present
A005503,E0082,2024-09-25,Present
A008177,E0115,05/06/2025,Present
A008283,E0117,2024-11-21,Present
A014759,E0223,05/06/2026,Present
A004455,E0059,2024-04-22,Present
A014878,E0225,2026-04-22,Present
A005334,E0078,03/21/2024,present
A000550,E0008,2024-02-06,Absent
A005169,E0074,2024-02-20,Present
A013854,E0212,2026-08-25,Tardy
A013044,E0202,01/15/2026,Present
A003575,E0049,2024-02-20,Present
A006619,E0094,12/05/2024,P
A004353,E0058,2024-01-31,Present
A010032,E0142,2025-03-18,tardy
A002649,E0037,11/14/2023,P
A002587,E0036,2024-01-11,Present
A006163,E0089,2025-01-02,Present
A004890,E0066,2024-06-18,Present
A013417,E0207,2026-03-03,present
A003161,E0044,12/05/2023,Present
A007517,E0105,2025-02-06,Present
A003183,E0044,02/27/2024,Present
A003481,E0048,2024-02-29,Present
A002378,E0033,2024-03-07,Present
A008929,E0126,2025-05-08,Present
A009271,E0132,11/12/2024,Present
A012153,E0189,2026-03-31,T
A013869,E0213,2026-04-20,Present
A008417,E0119,10/10/2024,Present
A007318,E0102,2025-04-24,Present
A014723,E0222,08/05/2026,Tardy
A005971,E0087,2024-10-01,Present
A006806,E0096,2024-12-09,Present
A012417,E0193,2026-03-31,Present
A013939,E0213,08/19/2026,Present
A002020,E0028,2024-03-12,Present
A006837,E0097,2024-08-14,Present
A014000,E0214,07/02/2026,Excused
A010273,E0145,06/10/2025,Present
A012114,E0189,2025-10-23,Present
A007691,E0108,2025-02-20,Present
A014229,E0217,2026-05-04,Present
A010044,E0142,2025-05-06,Present
A009963,E0141,2025-04-01,Present
A001614,E0023,2023-11-09,Present
A005921,E0086,2025-01-02,Present
A013492,E0208,2026-03-12,Present
A013162,E0204,2025-09-25,excused
A005906,E0086,2024-11-19,Present
A002016,E0028,2024-02-27,Present
A007202,E0101,10/31/2024,Tardy
A012277,E0191,2026-01-20,Present
A005615,E0083,2024-10-29,Present
A008369,E0118,2025-01-23,Present
A002982,E0041,2024-05-23,Present
A013650,E0210,07/07/2026,Present
A014047,E0215,2026-04-22,Present
A013428,E0207,2026-04-09,Present
A000244,E0004,11/14/2023,Present
A004879,E0066,2024-05-09,Present
A006426,E0092,2024-11-18,
A000107,E0002,2024-01-11,Present
A008058,E0114,2024-10-31,Present
A009905,E0140,2025-05-29,PRESENT
A013594,E0209,09/01/2026,Present
A014105,E0215,2026-08-03,Present
A013639,E0210,2026-06-17,Present
A004831,E0065,2024-04-04,P
A008380,E0118,2025-03-04,Present
A013008,E0201,05/28/2026,Present
A011805,E0184,2026-05-19,Present
A004606,E0061,01/22/2024,Present
A012050,E0188,2025-11-20,Present
A006979,E0098,2024-11-07,Absent
A007977,E0113,2024-10-03,Present
A003961,E0053,01/25/2024,Present
A003874,E0052,02/19/2024,Present
A000180,E0003,2024-01-04,Present
A002146,E0030,2023-12-12,Present
A005837,E0085,2025-01-20,Excused
A006071,E0088,2024-10-14,Absent
A012447,E0194,2025-10-14,Present
A004794,E0064,2024-04-11,Present
A006889,E0097,2024-11-13,Present
A011565,E0180,03/10/2026,Present
A007888,E0111,2025-03-25,Present
A014603,E0221,06/10/2026,Present
A000030,E0001,2024-01-04,
A002802,E0039,2024-02-06,Absent
A007223,E0101,2025-01-30,Present
A005747,E0084,2025-01-23,Present
A002923,E0041,10/12/2023,present
A004665,E0061,2024-05-08,Present
A013176,E0204,2025-11-13,Present
A008319,E0117,04/22/2025,P
A013488,E0208,2026-02-26,Present
A001246,E0018,2023-12-12,Present
A013385,E0207,2025-10-21,Present
A004054,E0055,2024-02-01,Present
A013311,E0206,2025-10-14,present
A004413,E0059,2024-02-01,Present
A000109,E0002,2024-01-18,Present
A007334,E0103,2024-09-12,Present
A008825,E0125,2024-11-07,Present
A006960,E0098,2024-10-07,Present
A007857,E0111,2024-11-19,Present
A013928,E0213,2026-07-30,Present
A007535,E0105,2025-04-10,Present
A010070,E0143,2024-10-29,PRESENT
A011742,E0184,2025-09-11,Present
A004395,E0058,2024-04-18,Excused
A009000,E0127,2025-05-01,Present
A013018,E0202,2025-09-25,Present
A014142,E0216,2026-05-05,Present
A010317,E0146,02/20/2025,P
A004349,E0058,2024-01-24,Tardy
A008471,E0119,2025-05-13,Tardy
A005528,E0082,2024-11-07,Present
A006843,E0097,2024-08-26,Present
A014741,E0222,2026-09-07,Absent
A008367,E0118,01/16/2025,Present
A006352,E0091,01/08/2025,Present
A006779,E0096,2024-10-15,PRESENT
A006694,E0095,10/29/2024,Excused
A000974,E0014,2024-03-26,Present
A008937,E0126,2025-06-05,Present
A004300,E0057,04/29/2024,Present
A011116,E0174,2026-01-08,Present
A003654,E0050,2024-01-15,PRESENT
A006265,E0090,2025-01-20,Present
A012443,E0194,2025-09-30,Present
A007663,E0108,2024-10-29,Excused
A003089,E0043,2023-12-14,Present
A005748,E0084,2025-01-27,Present
A005958,E0087,2024-09-09,Present
A005577,E0083,2024-08-22,
A012711,E0197,04/28/2026,PRESENT
A006356,E0091,2025-01-15,Present
A000011,E0001,2023-10-17,Excused
A002648,E0037,2023-11-09,Present
A012082,E0188,04/04/2026,Present
A001427,E0020,2024-04-04,Present
A012405,E0193,2026-02-17,Tardy
A003266,E0045,2024-04-08,Present
A012193,E0190,2025-11-18,Present
A012243,E0190,2026-06-09,Present
A004815,E0065,02/08/2024,Present
A008655,E0122,05/22/2025,Present
A009897,E0140,2025-05-01,Present
A001216,E0017,2024-05-28,Present
A012038,E0188,2025-10-09,Present
A014242,E0217,05/26/2026,Present
A006599,E0094,2024-10-24,Present
A013691,E0210,09/16/2026,Present
A009451,E0134,2025-03-27,Present
A014298,E0217,09/01/2026,Present
A000324,E0005,2023-12-07,Present
A001345,E0019,2024-03-12,Present
A004458,E0059,2024-04-25,Present
A007769,E0110,2024-09-26,Present
A000910,E0013,2024-05-07,Present
A013828,E0212,2026-07-09,Present
A003400,E0046,2024-06-11,Present
A000497,E0007,2024-04-25,Present
A012195,E0190,2025-12-02,Present
A008440,E0119,2025-01-16,Present
A011953,E0186,2026-06-02,Present
A009308,E0132,04/08/2025,Present
A013127,E0203,2026-02-24,Present
A003471,E0048,2024-02-13,Present
A013498,E0208,2026-04-02,Present
A014188,E0216,07/23/2026,Present
A004366,E0058,2024-02-22,Present
A012663,E0197,2025-10-14,Present
A001196,E0017,2024-03-14,Tardy
A006460,E0092,02/04/2025,Tardy
A004954,E0068,2024-04-30,Present
A001424,E0020,2024-03-26,Present
A005769,E0085,2024-09-03,Present
A000257,E0004,2024-01-11,Present
A012951,E0201,10/14/2025,Present
A009295,E0132,2025-02-20,Present
A000289,E0004,2024-05-07,Present
A014650,E0221,2026-09-01,Present
A014015,E0214,2026-07-29,Present
A012199,E0190,2025-12-16,Present
A014324,E0218,05/14/2026,Present
A006622,E0094,2024-12-11,Present
A004485,E0059,2024-06-12,Present
A010085,E0143,2025-01-07,Present
A011279,E0176,2026-03-17,Present
A014722,E0222,2026-08-04,Exc.
A006844,E0097,2024-08-27,Present
A001233,E0018,2023-10-19,P
A007279,E0102,2024-11-14,Tardy
A005847,E0085,2025-02-05,PRESENT
A002676,E0037,2024-02-29,Tardy
A001113,E0016,2024-02-15,Tardy
A005182,E0074,2024-04-04,Present
A012570,E0195,05/07/2026,Tardy
A000268,E0004,2024-02-20,Present
A011013,E0172,2025-12-16,Present
A006828,E0096,2025-01-28,Present
A005999,E0087,2024-11-19,Present
A005951,E0087,2024-08-27,Present
A008061,E0114,2024-11-12,PRESENT
A003049,E0042,2024-04-25,Present
A006487,E0093,2024-09-23,Present
A008360,E0118,12/12/2024,Present
A001380,E0020,2023-10-10,Present
A013425,E0207,2026-03-31,Present
A012562,E0195,2026-04-02,Present
A013190,E0204,2026-01-22,P
A004760,E0063,2024-05-02,Present
A009819,E0139,04/08/2025,Present
A008371,E0118,2025-01-30,Present
A013935,E0213,2026-08-12,Present
A003791,E0051,2024-03-19,Present
A000621,E0009,01/23/2024,Present
A000653,E0009,2024-05-16,Present
A005538,E0082,2024-12-03,Present
A008547,E0120,2025-05-22,P
A003474,E0048,2024-02-19,Present
A012650,E0196,2026-06-04,Present
A008132,E0115,2024-11-05,Present
A007182,E0100,05/29/2025,Present
A005020,E0070,2024-03-14,Present
A006596,E0094,2024-10-21,Present
A012049,E0188,2025-11-18,Present
A002517,E0035,2024-01-30,Present
A011233,E0176,2025-09-16,Present
A011771,E0184,01/13/2026,Present
A008678,E0123,2024-11-05,Tardy
A013640,E0210,2026-06-18,Excused
A014120,E0215,2026-08-27,Present
A011066,E0173,2026-03-26,Present
A012722,E0197,2026-06-04,Present
A003604,E0049,2024-04-10,Present
A011949,E0186,2026-05-19,Present
A010748,E0168,2025-11-13,Present
A005750,E0084,2025-01-29,Present
A009190,E0130,2025-01-14,Present
A001507,E0021,2024-04-25,Present
A012118,E0189,2025-11-06,Present
A014458,E0219,08/04/2026,Present
A012835,E0199,2026-02-10,Present
A011204,E0175,2026-03-05,Present
A012690,E0197,2026-02-05,Present
A006726,E0095,2025-01-13,Present
A014990,E0226,06/03/2026,Present
A004891,E0066,06/20/2024,PRESENT
A000731,E0011,2024-01-23,present
A005839,E0085,01/22/2025,Present
A012664,E0197,2025-10-16,Present
A006437,E0092,12/12/2024,Present
A010531,E0160,2025-07-02,Absent
A001746,E0024,2024-06-13,PRESENT
A003854,E0052,2024-01-15,Present
A009900,E0140,05/13/2025,Present
A014999,E0226,06/18/2026,Present
A002710,E0038,2023-09-26,Present
A012915,E0200,2026-03-10,Present
A003389,E0046,2024-05-22,Present
A007460,E0104,2025-04-03,Present
A014662,E0222,2026-04-21,present
A012918,E0200,2026-03-19,Present
A010744,E0168,2025-10-30,Present
A008529,E0120,2025-03-13,Present
A003127,E0043,2024-05-07,Present
A001157,E0017,2023-10-17,Present
A010076,E0143,2024-11-19,Present
A000033,E0001,2024-01-16,Present
A010376,E0148,2025-02-24,Present
A014715,E0222,2026-07-22,Present
A001337,E0019,2024-02-13,Present
A013875,E0213,2026-04-29,Present
A012120,E0189,2025-11-13,present
A014408,E0219,2026-05-07,Present
A009213,E0130,2025-04-03,Present
A001611,E0023,2023-10-31,Present
A000940,E0014,11/14/2023,Present
A005668,E0084,2024-08-20,Present
A004024,E0054,2024-04-03,Present
A013701,E0211,2026-05-04,Present
A014852,E0224,05/14/2026,Present
A014742,E0222,2026-09-08,PRESENT
A000746,E0011,03/14/2024,Present
A004084,E0055,2024-03-26,Present
A007252,E0101,2025-05-20,Present
A002878,E0040,2024-02-08,Present
A005229,E0075,2024-05-07,Present
A004702,E0062,2024-01-15,Present
A001742,E0024,2024-05-30,Present
A011246,E0176,2025-10-30,P
A002652,E0037,2023-11-30,Present
A005360,E0079,2024-02-06,Present
A005961,E0087,09/12/2024,Tardy
A003003,E0042,2023-10-31,Present
A001822,E0026,2023-09-12,Present
A013942,E0213,2026-08-25,P
A001331,E0019,2024-01-23,Present
A012497,E0194,2026-05-05,Present
A000958,E0014,2024-01-30,Present
A002111,E0029,2024-05-09,Present
A013379,E0207,09/30/2025,Present
A011823,E0185,2025-10-14,Present
A004692,E0061,2024-06-25,Present
A001661,E0023,2024-05-09,PRESENT
A014197,E0216,2026-08-10,Present
A011864,E0185,2026-03-26,Present
A005382,E0079,2024-04-25,Present
A013690,E0210,2026-09-15,Present
A000656,E0009,2024-05-28,Present
A012350,E0192,2026-04-23,Present
A003847,E0051,2024-07-01,Present
A014337,E0218,2026-06-08,Present
A010335,E0146,2025-05-01,Present
A005815,E0085,11/21/2024,Present
A006084,E0088,2024-11-05,Absent
A002200,E0031,2023-09-21,Present
A002961,E0041,2024-03-07,Present
A004641,E0061,2024-03-21,P
A012034,E0188,2025-09-25,P
A013369,E0206,2026-06-02,Present
A011712,E0183,2026-02-26,Present
A007066,E0099,10/29/2024,Present
A005386,E0079,2024-05-09,Present
A001406,E0020,2024-01-23,Present
A005628,E0083,11/20/2024,Present
A002626,E0036,05/30/2024,Tardy
A009361,E0133,2025-01-28,Present
A007692,E0108,2025-02-25,Present
A013970,E0214,2026-05-12,Present
A005953,E0087,2024-08-29,Present
A003149,E0044,2023-10-17,Present
A015130,E0228,2026-04-22,Present
A002874,E0040,2024-01-25,Present
A003917,E0052,2024-05-08,Absent
A012368,E0193,2025-09-18,Present
A012968,E0201,2025-12-18,Present
A011221,E0175,2026-05-12,Present
A008305,E0117,2025-02-25,Present
A000077,E0002,2023-09-14,Present
A005196,E0074,2024-05-28,Present
A011196,E0175,2026-02-05,Present
A009202,E0130,2025-02-25,Present
A014285,E0217,2026-08-10,Tardy
A004948,E0068,04/04/2024,Present
A000436,E0006,2024-04-25,Absent
A002261,E0032,2023-09-28,Present
A001776,E0025,2024-01-04,Present
A000380,E0006,2023-09-26,absent
A005788,E0085,2024-10-07,Present
A000094,E0002,2023-11-14,Present
A005829,E0085,2025-01-06,Present
A013917,E0213,2026-07-13,Present
A004008,E0054,2024-03-06,Present
A010329,E0146,2025-04-03,Present
A009025,E0128,10/22/2024,Present
A006861,E0097,2024-09-25,Present
A004811,E0064,2024-06-13,Present
A003182,E0044,2024-02-22,Present
A008846,E0125,2025-02-06,Present
A001077,E0016,2023-09-28,Present
A002339,E0033,2023-10-10,Present
A012475,E0194,02/10/2026,Present
A010895,E0170,2026-03-31,Present
A001886,E0026,2024-05-09,Tardy
A010862,E0170,2025-11-13,Present
A010126,E0143,2025-06-05,P
A004324,E0057,2024-06-10,Present
A004950,E0068,2024-04-11,Present
A006159,E0089,2024-12-16,Present
A003860,E0052,2024-01-24,Present
A010632,E0166,2025-11-13,Present
A010235,E0145,2025-01-21,Present
A002760,E0038,2024-04-02,Excused
A010908,E0170,2026-05-21,Present
A005654,E0083,2025-01-23,Present
A004031,E0054,2024-04-22,Present
A003353,E0046,2024-03-14,Present
A001438,E0020,2024-05-16,Present
A001234,E0018,2023-10-24,Present
A008566,E0121,10/22/2024,Present
A004282,E0057,2024-03-21,Present
A005338,E0078,2024-04-04,Present
A007935,E0112,2024-12-12,Present
A003103,E0043,02/08/2024,Present
A002466,E0034,2024-04-25,Present
A006968,E0098,2024-10-21,Present
A013657,E0210,2026-07-20,Present
A000450,E0007,2023-10-26,Present
A007646,E0107,2025-06-05,Absent
A012074,E0188,2026-03-05,Present
A003622,E0049,2024-05-16,Present
A002318,E0032,2024-05-02,PRESENT
A006386,E0092,2024-09-09,Present
A002186,E0030,2024-05-09,Present
A004478,E0059,2024-05-30,Present
A001891,E0026,2024-05-28,Present
A001156,E0017,2023-10-12,Present
A011588,E0180,2026-06-04,Present
A013561,E0209,2026-07-06,P
A010780,E0168,2026-03-26,Present
A001729,E0024,2024-04-11,Present
A007622,E0107,2025-03-06,Present
A011011,E0172,2025-12-09,Present
A013245,E0205,2025-11-04,Present
A011135,E0174,2026-03-17,Present
A011525,E0180,09/30/2025,Present
A010559,E0162,2025-07-02,Present
A004393,E0058,04/10/2024,Absent
A010873,E0170,2026-01-13,Tardy
A002504,E0035,2023-12-07,Present
A008067,E0114,2024-12-10,Present
A002464,E0034,2024-04-18,Present
A013294,E0205,05/21/2026,Tardy
A002847,E0040,2023-10-10,absent
A012887,E0200,2025-11-11,P
A007761,E0109,2025-02-11,Present
A001613,E0023,2023-11-07,Present
A006006,E0087,2024-12-09,Present
A002192,E0030,2024-05-30,Present
A001730,E0024,2024-04-18,Present
A004825,E0065,2024-03-14,Present
A010485,E0157,2025-06-23,Absent
A011453,E0179,09/30/2025,Present
A010690,E0167,2025-09-25,present
A014290,E0217,2026-08-18,P
A009869,E0140,2025-01-16,Present
A013682,E0210,2026-09-01,Present
A015041,E0227,2026-04-21,Present
A008622,E0122,2025-01-21,Present
A007108,E0099,2025-01-29,Present
A006577,E0094,2024-09-17,Present
A004048,E0055,2024-01-23,Present
A005795,E0085,2024-10-17,Present
A008510,E0120,2025-01-07,PRESENT
A007650,E0108,2024-09-12,Present
A010933,E0171,11/11/2025,Present
A007411,E0104,2024-09-26,Present
A004241,E0057,01/10/2024,Present
A005801,E0085,2024-10-29,Present
A011690,E0183,2025-11-20,Present
A002756,E0038,2024-03-19,Present
A002493,E0035,2023-10-24,Present
A003140,E0044,2023-09-14,Present
A011238,E0176,2025-10-02,Present
A005804,E0085,2024-11-04,Present
A005235,E0075,2024-05-28,Present
A006959,E0098,2024-10-03,Tardy
A003273,E0045,04/24/2024,Present
A013091,E0203,2025-09-30,Present
A005274,E0076,2024-05-28,Present
A009893,E0140,2025-04-10,PRESENT
A002890,E0040,2024-03-21,Present
A005439,E0081,2024-02-08,Present
A000789,E0012,11/09/2023,Present
A009495,E0135,2024-12-05,Tardy
A015203,E0228,2026-08-27,Present
A013090,E0203,2025-09-25,Present
A007635,E0107,2025-04-29,Present
A011720,E0183,2026-03-26,Present
A007840,E0111,2024-09-19,Present
A010866,E0170,2025-12-04,Absent
A015048,E0227,2026-05-04,Excused
A003378,E0046,2024-05-02,Present
A004528,E0060,2024-02-28,Present
A013131,E0203,2026-03-10,Present
A001781,E0025,2024-01-23,Present
A011934,E0186,2026-03-19,Present
A002960,E0041,2024-03-05,Present
A005438,E0081,2024-02-06,Excused
A008607,E0122,2024-11-12,PRESENT
A000350,E0005,2024-03-14,Present
A009387,E0133,2025-05-06,Present
A011286,E0176,2026-04-09,Present
A003350,E0046,2024-03-11,Present
A000043,E0001,2024-02-20,Present
A000802,E0012,2024-01-09,Present
A003530,E0048,2024-05-30,Present
A009073,E0128,2025-05-01,Present
A000982,E0014,2024-04-25,Present
A003459,E0048,2024-01-23,Present
A006210,E0090,2024-09-25,Present
A008525,E0120,2025-02-27,Present
A005174,E0074,2024-03-07,Present
A011605,E0181,2025-10-28,Present
A008300,E0117,2025-02-06,Present
A014155,E0216,2026-05-27,Present
A014108,E0215,2026-08-06,Present
A003092,E0043,2024-01-02,Present
A007842,E0111,09/26/2024,Present
A008281,E0117,2024-11-14,Excused
A002757,E0038,2024-03-21,Excused
A010412,E0151,2025-02-03,Present
A000917,E0013,2024-05-30,Present
A004618,E0061,2024-02-12,Present
A001617,E0023,2023-11-21,Present
A005859,E0086,2024-08-28,Tardy
A007336,E0103,2024-09-19,Present
A002147,E0030,2023-12-14,Tardy
A005024,E0070,2024-03-28,Present
A001834,E0026,2023-10-24,Present
A006276,E0090,02/06/2025,Present
A006135,E0089,2024-10-28,Present
A006022,E0087,2025-01-16,Present
A007776,E0110,2024-10-22,Present
A004715,E0062,2024-02-06,Present
A006012,E0087,12/18/2024,Present
A009947,E0141,2025-02-04,Present
A011048,E0173,2026-01-22,Present
A000783,E0012,2023-10-19,Present
A006493,E0093,2024-10-02,Present
A012743,E0198,2025-11-11,Present
A007900,E0111,2025-05-13,P
A010779,E0168,2026-03-24,Present
A014138,E0216,2026-04-28,Present
A008072,E0114,2025-01-07,Present
A009958,E0141,2025-03-13,Present
A009262,E0132,10/10/2024,Tardy
A004839,E0065,2024-05-07,present
A002402,E0033,2024-06-04,Present
A008052,E0114,2024-10-10,
A004206,E0056,05/08/2024,P
A004642,E0061,2024-03-25,Absent
A002153,E0030,2024-01-11,Present
A005844,E0085,01/30/2025,Present
A002948,E0041,2024-01-23,Present
A009809,E0139,03/04/2025,Present
A007551,E0105,2025-06-12,Present
A003879,E0052,02/27/2024,Present
A006267,E0090,01/22/2025,P
A008381,E0118,2025-03-06,Present
A014030,E0214,08/25/2026,Absent
A011144,E0174,2026-04-23,Present
A006464,E0093,2024-08-13,Present
A006182,E0089,2025-02-05,Abs
A006598,E0094,2024-10-23,Present
A003024,E0042,2024-01-25,P
A005555,E0082,2025-01-14,Present
A003542,E0048,2024-06-20,Present
A003280,E0045,2024-05-07,Present
A015134,E0228,2026-04-29,Present
A010207,E0145,2024-09-26,Tardy
A014638,E0221,2026-08-11,tardy
A008973,E0127,2025-01-21,Present
A015159,E0228,06/11/2026,Present
A002805,E0039,2024-02-15,Tardy
A002212,E0031,2023-11-02,Present
A007721,E0108,06/12/2025,Present
A008450,E0119,2025-02-20,Present
A014928,E0225,2026-07-20,Present
A003134,E0043,2024-05-30,Present
A012108,E0189,2025-10-02,Present
A009064,E0128,2025-03-25,Present
A015057,E0227,2026-05-19,Excused
A004321,E0057,2024-06-04,Present
A007201,E0101,2024-10-29,Tardy
A002108,E0029,2024-04-30,Present
A005129,E0073,02/15/2024,Absent
A009895,E0140,04/24/2025,Present
A013413,E0207,2026-02-17,Present
A003974,E0054,2024-01-08,Present
A014677,E0222,2026-05-18,Present
A003035,E0042,2024-03-05,Present
A006142,E0089,2024-11-07,P
A009982,E0141,06/12/2025,Present
A004664,E0061,2024-05-07,Present
A007837,E0111,2024-09-10,Present
A003287,E0045,2024-05-20,PRESENT
A002368,E0033,2024-02-01,Present
A009412,E0134,2024-10-24,P
A011815,E0185,2025-09-16,Present
A000441,E0007,2023-09-26,P
A013842,E0212,2026-08-04,Present
A012360,E0192,2026-05-28,PRESENT
A007656,E0108,2024-10-03,Present
A004693,E0061,06/26/2024,Present
A013762,E0211,08/18/2026,Present
A012387,E0193,2025-12-02,Present
A010096,E0143,02/13/2025,Present
A001225,E0018,2023-09-21,Present
A010389,E0149,2025-02-18,Present
A002593,E0036,2024-02-01,Present
A003248,E0045,2024-03-06,Present
A002813,E0039,2024-03-14,Present
A010958,E0171,2026-02-26,Tardy
A008919,E0126,2025-03-27,Present
A008445,E0119,02/04/2025,Absent
A002692,E0037,2024-04-30,P
A004133,E0055,2024-06-25,Present
A010063,E0143,2024-10-03,Present
A006384,E0092,2024-09-04,Present
A002250,E0031,2024-03-28,P
A002553,E0035,2024-06-06,Present
A006287,E0091,2024-08-28,Present
A014014,E0214,2026-07-28,Present
A014301,E0217,09/07/2026,Present
A007712,E0108,2025-05-13,Present
A003650,E0050,2024-01-08,present
A000381,E0006,2023-09-28,Present
A011447,E0179,2025-09-09,Present
A010611,E0165,2025-07-09,Present
A014451,E0219,07/22/2026,Present
A005704,E0084,2024-10-22,Tardy
A009677,E0137,2025-04-29,Present
A001361,E0019,2024-05-09,Present
A003197,E0044,2024-04-18,Present
A002038,E0028,2024-05-16,Present
A000487,E0007,2024-03-19,Present
A010187,E0144,2025-04-24,Present
A007822,E0110,2025-04-24,Present
A000784,E0012,2023-10-24,Present
A011534,E0180,2025-10-30,Present
A011265,E0176,2026-01-27,Present
A013784,E0212,04/23/2026,Present
A012445,E0194,2025-10-07,Present
A003239,E0045,2024-02-20,Present
A006696,E0095,2024-10-31,PRESENT
A014755,E0223,2026-04-29,Present
A008254,E0116,2025-05-20,PRESENT
A008582,E0121,2025-01-02,Present
A007975,E0113,2024-09-26,Present
A010685,E0167,2025-09-09,Present
A008654,E0122,2025-05-20,Present
A008410,E0119,2024-09-17,Present
A013647,E0210,2026-07-01,Present
A001916,E0027,2023-11-16,PRESENT
A008761,E0124,2024-12-17,P
A005749,E0084,2025-01-28,PRESENT
A007965,E0112,2025-04-08,Present
A000110,E0002,2024-01-23,Present
A008601,E0122,2024-10-22,Present
A003465,E0048,2024-02-01,Present
A002139,E0030,11/09/2023,Present
A009771,E0139,2024-10-03,Present
A012981,E0201,2026-02-17,Present
A000743,E0011,2024-03-05,PRESENT
A012494,E0194,2026-04-23,Present
A011821,E0185,2025-10-07,Present
A006927,E0097,2025-02-06,Present
A012465,E0194,2026-01-06,Present
A014421,E0219,2026-06-01,P
A014211,E0216,2026-09-02,present
A004481,E0059,2024-06-05,Present
A003443,E0047,2024-02-27,Present
A006308,E0091,2024-10-03,Tardy
A004522,E0060,2024-02-19,PRESENT
A002848,E0040,2023-10-12,Present
A015194,E0228,08/12/2026,Present
A013233,E0205,2025-09-23,Present
A007378,E0103,2025-03-04,Present
A011188,E0175,2026-01-08,P
A011225,E0175,2026-05-26,present
A005689,E0084,2024-09-25,present
A007040,E0099,2024-09-12,P
A007700,E0108,2025-03-25,present
A005415,E0080,2024-04-02,Present
A013824,E0212,2026-07-02,present
A014706,E0222,2026-07-07,Abs
A001835,E0026,2023-10-26,Present
A009725,E0138,2025-01-23,Absent
A011100,E0174,2025-10-23,Present
A012901,E0200,01/20/2026,Absent
A006519,E0093,2024-11-18,Present
A006000,E0087,2024-11-20,Present
A010191,E0144,2025-05-08,Present
A004802,E0064,2024-05-14,Present
A014597,E0221,2026-06-01,Absent
A006799,E0096,2024-11-19,present
A014291,E0217,2026-08-19,Present
A009673,E0137,2025-04-08,Present
A003004,E0042,2023-11-02,Present
A000024,E0001,2023-12-07,Present
A007710,E0108,2025-05-06,Present
A003525,E0048,2024-05-22,Present
A012362,E0192,2026-06-04,Present
A005390,E0079,2024-05-23,Present
A006441,E0092,2024-12-19,PRESENT
A009245,E0131,2024-10-24,Present
A001310,E0019,2023-10-26,Present
A014775,E0223,2026-06-03,Present
A013852,E0212,2026-08-20,Present
A003476,E0048,2024-02-21,Present
A000790,E0012,2023-11-14,Present
A012185,E0190,2025-10-21,Present
A012208,E0190,01/29/2026,Present
A013377,E0207,2025-09-23,Present
A003285,E0045,2024-05-15,Absent
A006792,E0096,2024-11-06,PRESENT
A002515,E0035,2024-01-23,Present
A014336,E0218,2026-06-04,Present
A004386,E0058,2024-03-28,PRESENT
A011236,E0176,2025-09-25,Present
A004906,E0067,2024-03-26,P
A008952,E0127,2024-10-22,Present
A010791,E0168,2026-05-12,Absent
A015018,E0226,2026-07-22,Present
A005737,E0084,2025-01-07,Tardy
A009149,E0129,2025-05-13,Absent
A003689,E0050,2024-03-14,Present
A001396,E0020,12/12/2023,Present
A013003,E0201,2026-05-12,Present
A009706,E0138,2024-10-31,P
A005007,E0069,2024-06-18,Excused
A005643,E0083,01/06/2025,PRESENT
A000737,E0011,2024-02-13,Present
A007717,E0108,2025-05-29,PRESENT
A014547,E0220,2026-08-05,PRESENT
A005258,E0076,2024-03-28,Present
A012171,E0189,06/09/2026,Present
A009264,E0132,2024-10-17,Present
A008226,E0116,2025-02-04,A
A014225,E0217,2026-04-27,Present
A010847,E0170,2025-09-23,Present
A013524,E0209,04/30/2026,Present
A008304,E0117,2025-02-20,PRESENT
A006435,E0092,12/10/2024,Present
A009521,E0135,2025-03-18,Present
A006187,E0090,2024-08-15,Present
A009726,E0138,2025-01-28,P
A003302,E0045,2024-06-13,Present
A013133,E0203,2026-03-17,Present
A010544,E0161,07/03/2025,Excused
A011071,E0173,2026-04-21,Present
A005407,E0080,2024-03-05,Present
A007932,E0112,2024-12-03,Excused
A000713,E0011,2023-11-07,Present
A004280,E0057,2024-03-19,Tardy
A007587,E0107,2024-10-17,Present
A013040,E0202,2025-12-18,Present
A009535,E0135,2025-05-13,present
A010687,E0167,2025-09-16,Present
A001823,E0026,2023-09-14,Present
A009648,E0137,2025-01-09,Present
A005412,E0080,2024-03-21,Present
A011072,E0173,2026-04-23,Present
A006632,E0094,2025-01-09,Present
A011244,E0176,2025-10-23,Present
A015007,E0226,07/02/2026,Present
A009747,E0138,2025-04-10,PRESENT
A010653,E0166,2026-02-17,Present
A001978,E0028,10/03/2023,Present
A012204,E0190,2026-01-15,Present
A012500,E0194,2026-05-14,Present
A003265,E0045,2024-04-04,Present
A012967,E0201,2025-12-16,Present
A004835,E0065,2024-04-23,Present
A005062,E0071,2024-03-26,Present
A000253,E0004,2023-12-21,Present
A008745,E0124,2024-10-15,Present
A002099,E0029,2024-03-26,Present
A006018,E0087,2025-01-09,Present
A011600,E0181,2025-10-09,Excused
A003672,E0050,2024-02-14,Present
A011074,E0173,2026-04-30,Present
A006188,E0090,2024-08-19,Present
A008001,E0113,2025-01-14,Present
A011130,E0174,2026-02-26,Present
A004417,E0059,2024-02-08,Present
A014492,E0220,2026-04-30,Present
A007160,E0100,2025-03-06,P
A006157,E0089,12/11/2024,Present
A008863,E0125,2025-04-08,Present
A006743,E0096,08/13/2024,Tardy
A008493,E0120,2024-10-22,Present
A012173,E0190,2025-09-09,Present
A002935,E0041,2023-11-30,present
A006330,E0091,2024-11-12,present
A007206,E0101,2024-11-14,Present
A006851,E0097,2024-09-09,Present
A008575,E0121,2024-11-21,present
A012706,E0197,2026-04-02,Present
A001922,E0027,2023-12-14,Present
A008595,E0122,2024-10-01,Present
A014071,E0215,2026-06-03,P
A012187,E0190,2025-10-28,Present
A013270,E0205,02/19/2026,Present
A007435,E0104,2025-01-07,Present
A000057,E0001,2024-04-09,Tardy
A003413,E0046,2024-07-03,present
A014705,E0222,2026-07-06,Excused
A002856,E0040,11/09/2023,Present
A006530,E0093,2024-12-12,Present
A002987,E0041,2024-06-11,Present
A004573,E0060,2024-05-22,Present
A006312,E0091,2024-10-10,Present
A009792,E0139,2025-01-02,Present
A012358,E0192,2026-05-21,Tardy
A010713,E0167,2026-01-06,Present
A006509,E0093,2024-10-30,Present
A010195,E0144,2025-05-22,Present
A011951,E0186,2026-05-26,Present
A012085,E0188,2026-04-21,Present
A004723,E0062,2024-02-20,Present
A010026,E0142,2025-02-25,Present
A015118,E0227,2026-09-02,Tardy
A004473,E0059,2024-05-22,
A009001,E0127,2025-05-06,PRESENT
A008344,E0118,10/10/2024,P
A002189,E0030,2024-05-21,Present
A014430,E0219,06/16/2026,Present
A004050,E0055,2024-01-25,Present
A011803,E0184,2026-05-12,Present
A014633,E0221,08/03/2026,Present
A010974,E0171,2026-04-30,Present
A012788,E0198,2026-05-14,Present
A003545,E0048,06/26/2024,Present
A009724,E0138,2025-01-21,Present
A000520,E0008,10/10/2023,Present
A008078,E0114,01/28/2025,Present
A004509,E0060,01/25/2024,PRESENT
A010685,E0167,2025-09-09,Present
A010680,E0166,2026-05-28,Present
A005264,E0076,2024-04-23,Present
A014914,E0225,2026-06-24,Present
A013211,E0204,2026-04-07,Present
A000228,E0004,2023-09-19,PRESENT
A014042,E0214,2026-09-15,Present
A007094,E0099,01/06/2025,Absent
A000666,E0010,2023-09-26,Present
A008009,E0113,2025-02-11,Present
A013547,E0209,2026-06-10,Present
A012060,E0188,2026-01-15,Present
A014361,E0218,2026-07-20,Present
A010619,E0166,2025-09-30,Present
A010380,E0149,02/03/2025,Present
A001700,E0024,01/02/2024,Present
A010680,E0166,2026-05-28,Present
A015151,E0228,2026-05-28,present
A001878,E0026,04/09/2024,Present
A008856,E0125,2025-03-13,Present
A000514,E0008,2023-09-19,P
A001912,E0027,2023-11-02,Present
A010267,E0145,2025-05-20,Tardy
A011369,E0177,2026-05-26,Present
A009858,E0140,2024-11-21,present
A007234,E0101,2025-03-11,Present
A006436,E0092,12/11/2024,Present
A009645,E0137,2024-12-19,Present
A010777,E0168,2026-03-17,Present
A008772,E0124,2025-02-04,Present
A014675,E0222,05/13/2026,Excused
A014376,E0218,2026-08-13,Late
A010589,E0164,2025-06-30,Present
A002917,E0041,2023-09-21,Present
A010100,E0143,2025-02-27,present
A000481,E0007,2024-02-27,Excused
A010944,E0171,2026-01-08,
A007817,E0110,2025-04-01,Present
A002578,E0036,2023-12-05,Present
A007772,E0110,2024-10-08,Absent
A013936,E0213,2026-08-13,Present
A012526,E0195,2025-11-06,P
A010022,E0142,2025-02-11,Present
A011515,E0179,2026-06-02,Present
A005273,E0076,05/23/2024,P
A008747,E0124,10/22/2024,Present
A008869,E0126,2024-09-17,Present
A001597,E0023,2023-09-12,Present
A011960,E0187,2025-09-18,Present
A003897,E0052,2024-03-28,Present
A012660,E0197,2025-10-02,present
A001350,E0019,2024-03-28,Present
A006106,E0089,2024-09-05,Present
A010255,E0145,04/01/2025,Excused
A003778,E0051,2024-02-26,Present
A011355,E0177,2026-03-31,present
A011618,E0181,2025-12-18,Late
A009234,E0131,09/17/2024,Present
A004051,E0055,01/29/2024,PRESENT
A010778,E0168,2026-03-19,Present
A012636,E0196,2026-04-09,Present
A005703,E0084,2024-10-21,Present
A011029,E0173,2025-10-28,Present
A012533,E0195,2025-12-09,Present
A002763,E0038,2024-04-11,Present
A015105,E0227,2026-08-11,P
A006715,E0095,2024-12-11,Absent
A003686,E0050,2024-03-11,Present
A005063,E0071,2024-03-28,Present
A003603,E0049,2024-04-09,Present
A007925,E0112,2024-10-31,Present
A013153,E0203,06/02/2026,Present
A010692,E0167,2025-10-02,Present
A001447,E0021,2023-09-12,Present
A012429,E0193,2026-05-19,P
A001021,E0015,2023-12-12,present
A000706,E0011,2023-10-12,Excused
A011162,E0175,2025-09-18,Present
A001867,E0026,02/29/2024,present
A014681,E0222,2026-05-25,Present
A006867,E0097,2024-10-07,Present
A006120,E0089,2024-10-01,Present
A012017,E0187,2026-05-05,Present
A002575,E0036,2023-11-16,Tardy
A012406,E0193,2026-02-19,Present
A002957,E0041,2024-02-22,Present
A013945,E0213,2026-08-31,Present
A003743,E0050,2024-06-24,Absent
A003915,E0052,2024-05-06,Present
A009071,E0128,2025-04-24,Present
A011189,E0175,2026-01-13,Present
A001420,E0020,2024-03-12,Present
A001104,E0016,2024-01-16,Present
A006502,E0093,2024-10-17,Present
A010438,E0153,2025-02-25,Present
A013242,E0205,2025-10-23,Present
A010620,E0166,2025-10-02,Present
A001559,E0022,2024-02-01,Present
A006757,E0096,2024-09-05,Present
A009293,E0132,2025-02-13,Present
A007198,E0101,2024-10-17,Tardy
A014619,E0221,2026-07-08,Present
A003524,E0048,2024-05-21,Present
A004543,E0060,2024-03-26,tardy
A000035,E0001,2024-01-23,Present
A003401,E0046,2024-06-12,P
A014881,E0225,2026-04-28,Present
A005900,E0086,11/07/2024,Present
A005901,E0086,11/11/2024,Tardy
A011202,E0175,2026-02-26,Present
A007600,E0107,12/10/2024,Present
A002653,E0037,2023-12-05,Present
A005329,E0078,2024-03-05,Present
A006211,E0090,2024-09-26,Present
A014278,E0217,2026-07-28,Absent
A012455,E0194,2025-11-11,Present
A012506,E0194,2026-06-04,Tardy
A007158,E0100,2025-02-27,Present
A012067,E0188,2026-02-10,Present
A000293,E0004,05/21/2024,Excused
A002837,E0039,2024-06-11,Present
A012391,E0193,2025-12-16,Present
A007853,E0111,2024-11-05,Excused
A011842,E0185,2026-01-08,Present
A002871,E0040,01/16/2024,Present
A008066,E0114,2024-12-05,Present
A007461,E0104,2025-04-08,Present
A013293,E0205,2026-05-19,Present
A010802,E0169,2025-09-11,Present
A007500,E0105,2024-11-21,Present
A007949,E0112,2025-02-11,Absent
A001536,E0022,2023-10-31,Present
A001319,E0019,2023-12-05,P
A002731,E0038,2023-12-14,Excused
A010478,E0156,2025-02-25,Present
A010768,E0168,02/12/2026,Present
A007049,E0099,09/30/2024,Present
A014174,E0216,2026-06-30,Present
A004880,E0066,2024-05-14,Present
A010898,E0170,04/09/2026,Present
A009316,E0132,2025-05-13,Present
A013870,E0213,04/21/2026,Present
A014031,E0214,2026-08-26,Present
A002229,E0031,2024-01-16,Present
A002642,E0037,2023-10-19,Present
A004419,E0059,2024-02-13,Present
A009405,E0134,2024-10-01,Excused
A006837,E0097,2024-08-14,Present
A009748,E0138,2025-04-22,Present
A007497,E0105,2024-11-12,PRESENT
A007220,E0101,2025-01-21,P
A000357,E0005,04/09/2024,Present
A015044,E0227,2026-04-27,Present
A011992,E0187,2026-01-29,P
A014101,E0215,2026-07-27,Present
A008662,E0123,2024-09-10,Present
A004585,E0060,2024-06-12,Present
A000838,E0012,2024-05-16,Tardy
A000267,E0004,2024-02-15,Present
A006691,E0095,10/23/2024,Present
A002007,E0028,01/25/2024,Present
A006368,E0091,2025-02-05,Present
A011113,E0174,2025-12-16,Present
A002363,E0033,2024-01-16,Present
A010293,E0146,2024-11-12,Present
A009672,E0137,2025-04-03,Present
A012640,E0196,04/30/2026,Present
A011205,E0175,2026-03-10,Present
A013714,E0211,2026-05-26,Present
A009193,E0130,2025-01-23,PRESENT
A000827,E0012,2024-04-04,Present
A013173,E0204,2025-11-04,Present
A004254,E0057,2024-02-01,Present
A006367,E0091,2025-02-04,Present
A013692,E0210,2026-09-17,Present
A008496,E0120,10/31/2024,Present
A001442,E0020,2024-05-30,present
A003067,E0043,2023-09-21,Present
A009888,E0140,2025-03-25,Present
A002749,E0038,2024-02-22,Present
A011141,E0174,2026-04-07,Present
A009261,E0132,2024-10-08,Tardy
A003062,E0042,2024-06-11,Present
A000890,E0013,02/22/2024,P
A013825,E0212,07/06/2026,Tardy
A012870,E0200,2025-09-11,Present
A006742,E0096,2024-08-12,Present
A001964,E0027,2024-05-21,Present
A003126,E0043,2024-05-02,Tardy
A006196,E0090,09/02/2024,Absent
A006416,E0092,2024-10-30,Present
A001128,E0016,04/09/2024,PRESENT
A009402,E0134,2024-09-19,Present
A012701,E0197,03/17/2026,Present
A006713,E0095,12/09/2024,Present
A009972,E0141,2025-05-08,Present
A008500,E0120,11/14/2024,Present
A007863,E0111,2024-12-17,Present
A011843,E0185,2026-01-13,Present
A001544,E0022,2023-12-05,Present
A003264,E0045,2024-04-03,Present
A008982,E0127,2025-02-20,Present
A010023,E0142,2025-02-13,Present
A002269,E0032,2023-10-26,Present
A003771,E0051,02/13/2024,Present
A009609,E0136,2025-05-15,Present
A008223,E0116,01/23/2025,Present
A000133,E0002,04/11/2024,Present
A009741,E0138,03/20/2025,Present
A011987,E0187,2026-01-13,Present
A000604,E0009,11/09/2023,Present
A000048,E0001,03/07/2024,Present
A000844,E0012,2024-06-06,P
A000394,E0006,2023-11-14,Present
A014073,E0215,2026-06-08,Present
A011760,E0184,2025-11-13,Present
A008073,E0114,2025-01-09,Present
A004990,E0069,2024-04-18,P
A003929,E0052,05/29/2024,Present
A005512,E0082,2024-10-10,present
A007278,E0102,11/12/2024,Present
A006215,E0090,2024-10-03,Present
A013331,E0206,2026-01-13,Present
A013556,E0209,2026-06-25,Present
A009335,E0133,2024-10-10,Present
A002278,E0032,12/05/2023,Present
A011878,E0185,2026-05-21,Present
A003235,E0045,2024-02-13,Present
A012565,E0195,04/21/2026,Present
A003499,E0048,04/02/2024,Present
A011958,E0187,2025-09-11,Present
A004614,E0061,2024-02-05,Present
A007370,E0103,2025-02-04,Present
A010391,E0149,2025-02-20,Present
A000402,E0006,12/19/2023,Present
A006373,E0092,2024-08-15,Present
A005728,E0084,2024-12-10,Present
A013020,E0202,2025-10-02,Present
A015178,E0228,07/15/2026,Present
A010857,E0170,2025-10-28,PRESENT
A011752,E0184,10/16/2025,Absent
A004681,E0061,06/05/2024,Present
A005009,E0070,02/06/2024,Present
A010418,E0152,2025-02-05,Present
A003404,E0046,2024-06-18,Present
A007502,E0105,2024-12-05,Present
A003884,E0052,2024-03-06,Present
A011942,E0186,2026-04-23,Present
A009660,E0137,2025-02-20,Present
A009146,E0129,2025-05-01,Present
A006612,E0094,2024-11-18,Present
A001574,E0022,2024-03-26,PRESENT
A014309,E0218,2026-04-20,Present
A014784,E0223,2026-06-18,Present
A002424,E0034,2023-11-14,Present
A008979,E0127,2025-02-11,P
A005265,E0076,2024-04-25,Present
A007306,E0102,2025-03-06,Present
A003549,E0048,2024-07-03,present
A008147,E0115,2025-01-14,Present
A010209,E0145,2024-10-03,Present
A012160,E0189,04/30/2026,Present
A013050,E0202,2026-02-05,Present
A008130,E0115,2024-10-29,Present
A011684,E0183,10/30/2025,Present
A006126,E0089,10/10/2024,Present
A013302,E0206,2025-09-11,Present
A005502,E0082,2024-09-24,Present
A014116,E0215,2026-08-20,Present
A000810,E0012,2024-02-06,Present
A011275,E0176,2026-03-03,Present
A007426,E0104,2024-11-19,Present
A002651,E0037,2023-11-21,Present
A007931,E0112,2024-11-21,tardy
A001023,E0015,12/19/2023,Present
A011941,E0186,2026-04-21,PRESENT
A003191,E0044,2024-03-26,Present
A003621,E0049,2024-05-15,Present
A001703,E0024,2024-01-11,Tardy
A012971,E0201,2026-01-13,Present
A006922,E0097,2025-01-29,Present
A003651,E0050,2024-01-09,Present
A010305,E0146,2025-01-09,Present
A008055,E0114,2024-10-22,P
A014760,E0223,2026-05-07,Present
A011227,E0175,2026-06-02,Present
A012979,E0201,02/10/2026,Present
A011950,E0186,2026-05-21,P
A003371,E0046,2024-04-22,P
A014450,E0219,2026-07-21,Present
A010585,E0164,2025-06-23,Present
A009431,E0134,01/16/2025,Present
A011807,E0184,2026-05-26,Present
A009530,E0135,2025-04-24,present
A011420,E0178,2026-03-05,Present
A010403,E0150,2025-02-13,Present
A007302,E0102,2025-02-20,Present
A010457,E0155,2025-02-03,Present
A008867,E0126,2024-09-10,Present
A000665,E0010,2023-09-21,P
A010598,E0165,2025-06-17,Present
A009188,E0130,2025-01-07,Present
A013998,E0214,06/30/2026,Present
A001737,E0024,05/14/2024,Present
A005260,E0076,2024-04-04,Present
A011324,E0177,2025-11-20,Present
A003348,E0046,2024-03-06,Present
A001569,E0022,2024-03-07,Present
A000463,E0007,2023-12-19,Present
A000744,E0011,2024-03-07,Excused
A000223,E0003,2024-06-06,Present
A010066,E0143,2024-10-15,P
A003995,E0054,02/13/2024,Present
A001980,E0028,2023-10-10,Present
A013855,E0212,2026-08-26,Present
A000626,E0009,2024-02-08,Excused
A010912,E0170,2026-06-04,Present
A009377,E0133,2025-03-25,Present
A007568,E0106,11/05/2024,Present
A012295,E0192,09/16/2025,P
A000345,E0005,2024-02-27,Present
A005495,E0082,2024-09-11,Present
A008215,E0116,2024-12-17,Present
A008992,E0127,03/27/2025,Absent
A001005,E0015,2023-10-10,Present
A004450,E0059,04/08/2024,Present
A002281,E0032,2023-12-14,Present
A000457,E0007,2023-11-21,Present
A013012,E0201,2026-06-11,Present
A013262,E0205,2026-01-22,Present
A004336,E0057,2024-07-01,Present
A002622,E0036,2024-05-16,Present
A000874,E0013,2023-12-21,Tardy
A006652,E0095,2024-08-15,PRESENT
A013874,E0213,2026-04-28,Present
A008743,E0124,2024-10-08,tardy
A006409,E0092,2024-10-17,Present
A014808,E0223,2026-07-30,Present
A005115,E0072,2024-05-16,Present
A009788,E0139,2024-12-10,Present
A005213,E0075,2024-03-07,Present
A010437,E0153,2025-02-24,Present
A001761,E0025,2023-10-31,Present
A000843,E0012,2024-06-04,Present
A013512,E0208,2026-05-28,Present
A013049,E0202,2026-02-03,Present
A006823,E0096,01/20/2025,Present
A005200,E0074,2024-06-11,Present
A004804,E0064,2024-05-21,Present
A002903,E0040,2024-05-09,Present
A010934,E0171,2025-11-13,Present
A011783,E0184,2026-02-24,Present
A015025,E0226,2026-08-04,Present
A014534,E0220,07/14/2026,Present
A014730,E0222,2026-08-18,Present
A014422,E0219,2026-06-02,Present
A006801,E0096,2024-11-21,Present
A009144,E0129,2025-04-24,Present
A008458,E0119,2025-03-20,Present
A003432,E0047,2024-02-07,Excused
A014496,E0220,05/07/2026,Present
A009266,E0132,2024-10-24,Present
A013397,E0207,2025-12-09,Present
A006248,E0090,2024-12-09,present
A014537,E0220,2026-07-20,Present
A012471,E0194,2026-01-27,Present
A004726,E0062,2024-02-26,Present
A001470,E0021,2023-12-07,Present
A005131,E0073,2024-02-22,Present
A008383,E0118,03/13/2025,Present
A010416,E0152,2025-02-03,P
A008541,E0120,2025-05-01,Present
A009442,E0134,2025-02-25,Present
A009357,E0133,2025-01-14,Present
A012392,E0193,2025-12-18,Present
A013128,E0203,02/26/2026,Present
A000369,E0005,2024-05-23,Present
A012888,E0200,2025-11-13,present
A003594,E0049,03/25/2024,excused
A001416,E0020,2024-02-27,Present
A006593,E0094,2024-10-15,Absent
A008331,E0117,2025-06-03,Present
A009863,E0140,2024-12-17,present
A012460,E0194,2025-12-04,Present
A008355,E0118,2024-11-19,Present
A007114,E0100,09/10/2024,Present
A006179,E0089,2025-01-30,Present
A002826,E0039,2024-05-02,present
A009552,E0136,2024-10-03,Present
A001722,E0024,03/19/2024,Present
A012309,E0192,2025-11-04,P
A005325,E0078,02/20/2024,PRESENT
A004061,E0055,2024-02-14,Present
A014815,E0223,2026-08-12,Tardy
A001825,E0026,2023-09-21,Present
A010800,E0168,2026-06-11,Present
A007418,E0104,2024-10-22,Present
A012356,E0192,05/14/2026,Present
A012084,E0188,04/09/2026,Present
A009631,E0137,2024-10-24,Present
A003233,E0045,2024-02-08,Excused
A001919,E0027,2023-12-05,Present
A006821,E0096,01/15/2025,Present
A001570,E0022,03/12/2024,Present
A001832,E0026,2023-10-17,Present
A000348,E0005,2024-03-07,Tardy
A001243,E0018,2023-11-30,Present
A008110,E0114,2025-05-27,Present
A007665,E0108,2024-11-05,Present
A011576,E0180,2026-04-23,Present
A013542,E0209,2026-06-02,Present
A010482,E0157,06/17/2025,Absent
A009186,E0130,2024-12-19,P
A006913,E0097,2025-01-14,Present
A012197,E0190,2025-12-09,PRESENT
A013416,E0207,2026-02-26,Present
A008258,E0116,2025-06-03,P
A006795,E0096,2024-11-12,Present
A014320,E0218,05/07/2026,Present
A012604,E0196,2025-12-04,Present
A011579,E0180,2026-05-05,Present
A014017,E0214,08/03/2026,Present
A012755,E0198,2026-01-13,Present
A014696,E0222,2026-06-18,Present
A009297,E0132,2025-02-27,Present
A013681,E0210,2026-08-31,present
A010946,E0171,2026-01-15,Present
A010867,E0170,12/09/2025,Present
A013405,E0207,01/20/2026,Present
A001223,E0018,2023-09-14,Absent
A006803,E0096,12/03/2024,Absent
A002135,E0030,2023-10-26,Present
A009179,E0130,2024-11-19,Present
A013623,E0210,2026-05-20,Present
A015183,E0228,2026-07-23,Present
A008014,E0113,2025-02-27,Present
A012409,E0193,2026-03-03,PRESENT
A000510,E0007,2024-06-11,Present
A010715,E0167,2026-01-13,Present
A003987,E0054,2024-01-30,Present
A000749,E0011,2024-03-26,Present
A005247,E0076,2024-02-20,Present
A001260,E0018,2024-02-06,Present
A004719,E0062,2024-02-13,PRESENT
A001889,E0026,2024-05-21,Present
A009744,E0138,2025-04-01,present
A000712,E0011,2023-11-02,Present
A013765,E0211,08/24/2026,Present
A014043,E0214,2026-09-16,Present
A008222,E0116,2025-01-21,Present
A005834,E0085,2025-01-14,Present
A012239,E0190,05/26/2026,Present
A013482,E0208,02/05/2026,Excused
A008665,E0123,2024-09-19,Present
A004809,E0064,2024-06-06,Present
A003330,E0046,2024-02-05,Tardy
A003294,E0045,2024-05-30,PRESENT
A014385,E0218,2026-08-31,P
A012617,E0196,2026-02-03,Present
A006349,E0091,2025-01-02,present
A011402,E0178,2025-12-18,Present
A011469,E0179,2025-12-02,Present
A013392,E0207,2025-11-13,Present
A010299,E0146,2024-12-10,Present
A004866,E0066,2024-03-21,Present
A005552,E0082,2025-01-08,Excused
A009484,E0135,2024-10-22,PRESENT
A007741,E0109,2024-11-14,Tardy
A000105,E0002,2024-01-04,Present
A007093,E0099,2025-01-02,Present
A001795,E0025,2024-03-12,Present
A010726,E0167,2026-02-19,Present
A014622,E0221,2026-07-14,P
A002387,E0033,2024-04-09,PRESENT
A006754,E0096,2024-09-02,Tardy
A004848,E0065,06/06/2024,Present
A011456,E0179,2025-10-09,Present
A005838,E0085,2025-01-21,Present
A008460,E0119,2025-03-27,Present
A001659,E0023,05/02/2024,Present
A000213,E0003,2024-05-02,Present
A012865,E0199,2026-06-02,Present
A005887,E0086,2024-10-16,Present
A004420,E0059,2024-02-14,Present
A014500,E0220,2026-05-14,Present
A005194,E0074,2024-05-21,Present
A005736,E0084,2025-01-06,Tardy
A001360,E0019,2024-05-07,Present
A000335,E0005,2024-01-23,Present
A002167,E0030,2024-02-29,Present
A003111,E0043,2024-03-07,Present
A005710,E0084,2024-10-31,
A015004,E0226,2026-06-29,Present
A000793,E0012,2023-11-30,Present
A000234,E0004,2023-10-10,Present
A008733,E0123,2025-06-10,Present
A012488,E0194,2026-03-26,Present
A001065,E0015,2024-05-23,Present
A000210,E0003,2024-04-23,Present
A011722,E0183,2026-04-02,Present
A011086,E0173,2026-06-11,Present
A008571,E0121,2024-11-07,Present
A013288,E0205,04/30/2026,Present
A004499,E0060,2024-01-09,Present
A006425,E0092,2024-11-14,Present
A006299,E0091,2024-09-18,Absent
A002414,E0034,2023-10-10,Absent
A009840,E0140,2024-09-19,Present
A007975,E0113,2024-09-26,Present
A011853,E0185,2026-02-17,Present
A007504,E0105,2024-12-12,Present
A000872,E0013,2023-12-14,Present
A001264,E0018,02/20/2024,Present
A001619,E0023,2023-12-05,Present
A013718,E0211,2026-06-02,Present
A004346,E0058,2024-01-18,Tardy
A010330,E0146,04/08/2025,Present
A002415,E0034,2023-10-12,present
A012344,E0192,2026-03-26,PRESENT
A013846,E0212,2026-08-11,Present
A006725,E0095,2025-01-09,present
A001221,E0017,2024-06-13,Present
A011962,E0187,09/25/2025,Present
A001766,E0025,2023-11-16,Tardy
A006492,E0093,2024-10-01,Present
A008711,E0123,2025-03-18,Present
A013699,E0211,2026-04-29,Present
A002002,E0028,2024-01-09,present
A005610,E0083,2024-10-21,Present
A009080,E0128,2025-05-27,Present
A004582,E0060,06/06/2024,Absent
A013908,E0213,06/25/2026,Present
A001486,E0021,02/08/2024,Present
A003583,E0049,2024-03-05,Present
A002524,E0035,2024-02-22,Present
A005991,E0087,2024-11-05,Present
A008631,E0122,2025-02-20,T
A014475,E0219,2026-09-02,Present
A008086,E0114,2025-02-25,present
A003079,E0043,2023-11-02,Present
A004834,E0065,2024-04-18,Tardy
A010382,E0149,2025-02-05,Present
A001306,E0019,2023-10-12,P
A004783,E0064,2024-03-05,present
A006207,E0090,2024-09-19,Present
A014377,E0218,2026-08-17,PRESENT
A004382,E0058,03/21/2024,Absent
A014519,E0220,2026-06-17,PRESENT
A014335,E0218,06/03/2026,Present
A008442,E0119,2025-01-23,Present
A006244,E0090,2024-12-02,Present
A009807,E0139,2025-02-25,Present
A002166,E0030,2024-02-27,Present
A000618,E0009,2024-01-11,Present
A014908,E0225,06/15/2026,Present
A010581,E0164,2025-06-16,P
A013868,E0212,09/17/2026,Present
A008736,E0124,2024-09-12,Present
A010500,E0158,2025-07-03,Present
A011543,E0180,2025-12-09,Present
A014581,E0221,2026-05-04,Present
A002164,E0030,2024-02-20,Present
A004771,E0063,2024-06-11,Present
A013205,E0204,2026-03-17,Present
A015062,E0227,2026-05-27,Present
A002005,E0028,2024-01-18,P
A010365,E0148,2025-02-04,PRESENT
A014694,E0222,2026-06-16,Present
A003048,E0042,2024-04-23,Present
A008164,E0115,03/13/2025,Present
A013631,E0210,2026-06-03,Present
A011961,E0187,2025-09-23,PRESENT
A009662,E0137,2025-02-27,Present
A008999,E0127,2025-04-29,P
A008413,E0119,2024-09-26,Tardy
A011789,E0184,03/17/2026,Present
A003096,E0043,2024-01-16,Present
A007739,E0109,11/07/2024,Absent
A003286,E0045,2024-05-16,Present
A008420,E0119,2024-10-22,PRESENT
A012397,E0193,2026-01-20,Present
A014924,E0225,2026-07-13,Present
A001314,E0019,2023-11-09,present
A008837,E0125,2025-01-07,Tardy
A007476,E0104,06/05/2025,Excused
A008594,E0122,2024-09-26,Present
A002904,E0040,2024-05-14,present
A013013,E0202,2025-09-09,Present
A003334,E0046,2024-02-12,Present
A012739,E0198,2025-10-28,Present
A003054,E0042,05/14/2024,Present
A009797,E0139,2025-01-21,Present
A005073,E0071,2024-05-07,Present
A012026,E0187,2026-06-04,Present
A010062,E0143,2024-10-01,Present
A009090,E0129,2024-09-24,Present
A002270,E0032,10/31/2023,Present
A002695,E0037,2024-05-09,Present
A008388,E0118,2025-04-01,PRESENT
A007519,E0105,02/13/2025,Abs
A010215,E0145,2024-10-24,Tardy
A009610,E0136,2025-05-20,P
A010783,E0168,04/07/2026,Absent
A011165,E0175,2025-09-30,Present
A010042,E0142,2025-04-29,PRESENT
A008105,E0114,2025-05-08,Present
A012487,E0194,2026-03-24,Present
A004708,E0062,2024-01-24,Present
A013711,E0211,2026-05-20,Present
A002115,E0029,2024-05-23,Present
A007634,E0107,2025-04-24,Present
A001542,E0022,2023-11-21,Present
A010238,E0145,2025-01-30,Present
A002603,E0036,2024-03-07,Present
A013195,E0204,2026-02-10,Present
A004608,E0061,2024-01-24,Present
A010709,E0167,12/09/2025,Present
A013656,E0210,2026-07-16,Present
A011079,E0173,2026-05-19,Present
A004757,E0063,2024-04-23,present
A007947,E0112,2025-02-04,Tardy
A005539,E0082,12/04/2024,Present
A008397,E0118,2025-05-08,Present
A000521,E0008,2023-10-12,Present
A010723,E0167,2026-02-10,Present
A012203,E0190,2026-01-13,Present
A009664,E0137,2025-03-06,Present
A009352,E0133,2024-12-17,Present
A001093,E0016,2023-11-30,Present
A008797,E0124,2025-05-08,Present
A008778,E0124,02/25/2025,Present
A004914,E0067,2024-04-25,Present
A006124,E0089,2024-10-08,Present
A009378,E0133,2025-03-27,Present
A003772,E0051,02/14/2024,present
A006673,E0095,2024-09-23,Tardy
A001110,E0016,2024-02-06,Present
A004656,E0061,2024-04-23,Present
A012844,E0199,2026-03-12,Present
A001039,E0015,2024-02-20,Excused
A007677,E0108,2025-01-02,Present
A000021,E0001,2023-11-21,Present
A012413,E0193,2026-03-17,Present
A010371,E0148,2025-02-13,Present
A005532,E0082,2024-11-14,Present
A009294,E0132,2025-02-18,present
A000935,E0014,10/26/2023,Present
A012808,E0199,2025-10-16,Absent
A006884,E0097,2024-11-05,Present
A013907,E0213,2026-06-24,Present
A014527,E0220,2026-07-01,Tardy
A001727,E0024,2024-04-04,Present
A004491,E0059,06/24/2024,Absent
A010548,E0161,2025-07-10,Present
A009050,E0128,2025-02-04,Present
A001738,E0024,2024-05-16,Present
A010957,E0171,2026-02-24,Present
A006766,E0096,2024-09-23,Present
A000562,E0008,2024-03-19,Present
A009593,E0136,2025-03-13,Present
A014189,E0216,2026-07-27,Present
A012167,E0189,2026-05-26,Present
A001163,E0017,2023-11-07,Present
A012301,E0192,2025-10-07,Present
A014060,E0215,2026-05-14,Present
A015102,E0227,2026-08-05,Present
A013409,E0207,02/03/2026,Present
A001528,E0022,2023-10-03,Present
A008125,E0115,2024-10-10,Present
A008224,E0116,01/28/2025,Present
A002931,E0041,2023-11-09,Present
A008538,E0120,2025-04-22,Present
A000059,E0001,2024-04-18,Present
A013885,E0213,2026-05-18,Present
A012001,E0187,03/03/2026,Present
A013110,E0203,2025-12-11,Present
A004484,E0059,2024-06-11,present
A002292,E0032,01/30/2024,present
A007282,E0102,12/03/2024,PRESENT
A013187,E0204,2026-01-13,Present
A012466,E0194,2026-01-08,Present
A010826,E0169,12/11/2025,Present
A011111,E0174,12/09/2025,Present
A011837,E0185,12/09/2025,present
A001650,E0023,2024-03-28,Present
A015166,E0228,2026-06-24,Present
A007101,E0099,2025-01-16,Present
A002725,E0038,2023-11-16,Present
A011307,E0177,2025-09-23,PRESENT
A000939,E0014,11/09/2023,Present
A004511,E0060,2024-01-30,Present
A013180,E0204,2025-12-04,Present
A014609,E0221,2026-06-22,Present
A004695,E0061,2024-07-01,Present
A012920,E0200,2026-03-26,Present
A006863,E0097,09/30/2024,Present
A000999,E0015,2023-09-19,present
A008991,E0127,2025-03-25,Present
A004529,E0060,2024-02-29,Present
A003871,E0052,2024-02-13,Present
A009181,E0130,2024-12-03,P
A005355,E0078,2024-06-06,Tardy
A014624,E0221,2026-07-16,Present
A002908,E0040,2024-05-28,PRESENT
A011035,E0173,2025-11-18,PRESENT
A010030,E0142,2025-03-11,Present
A003539,E0048,2024-06-17,Present
A014979,E0226,2026-05-14,Present
A005994,E0087,2024-11-11,present
A014526,E0220,2026-06-30,Present
A000916,E0013,2024-05-28,Present
A013901,E0213,2026-06-15,PRESENT
A004416,E0059,2024-02-07,Present
A011735,E0183,2026-05-26,Present
A010540,E0161,06/26/2025,Present
A011115,E0174,2026-01-06,Present
A001818,E0025,2024-06-04,Absent
A015008,E0226,07/06/2026,Tardy
A010144,E0144,2024-10-31,T
A003950,E0053,2024-01-08,Present
A000338,E0005,2024-02-01,Tardy
A006432,E0092,2024-12-04,PRESENT
A002073,E0029,2023-12-19,Present
A013318,E0206,11/06/2025,Present
A005823,E0085,2024-12-12,Present
A010782,E0168,2026-04-02,Present
A005144,E0073,2024-04-09,Present
A009403,E0134,09/24/2024,present
A003514,E0048,2024-05-02,Present
A002816,E0039,2024-03-26,Present
A009363,E0133,2025-02-04,Present
A006376,E0092,2024-08-21,Present
A009797,E0139,2025-01-21,Present
A013811,E0212,2026-06-10,Present
A008062,E0114,2024-11-14,Present
A012094,E0188,2026-05-21,Present
A008639,E0122,03/20/2025,Present
A000767,E0011,2024-05-30,Excused
A003783,E0051,2024-03-05,Tardy
A008179,E0115,2025-05-13,Present
A001145,E0016,2024-06-11,Present
A012544,E0195,2026-01-29,Tardy
A002511,E0035,01/09/2024,Present
A007750,E0109,2025-01-02,Excused
A002274,E0032,2023-11-14,Present
A002861,E0040,2023-12-05,Present
A001222,E0018,2023-09-12,Present
A011088,E0174,2025-09-11,Present
A004865,E0066,2024-03-19,Present
A014900,E0225,2026-06-01,tardy
A009738,E0138,03/11/2025,Present
A008297,E0117,2025-01-28,A
A007018,E0098,02/04/2025,Absent
A015050,E0227,2026-05-06,Present
A004925,E0067,2024-06-04,Tardy
A004533,E0060,2024-03-07,Present
A011357,E0177,2026-04-07,Tardy
A001673,E0024,2023-09-14,Present
A012451,E0194,2025-10-28,Tardy
A015005,E0226,2026-06-30,Present
A014269,E0217,2026-07-13,Absent
A004056,E0055,2024-02-06,Present
A011018,E0173,09/18/2025,Present
A001809,E0025,2024-05-02,Present
A002276,E0032,11/21/2023,Present
A003762,E0051,2024-01-29,Present
A009098,E0129,2024-10-22,P
A012627,E0196,03/10/2026,Present
A010123,E0143,2025-05-27,Present
A007304,E0102,2025-02-27,Present
A002046,E0028,2024-06-13,
A010564,E0162,2025-07-10,Tardy
A015063,E0227,2026-05-28,Present
A005114,E0072,2024-05-14,Present
A001296,E0018,2024-06-13,Present
A008732,E0123,2025-06-05,Present
A004688,E0061,2024-06-18,Absent
A003953,E0053,2024-01-11,Present
A006891,E0097,2024-11-18,Present
A004318,E0057,2024-05-29,Present
A010303,E0146,2025-01-02,Present
A000445,E0007,2023-10-10,Present
A005520,E0082,2024-10-24,Present
A000859,E0013,2023-10-24,Present
A009153,E0129,2025-05-27,Present
A004440,E0059,2024-03-20,Present
A005322,E0078,2024-02-08,Present
A000842,E0012,2024-05-30,Present
A010069,E0143,10/24/2024,PRESENT
A007325,E0102,2025-05-20,Present
A014240,E0217,2026-05-21,Present
A011839,E0185,2025-12-16,Present
A000995,E0014,2024-06-11,Present
A007581,E0107,2024-09-26,Present
A013643,E0210,06/24/2026,Present
A001555,E0022,01/18/2024,Present
A010314,E0146,2025-02-11,Present
A001974,E0028,2023-09-19,Present
A001952,E0027,2027-04-07,Present
A014495,E0220,05/06/2026,Tardy
A009734,E0138,2025-02-25,P
A007802,E0110,2025-02-06,Present
A009125,E0129,2025-02-11,Present
A002514,E0035,2024-01-18,Present
A005560,E0082,2025-01-22,Present
A011435,E0178,2026-05-05,Present
A006302,E0091,09/24/2024,present
A002836,E0039,2024-06-06,Present
A004701,E0062,01/11/2024,Present
A002446,E0034,2024-02-13,Present
A002234,E0031,2024-02-01,Absent
A003051,E0042,2024-05-02,Present
A012107,E0189,2025-09-30,Present
A000401,E0006,2023-12-14,Present
A007786,E0110,2024-12-03,P
A007972,E0113,09/17/2024,Present
A005199,E0074,2024-06-06,
A008109,E0114,2025-05-22,Present
A010109,E0143,2025-04-01,Present
A001024,E0015,2023-12-21,Present
A003299,E0045,2024-06-10,Present
A006825,E0096,2025-01-22,Present
A009297,E0132,2025-02-27,Present
A015009,E0226,2026-07-07,Present
A010630,E0166,2025-11-06,Present
A008277,E0117,2024-10-31,Present
A005895,E0086,2024-10-30,Present
A004242,E0057,2024-01-11,Present
A005425,E0080,2024-05-09,Present
A008817,E0125,2024-10-10,Present
A008138,E0115,2024-12-03,Present
A009196,E0130,02/04/2025,Present
A004310,E0057,2024-05-15,Present
A004081,E0055,2024-03-20,Absent
A000804,E0012,2024-01-16,Present
A001551,E0022,2024-01-04,Present
A001010,E0015,2023-10-26,Present
A009480,E0135,2024-10-08,Present
A013741,E0211,2026-07-13,Present
A002738,E0038,2024-01-16,P
A012165,E0189,2026-05-19,Present
A005096,E0072,2024-03-07,Tardy
A000649,E0009,2024-05-02,Present
A009030,E0128,11/07/2024,Present
A002863,E0040,12/12/2023,Present
A004976,E0069,2024-02-27,present
A009337,E0133,2024-10-17,Present
A006400,E0092,2024-10-02,Present
A009153,E0129,2025-05-27,Present
A008197,E0116,2024-10-08,Excused
A000551,E0008,2024-02-08,Present
A011514,E0179,2026-05-28,Present
A005618,E0083,2024-11-04,Tardy
A008150,E0115,2025-01-23,Present
A009089,E0129,2024-09-19,Present
A000212,E0003,2024-04-30,Present
A012849,E0199,2026-03-31,Absent
A010679,E0166,2026-05-26,Present
A006344,E0091,2024-12-12,Present
A001782,E0025,2024-01-25,Present
A011220,E0175,2026-05-07,Present
A003544,E0048,06/25/2024,Present
A012434,E0193,2026-06-04,Present
A001439,E0020,05/21/2024,Present
A002516,E0035,01/25/2024,Present
A002869,E0040,2024-01-09,Tardy
A002435,E0034,01/04/2024,Tardy
A005046,E0070,2024-06-18,Present
A004793,E0064,2024-04-09,Present
A011231,E0176,2025-09-09,Present
A011918,E0186,2026-01-22,P
A012025,E0187,2026-06-02,Excused
A006631,E0094,01/08/2025,Present
A006476,E0093,2024-09-03,Present
A001315,E0019,2023-11-14,Present
A009560,E0136,10/31/2024,Excused
A011153,E0174,2026-05-26,Present
A012754,E0198,2026-01-08,present
A003980,E0054,2024-01-17,Present
A000013,E0001,2023-10-24,Present
A013078,E0202,2026-05-21,present
A000819,E0012,2024-03-07,Present
A002785,E0039,2023-11-30,Present
A013763,E0211,08/19/2026,Tardy
A013309,E0206,2025-10-07,Present
A000454,E0007,11/09/2023,Present
A001050,E0015,2024-03-28,Present
A014895,E0225,05/21/2026,Present
A001657,E0023,2024-04-25,Present
A003458,E0048,2024-01-22,Present
A013069,E0202,2026-04-21,Present
A013436,E0207,05/14/2026,Present
A012056,E0188,2025-12-18,Present
A013342,E0206,2026-02-19,Present
A005140,E0073,2024-03-26,Present
A002909,E0040,2024-05-30,Present
A011361,E0177,2026-04-28,Present
A000941,E0014,2023-11-16,Present
A012691,E0197,2026-02-10,Present
A008684,E0123,2024-12-03,Present
A011822,E0185,2025-10-09,Present
A008020,E0113,2025-03-20,PRESENT
A012256,E0191,2025-10-16,Tardy
A009813,E0139,2025-03-18,Present
A004635,E0061,2024-03-12,Absent
A011703,E0183,2026-01-27,Present
A013489,E0208,2026-03-03,Present
A006956,E0098,2024-09-30,Present
A001401,E0020,2024-01-04,Present
A009951,E0141,2025-02-18,Present
A000031,E0001,2024-01-09,Present
A006364,E0091,2025-01-29,Present
A006259,E0090,2025-01-08,Tardy
A013658,E0210,2026-07-21,Present
A003678,E0050,2024-02-26,Present
A011932,E0186,2026-03-12,Present
A000673,E0010,2023-10-19,Present
A012422,E0193,2026-04-23,Present
A007727,E0109,2024-09-26,Excused
A012206,E0190,2026-01-22,Present
A014636,E0221,2026-08-06,Present
A005467,E0081,2024-05-21,Present
A012267,E0191,2025-12-02,Present
A015144,E0228,2026-05-18,Present
A009157,E0129,2025-06-10,Present
A001109,E0016,2024-02-01,Present
A013891,E0213,2026-05-27,Present
A013931,E0213,2026-08-05,Present
A003230,E0045,2024-02-05,Present
A008874,E0126,10/03/2024,Present
A012566,E0195,2026-04-23,Present
A008373,E0118,02/06/2025,Abs
A003320,E0046,2024-01-17,Present
A010284,E0146,10/10/2024,Present
A005836,E0085,01/16/2025,Present
A012396,E0193,01/15/2026,Tardy
A009459,E0134,05/01/2025,Present
A008328,E0117,2025-05-22,PRESENT
A010505,E0159,2025-06-16,Present
A002554,E0035,2024-06-11,P
A004776,E0064,02/08/2024,Present
A014220,E0216,09/17/2026,Present
A002687,E0037,2024-04-09,Present
A010339,E0146,2025-05-15,Present
A011467,E0179,2025-11-18,Present
A001564,E0022,2024-02-20,Present
A012884,E0200,2025-10-30,P
A000556,E0008,2024-02-27,Present
A003072,E0043,2023-10-10,tardy
A013232,E0205,2025-09-18,Present
A013329,E0206,2026-01-06,Present
A004475,E0059,2024-05-27,Tardy
A007751,E0109,2025-01-07,Present
A012680,E0197,2025-12-18,Present
A011438,E0178,2026-05-14,P
A004857,E0066,2024-02-20,Present
A005269,E0076,2024-05-09,Present
A002854,E0040,2023-11-02,Present
A006910,E0097,2025-01-08,Present
A008028,E0113,2025-04-24,Present
A012829,E0199,2026-01-20,Present
A010116,E0143,05/01/2025,Present
A008482,E0120,2024-09-12,Present
A004602,E0061,2024-01-15,Tardy
A013355,E0206,2026-04-07,Present
A007203,E0101,2024-11-05,Present
A014185,E0216,2026-07-20,Present
A002214,E0031,2023-11-09,P
A004930,E0067,2024-06-20,tardy
A013372,E0206,2026-06-11,Present
A011248,E0176,11/06/2025,PRESENT
A013652,E0210,2026-07-09,
A007016,E0098,2025-01-30,Tardy
A002112,E0029,05/14/2024,PRESENT
A013948,E0213,2026-09-03,P
A011367,E0177,2026-05-19,Present
A013555,E0209,2026-06-24,Present
A013954,E0213,2026-09-15,Present
A008193,E0116,09/24/2024,Present
A015109,E0227,2026-08-18,Present
A007518,E0105,2025-02-11,Present
A004447,E0059,2024-04-02,P
A013909,E0213,2026-06-29,Present
A011512,E0179,2026-05-21,Present
A008031,E0113,2025-05-06,Present
A009165,E0130,2024-10-01,Present
A005027,E0070,2024-04-09,Present
A000029,E0001,2024-01-02,Tardy
A014559,E0220,2026-08-26,PRESENT
A012326,E0192,2026-01-22,Present
A010466,E0156,2025-02-04,Present
A010281,E0146,10/01/2024,PRESENT
A000356,E0005,04/04/2024,Excused
A001430,E0020,2024-04-18,Present
A011343,E0177,2026-02-17,Present
A010842,E0169,02/19/2026,Present
A011090,E0174,2025-09-18,Present
A012574,E0195,2026-05-21,Present
A013085,E0203,2025-09-09,PRESENT
A000333,E0005,2024-01-16,Present
A005644,E0083,2025-01-07,Present
A009210,E0130,2025-03-25,Present
A007841,E0111,09/24/2024,Present
A013750,E0211,2026-07-28,
A004225,E0056,2024-06-11,Present
A000965,E0014,2024-02-22,P
A012450,E0194,2025-10-23,Present
A000121,E0002,2024-02-29,Present
A004931,E0068,2024-02-06,Present
A014729,E0222,2026-08-17,Present
A005580,E0083,2024-08-28,Present
A013253,E0205,2025-12-09,Present
A008145,E0115,2025-01-07,Present
A004711,E0062,2024-01-30,present
A003282,E0045,2024-05-09,Present
A002371,E0033,2024-02-13,Present
A005523,E0082,2024-10-30,Tardy
A002545,E0035,2024-05-09,Present
A013799,E0212,2026-05-20,present
A014006,E0214,2026-07-14,Present
A002886,E0040,03/07/2024,Absent
A010296,E0146,2024-11-21,Present
A002179,E0030,2024-04-11,Tardy
A011185,E0175,2025-12-16,Present
A004899,E0067,2024-02-29,P
A005154,E0073,2024-05-16,PRESENT
A001210,E0017,2024-05-07,Present
A005171,E0074,02/27/2024,Present
A008293,E0117,2025-01-14,Present
A009845,E0140,2024-10-08,Present
A007966,E0112,04/10/2025,Present
A003124,E0043,2024-04-25,Present
A013581,E0209,2026-08-10,Present
A001545,E0022,2023-12-07,Present
A010733,E0168,09/23/2025,Present
A014628,E0221,2026-07-23,T
A011000,E0172,2025-10-23,Present
A007230,E0101,2025-02-25,Present
A011732,E0183,2026-05-14,Tardy
A010138,E0144,2024-10-10,Present
A013665,E0210,2026-08-03,present
A014012,E0214,2026-07-23,Absent
A000946,E0014,2023-12-12,Present
A010969,E0171,2026-04-07,Present
A004551,E0060,2024-04-09,Present
A013733,E0211,2026-06-29,Present
A012519,E0195,2025-10-14,Present
A008242,E0116,2025-04-01,Tardy
A008540,E0120,04/29/2025,P
A009286,E0132,2025-01-21,Present
A014640,E0221,2026-08-13,Present
A001676,E0024,2023-09-26,Present
A009661,E0137,2025-02-25,Present
A001562,E0022,2024-02-13,Present
A011880,E0185,2026-05-28,Present
A014824,E0223,2026-08-27,Present
A008006,E0113,2025-01-30,Present
A006214,E0090,2024-10-02,Present
A008201,E0116,2024-10-22,A
A006045,E0088,2024-08-28,Present
A004542,E0060,03/25/2024,Present
A001783,E0025,2024-01-30,Present
A007524,E0105,2025-03-04,Present
A013786,E0212,2026-04-28,Present
A001096,E0016,2023-12-12,Present
A007221,E0101,2025-01-23,Present
A010927,E0171,2025-10-21,Present
A008015,E0113,03/04/2025,Present
A003288,E0045,2024-05-21,present
A012704,E0197,2026-03-26,Present
A000678,E0010,2023-11-07,Present
A006194,E0090,2024-08-28,Present
A002606,E0036,2024-03-19,Present
A011388,E0178,2025-10-23,Present
A001393,E0020,2023-11-30,Present
A007321,E0102,2025-05-06,Present
A013301,E0206,2025-09-09,Present
A000753,E0011,2024-04-09,present
A001712,E0024,2024-02-13,Present
A003738,E0050,2024-06-13,Present
A015038,E0226,2026-08-26,Tardy
A015035,E0226,08/20/2026,Absent
A013129,E0203,2026-03-03,Present
A003216,E0045,2024-01-10,present
A000798,E0012,12/19/2023,Present
A008424,E0119,2024-11-05,PRESENT
A001778,E0025,2024-01-11,Present
A004114,E0055,2024-05-22,Present
A001771,E0025,2023-12-12,Present
A013999,E0214,2026-07-01,P
A011743,E0184,09/16/2025,Tardy
A013101,E0203,2025-11-04,present
A008518,E0120,2025-02-04,
A006413,E0092,2024-10-24,Present
A003023,E0042,2024-01-23,Excused
A014247,E0217,2026-06-03,Present
A004229,E0056,2024-06-18,Present
A014146,E0216,2026-05-12,Present
A003013,E0042,2023-12-12,Present
A015209,E0228,2026-09-08,Present
A009933,E0141,2024-12-05,Present
A005765,E0085,2024-08-27,Present
A012567,E0195,2026-04-28,Present
A004620,E0061,2024-02-14,Present
A011274,E0176,2026-02-26,Present
A011104,E0174,11/06/2025,Present
A007192,E0101,2024-09-26,T
A010185,E0144,2025-04-10,Tardy
A000528,E0008,2023-11-07,Present
A000367,E0005,2024-05-16,Present
A006099,E0089,08/26/2024,present
A014117,E0215,2026-08-24,Present
A004265,E0057,02/21/2024,Present
A004263,E0057,2024-02-19,Present
A008479,E0119,06/10/2025,Present
A006826,E0096,2025-01-23,Present
A001920,E0027,2023-12-07,Present
A000702,E0011,2023-09-28,Present
A006171,E0089,2025-01-16,Present
A006881,E0097,2024-10-30,Present
A009643,E0137,2024-12-12,
A005019,E0070,03/12/2024,present
A007014,E0098,2025-01-28,Absent
A004424,E0059,02/21/2024,Tardy
A012149,E0189,2026-03-17,Present
A004869,E0066,2024-04-02,P
A001299,E0019,2023-09-19,Present
A013949,E0213,2026-09-07,Present
A001353,E0019,2024-04-09,Present
A002927,E0041,10/26/2023,Present
A013661,E0210,2026-07-27,PRESENT
A014829,E0223,2026-09-07,Present
A001288,E0018,2024-05-16,Present
A006934,E0098,2024-08-21,Excused
A011574,E0180,2026-04-09,Present
A012578,E0195,2026-06-04,Present
A004351,E0058,01/29/2024,Tardy
A008894,E0126,2024-12-19,Absent
A003698,E0050,04/01/2024,Excused
A002014,E0028,2024-02-20,Present
A010280,E0146,2024-09-26,Present
A004374,E0058,2024-03-07,Present
A009256,E0132,2024-09-19,Present
A005678,E0084,2024-09-05,Present
A013349,E0206,2026-03-17,Present
A008700,E0123,02/06/2025,Present
A002148,E0030,2023-12-19,Present
A008632,E0122,02/25/2025,Present
A002706,E0038,09/12/2023,present
A005474,E0081,2024-06-13,Present
A013092,E0203,2025-10-02,Present
A002571,E0036,2023-11-02,Present
A010360,E0147,2025-02-24,Present
A008427,E0119,2024-11-14,Absent
A009907,E0140,2025-06-05,Present
A013815,E0212,2026-06-17,absent
A007613,E0107,2025-02-04,Present
A008171,E0115,04/08/2025,Present
A011226,E0175,2026-05-28,Tardy
A000811,E0012,2024-02-08,Present
A007771,E0110,2024-10-03,PRESENT
A005685,E0084,2024-09-18,Present
A012786,E0198,2026-05-07,Present
A000313,E0005,10/24/2023,Excused
A002074,E0029,2023-12-21,Present
A012280,E0191,2026-01-31,Present
A011555,E0180,2026-02-03,Present
A011257,E0176,2025-12-16,Present
A000886,E0013,2024-02-08,Present
A001478,E0021,2024-01-11,Present
A001791,E0025,2024-02-27,Present
A003143,E0044,2023-09-26,Tardy
A011370,E0177,05/28/2026,Present
A002009,E0028,2024-02-01,Present
A003455,E0048,2024-01-16,Tardy
A000683,E0010,2023-11-30,Present
A003896,E0052,2024-03-27,Present
A008046,E0114,2024-09-19,Tardy
A010309,E0146,01/23/2025,Present
A009647,E0137,2025-01-07,Present
A000058,E0001,04/11/2024,present
A009427,E0134,2025-01-02,Present
A013881,E0213,2026-05-11,Present
A010671,E0166,2026-04-28,Absent
A002400,E0033,2024-05-28,Present
A012624,E0196,2026-02-26,Present
A014802,E0223,2026-07-21,Tardy
A004127,E0055,2024-06-13,P
A009119,E0129,2025-01-21,Absent
A009039,E0128,12/17/2024,Present
A009700,E0138,2024-10-10,Present
A001469,E0021,12/05/2023,Present
A005762,E0085,2024-08-21,Present
A001417,E0020,2024-02-29,P
A000471,E0007,2024-01-23,Present
A002359,E0033,01/02/2024,Present
A002723,E0038,2023-11-09,Present
A007408,E0104,2024-09-17,Tardy
A006887,E0097,2024-11-11,Tardy
A015129,E0228,2026-04-21,Present
A011634,E0181,2026-02-26,Absent
A013037,E0202,2025-12-09,Present
A009034,E0128,11/21/2024,PRESENT
A004526,E0060,2024-02-26,Present
A004611,E0061,2024-01-30,Present
A014048,E0215,04/23/2026,Present
A012385,E0193,2025-11-18,Present
A006042,E0088,2024-08-22,Absent
A011931,E0186,2026-03-14,Present
A003870,E0052,2024-02-12,Excused
A009070,E0128,2025-04-22,Present
A014747,E0222,2026-09-16,Excused
A013241,E0205,2025-10-21,Present
A006787,E0096,2024-10-29,Present
A008263,E0117,09/12/2024,Present
A011138,E0174,2026-03-26,Present
A010812,E0169,2025-10-16,Present
A012080,E0188,2026-03-26,Present
A004675,E0061,2024-05-27,present
A001056,E0015,2024-04-23,Present
A002282,E0032,2023-12-19,Present
A009382,E0133,2025-04-10,Present
A011410,E0178,2026-01-29,Excused
A015147,E0228,2026-05-21,Present
A007498,E0105,2024-11-14,Present
A001925,E0027,2024-01-02,Present
A006380,E0092,2024-08-28,Present
A004908,E0067,2024-04-02,Present
A010392,E0149,2025-02-24,Present
A013902,E0213,2026-06-16,Present
A001076,E0016,09/26/2023,Present
A001116,E0016,2024-02-27,P
A003937,E0052,2024-06-12,Tardy
A003534,E0048,2024-06-06,P
A009356,E0133,2025-01-09,present
A007919,E0112,2024-10-10,Present
A000461,E0007,2023-12-12,Present
A003033,E0042,2024-02-27,Present
A004208,E0056,2024-05-13,Present
A006714,E0095,2024-12-10,Present
A013710,E0211,2026-05-19,Present
A006399,E0092,10/01/2024,Tardy
A005842,E0085,01/28/2025,Present
A007890,E0111,2025-04-01,Tardy
A001453,E0021,2023-10-03,Present
A002150,E0030,2024-01-02,Present
A000320,E0005,2023-11-16,Present
A008087,E0114,2025-02-27,Present
A008619,E0122,2025-01-09,
A006770,E0096,2024-09-30,Present
A001923,E0027,2023-12-19,Present
A010656,E0166,2026-02-26,Present
A013667,E0210,2026-08-05,Present
A004399,E0059,01/09/2024,Tardy
A013058,E0202,2026-03-05,Present
A010425,E0153,2025-02-03,Present
A008963,E0127,12/05/2024,Present
A014516,E0220,06/11/2026,Present
A002130,E0030,2023-10-10,Present
A006404,E0092,2024-10-09,Present
A011053,E0173,2026-02-10,Present
A006479,E0093,2024-09-09,Present
A006301,E0091,2024-09-23,Present
A008881,E0126,10/29/2024,Present
A011184,E0175,2025-12-11,Present
A014024,E0214,08/13/2026,Present
A014041,E0214,2026-09-14,Present
A002510,E0035,2024-01-04,Present
A001053,E0015,2024-04-09,Tardy
A012999,E0201,04/28/2026,Present
A006153,E0089,2024-12-04,PRESENT
A001682,E0024,2023-10-17,Present
A014371,E0218,2026-08-05,Present
A004068,E0055,2024-02-27,
A005025,E0070,2024-04-02,PRESENT
A001457,E0021,2023-10-17,Tardy
A008426,E0119,11/12/2024,Excused
A000362,E0005,2024-04-30,Present
A008886,E0126,2024-11-14,Present
A014743,E0222,2026-09-09,Present
A009214,E0130,04/08/2025,Absent
A015167,E0228,2026-06-25,Present
A003146,E0044,10/05/2023,Present
A013802,E0212,2026-05-26,Present
A008765,E0124,2025-01-09,present
A000506,E0007,05/28/2024,Present
A010681,E0166,2026-06-02,Present
A007285,E0102,2024-12-12,Present
A013703,E0211,2026-05-06,Present
A012244,E0190,2026-06-11,Present
A009902,E0140,2025-05-20,
A012284,E0191,2026-02-12,Present
A000541,E0008,2024-01-04,Present
A004236,E0056,2024-07-01,Present
A005508,E0082,2024-10-03,Present
A013022,E0202,2025-10-09,Excused
A011203,E0175,2026-03-03,Present
A010101,E0143,2025-03-04,Present
A013889,E0213,05/25/2026,Present
A000755,E0011,2024-04-18,Present
A009052,E0128,02/11/2025,Present
A002004,E0028,2024-01-16,Present
A002543,E0035,2024-05-02,Present
A006074,E0088,2024-10-17,Present
A002919,E0041,09/28/2023,Present
A007820,E0110,2025-04-10,Present
A005219,E0075,03/28/2024,absent
A000238,E0004,2023-10-24,Present
A004272,E0057,2024-03-05,Present
A005876,E0086,2024-09-26,Present
A007400,E0103,2025-05-27,Excused
A000101,E0002,2023-12-14,Present
A010512,E0159,2025-06-26,Present
A011077,E0173,05/12/2026,Present
A009821,E0139,04/22/2025,PRESENT
A008835,E0125,2024-12-19,PRESENT
A005363,E0079,2024-02-15,Present
A004767,E0063,2024-05-28,Present
A008146,E0115,2025-01-09,Present
A004881,E0066,2024-05-16,Present
A009483,E0135,2024-10-17,PRESENT
A000602,E0009,2023-11-02,Present
A009786,E0139,12/03/2024,Present
A013723,E0211,06/10/2026,Present
A006183,E0089,02/06/2025,Tardy
A007380,E0103,03/11/2025,Tardy
A005958,E0087,2024-09-09,Present
A002432,E0034,2023-12-19,Tardy
A008744,E0124,10/10/2024,Present
A001045,E0015,03/12/2024,Present
A012042,E0188,2025-10-23,Present
A001558,E0022,2024-01-30,Present
A005010,E0070,2024-02-08,Present
A001488,E0021,2024-02-15,Excused
A006578,E0094,2024-09-18,Present
A010911,E0170,2026-06-02,Present
A014147,E0216,2026-05-13,Tardy
A011284,E0176,04/02/2026,Present
A002116,E0029,2024-05-28,Present
A005796,E0085,2024-10-21,Present
A013662,E0210,2026-07-28,Present
A014717,E0222,2026-07-27,Present
A010120,E0143,2025-05-15,Present
A005492,E0082,2024-09-05,Present
A010793,E0168,2026-05-19,Excused
A000619,E0009,2024-01-16,Present
A007950,E0112,2025-02-13,Present
A014310,E0218,2026-04-21,Tardy
A008659,E0122,2025-06-05,Present
A015036,E0226,2026-08-24,Present
A003397,E0046,2024-06-05,Present
A001601,E0023,2023-09-26,PRESENT
A014008,E0214,2026-07-16,present
A012213,E0190,02/17/2026,Present
A001616,E0023,2023-11-16,PRESENT
A001753,E0025,10/03/2023,Present
A008927,E0126,2025-05-01,Present
A002041,E0028,05/28/2024,Present
A002084,E0029,2024-02-01,Present
A009489,E0135,2024-11-07,Present
A000547,E0008,2024-01-25,Present
A006200,E0090,2024-09-09,Present
A011015,E0173,2025-09-09,Present
A009815,E0139,2025-03-25,Present
A011551,E0180,2026-01-20,Tardy
A005148,E0073,2024-04-25,Present
A011460,E0179,2025-10-23,PRESENT
A000676,E0010,10/31/2023,Present
A002546,E0035,2024-05-14,P
A004372,E0058,2024-03-05,Present
A012792,E0198,2026-05-28,Present
A004000,E0054,2024-02-21,present
A014604,E0221,2026-06-11,Present
A006015,E0087,2025-01-06,Present
A005097,E0072,2024-03-12,Present
A000176,E0003,2023-12-14,Present
A014645,E0221,2026-08-24,Present
A002209,E0031,2023-10-24,Present
A003610,E0049,2024-04-25,Present
A012027,E0187,2026-06-09,Present
A013299,E0205,2026-06-09,Present
A003788,E0051,2024-03-13,Present
A007477,E0104,06/10/2025,PRESENT
A011898,E0186,2025-10-23,PRESENT
A006459,E0092,2025-02-03,Present
A002226,E0031,2024-01-04,Present
A003050,E0042,2024-04-30,Present
A000297,E0004,2024-06-04,P
A001127,E0016,04/04/2024,Present
A008630,E0122,2025-02-18,Present
A014637,E0221,2026-08-10,Present
A011213,E0175,2026-04-07,Present
A002442,E0034,2024-01-30,Present
A013210,E0204,04/02/2026,Present
A008065,E0114,2024-12-03,Present
A001323,E0019,2023-12-19,Present
A001604,E0023,2023-10-05,Present
A004211,E0056,2024-05-16,Present
A014002,E0214,2026-07-07,Present
A013243,E0205,2025-10-28,Absent
A009665,E0137,2025-03-11,Present
A004066,E0055,2024-02-22,Present
A006905,E0097,2024-12-18,Present
A001295,E0018,2024-06-11,Present
A005008,E0069,2024-06-20,Absent
A006070,E0088,2024-10-10,Present
A006387,E0092,2024-09-10,Present
A014379,E0218,2026-08-19,Present
A010884,E0170,2026-02-19,Present
A007404,E0103,06/10/2025,Present
A004072,E0055,2024-03-05,Present
A001508,E0021,2024-04-30,Present
A008910,E0126,2025-02-25,Present
A001560,E0022,2024-02-06,P
A009129,E0129,2025-02-25,Present
A005578,E0083,2024-08-26,Present
A007208,E0101,2024-11-21,Present
A013352,E0206,2026-03-26,Present
A012513,E0195,2025-09-23,Present
A010035,E0142,2025-03-27,Present
A001837,E0026,2023-11-02,Present
A005612,E0083,10/23/2024,Present
A007640,E0107,2025-05-15,Present
A008560,E0121,10/01/2024,Present
A005336,E0078,2024-03-28,Present
A001355,E0019,2024-04-18,Present
A014801,E0223,07/20/2026,Present
A004142,E0056,2024-01-11,Present
A014897,E0225,2026-05-26,Present
A013512,E0208,2026-05-28,Present
A013572,E0209,2026-07-23,Present
A004845,E0065,2024-05-28,Present
A004724,E0062,2024-02-21,Present
A006261,E0090,2025-01-13,Absent
A013779,E0211,2026-09-16,Present
A006907,E0097,01/02/2025,Present
A003281,E0045,05/08/2024,Excused
A004033,E0054,2024-04-24,Absent
A006721,E0095,2025-01-02,Present
A001236,E0018,2023-10-31,Present
A008676,E0123,2024-10-29,Present
A012251,E0191,2025-09-30,Present
A010828,E0169,12/18/2025,tardy
A013709,E0211,2026-05-18,Present
A010357,E0147,2025-02-18,Present
A002252,E0031,04/04/2024,present
A001026,E0015,2024-01-04,Tardy
A011956,E0186,2026-06-11,Present
A013975,E0214,2026-05-20,Present
A006650,E0095,2024-08-13,Excused
A014659,E0221,09/16/2026,Present
A008338,E0118,09/19/2024,Present
A009927,E0141,2024-11-07,Present
A003398,E0046,2024-06-06,Present
A000314,E0005,10/26/2023,Present
A000637,E0009,2024-03-19,Present
A006150,E0089,2024-11-21,Present
A008792,E0124,2025-04-22,Present
A012843,E0199,2026-03-10,Present
A009816,E0139,2025-03-27,Present
A012745,E0198,2025-11-18,Present
A013400,E0207,2025-12-18,Present
A007792,E0110,01/02/2025,Present
A012618,E0196,2026-02-05,Absent
A001153,E0017,2023-10-03,Present
A002971,E0041,2024-04-11,Present
A011814,E0185,2025-09-11,Present
A002585,E0036,2024-01-04,Present
A008857,E0125,03/18/2025,Excused
A003886,E0052,2024-03-11,Late
A014774,E0223,2026-06-02,Absent
A011848,E0185,2026-01-29,present
A008823,E0125,2024-10-31,Present
A004772,E0063,2024-06-13,Present
A010558,E0162,2025-07-01,PRESENT
A010988,E0172,2025-09-11,Present
A006698,E0095,2024-11-05,Present
A007294,E0102,2025-01-23,Present
A009970,E0141,2025-05-01,Present
A011530,E0180,2025-10-16,Present
A012320,E0192,12/18/2025,Present
A012345,E0192,2026-03-31,Present
A007132,E0100,2024-11-12,Present
A006059,E0088,2024-09-23,Present
A001841,E0026,2023-11-16,Present
A013984,E0214,06/04/2026,Present
A001565,E0022,2024-02-22,Present
A003674,E0050,2024-02-19,Present
A008507,E0120,2024-12-17,Present
A013314,E0206,2025-10-23,Present
A004699,E0062,2024-01-09,Present
A004337,E0057,2024-07-02,Present
A003321,E0046,2024-01-18,Present
A005193,E0074,2024-05-16,Present
A002273,E0032,2023-11-09,Present
A014449,E0219,2026-07-20,Present
A006158,E0089,12/12/2024,Present
A004255,E0057,2024-02-05,Present
A004774,E0063,2024-06-20,Present
A006576,E0094,2024-09-16,Present
A012305,E0192,10/21/2025,Present
A004710,E0062,2024-01-29,Present
A000848,E0013,2023-09-14,Present
A009617,E0136,2025-06-12,Present
A005545,E0082,2024-12-16,Present
A005527,E0082,2024-11-06,Present
A000839,E0012,2024-05-21,Present
A005462,E0081,2024-05-02,Present
A013102,E0203,2025-11-06,Present
A008763,E0124,2025-01-02,Present
A007829,E0110,2025-05-20,Present
A004598,E0061,2024-01-08,P
A005917,E0086,2024-12-16,P
A001418,E0020,2024-03-05,Present
A005786,E0085,2024-10-02,P
A008298,E0117,2025-01-30,Present
A003849,E0051,2024-07-03,Present
A000605,E0009,2023-11-14,P
A009599,E0136,2025-04-03,PRESENT
A013515,E0208,2026-06-09,Present
A002079,E0029,2024-01-16,Present
A011228,E0175,2026-06-04,Present
A007226,E0101,2025-02-11,Present
A002312,E0032,2024-04-09,Present
A011114,E0174,2025-12-18,Present
A004344,E0058,2024-01-16,Present
A001472,E0021,2023-12-14,Present
A010745,E0168,11/04/2025,Present
A001983,E0028,10/19/2023,Present
A008740,E0124,2024-09-26,Present
A004467,E0059,2024-05-13,Present
A000200,E0003,03/14/2024,Present
A006677,E0095,2024-09-30,Absent
A000486,E0007,03/14/2024,PRESENT
A006976,E0098,2024-11-04,Present
A003271,E0045,2024-04-22,Excused
A004725,E0062,2024-02-22,Present
A005729,E0084,2024-12-11,Present
A002824,E0039,2024-04-25,Present
A004552,E0060,2024-04-10,Present
A009980,E0141,2025-06-05,Present
A005337,E0078,2024-04-02,Present
A003246,E0045,03/04/2024,Abs
A004454,E0059,2024-04-18,Present
A010473,E0156,02/17/2025,Present
A005818,E0085,12/04/2024,Present
A009774,E0139,2024-10-15,Present
A003750,E0051,2024-01-08,Excused
A002203,E0031,2023-10-03,Present
A012139,E0189,2026-02-10,Excused
A014865,E0224,2026-06-08,Present
A002795,E0039,2024-01-11,Present
A007626,E0107,2025-03-20,PRESENT
A014797,E0223,2026-07-13,Present
A012815,E0199,2025-11-11,Present
A000525,E0008,2023-10-26,Present
A010762,E0168,2026-01-22,Present
A014232,E0217,2026-05-07,Present
A000948,E0014,2023-12-19,Present
A011849,E0185,02/03/2026,Absent
A009035,E0128,2024-12-03,Present
A012163,E0189,2026-05-12,Present
A001281,E0018,04/23/2024,Exc.
A009465,E0134,2025-05-22,Present
A000123,E0002,2024-03-07,Tardy
A004367,E0058,2024-02-26,PRESENT
A005886,E0086,2024-10-15,Present
A011602,E0181,2025-10-16,present
A011891,E0186,2025-09-30,Present
A008251,E0116,2025-05-08,Absent
A002303,E0032,2024-03-07,Present
A013882,E0213,2026-05-12,Present
A011542,E0180,2025-12-04,Present
A013573,E0209,2026-07-27,present
A005821,E0085,2024-12-10,Present
A011628,E0181,2026-02-05,Present
A001006,E0015,10/12/2023,Tardy
A003461,E0048,2024-01-25,Present
A013219,E0204,2026-05-12,P
A011492,E0179,2026-03-05,P
A013821,E0212,2026-06-29,Present
A003056,E0042,2024-05-21,Present
A013666,E0210,2026-08-04,present
A003567,E0049,2024-02-06,Present
A010068,E0143,10/22/2024,Present
A002133,E0030,2023-10-19,Present
A000502,E0007,2024-05-14,Present
A013618,E0210,2026-05-12,Present
A009876,E0140,2025-02-11,Present
A003186,E0044,2024-03-07,Present
A006154,E0089,2024-12-05,Present
A008094,E0114,2025-03-25,Present
A000230,E0004,2023-09-26,Present
A009835,E0139,2025-06-10,present
A004002,E0054,02/26/2024,Tardy
A008216,E0116,2024-12-19,Present
A014053,E0215,2026-05-04,Present
A010763,E0168,2026-01-27,Present
A009433,E0134,2025-01-23,Tardy
A003008,E0042,2023-11-16,Excused
A009618,E0137,2024-09-10,Present
A004588,E0060,2024-06-18,Present
A004222,E0056,2024-06-05,Tardy
A004306,E0057,2024-05-08,Present
A009413,E0134,2024-10-29,Present
A007954,E0112,2025-02-27,Tardy
A002751,E0038,2024-02-29,Present
A012753,E0198,2026-01-06,Present
A000596,E0009,2023-10-12,Present
A007211,E0101,12/10/2024,Excused
A004377,E0058,2024-03-13,Excused
A002945,E0041,2024-01-11,Present
A008063,E0114,11/19/2024,present
A007638,E0107,2025-05-08,Present
A002719,E0038,2023-10-26,Present
A003363,E0046,2024-04-02,Present
A011468,E0179,2025-11-20,Present
A010359,E0147,2025-02-20,Present
A005825,E0085,2024-12-17,Present
A009781,E0139,11/07/2024,Present
A014975,E0226,2026-05-07,Present
A005231,E0075,2024-05-14,Present
A009223,E0130,2025-05-15,Present
A014543,E0220,2026-07-29,Present
A006747,E0096,2024-08-20,present
A004162,E0056,2024-02-15,Present
A008164,E0115,03/13/2025,Present
A014489,E0220,2026-04-27,Present
A006879,E0097,2024-10-28,Present
A008826,E0125,2024-11-12,Present
A013304,E0206,09/18/2025,Present
A005323,E0078,2024-02-13,Present
A005562,E0082,2025-01-27,Present
A012756,E0198,2026-01-15,Present
A008614,E0122,2024-12-12,Tardy
A013508,E0208,2026-05-14,Present
A014200,E0216,2026-08-13,Present
A011327,E0177,12/09/2025,P
A007835,E0110,2025-06-10,P
A011052,E0173,2026-02-05,Present
A008723,E0123,2025-05-06,Present
A004868,E0066,2024-03-28,present
A009298,E0132,2025-03-04,Present
A008962,E0127,2024-12-03,Late
A001018,E0015,2023-11-30,Tardy
A008266,E0117,2024-09-24,PRESENT
A008035,E0113,2025-05-20,Present
A014539,E0220,2026-07-22,T
A001929,E0027,01/16/2024,Present
A013313,E0206,2025-10-21,Excused
A000351,E0005,2024-03-19,Present
A006704,E0095,2024-11-14,Present
A008810,E0125,2024-09-17,Present
A000224,E0003,2024-06-11,Present
A006031,E0087,2025-02-03,Present
A014372,E0218,2026-08-06,Present
A013353,E0206,2026-03-31,P
A013144,E0203,2026-04-30,Present
A009404,E0134,2024-09-26,Absent
A002501,E0035,2023-11-21,Present
A008861,E0125,2025-04-01,Absent
A009896,E0140,2025-04-29,present
A000565,E0008,2024-03-28,present
A001583,E0022,2024-04-30,Present
A005546,E0082,12/17/2024,Present
A002176,E0030,2024-04-02,Present
A010176,E0144,2025-03-11,Tardy
A011680,E0183,2025-10-16,Present
A000340,E0005,2024-02-08,Present
A003934,E0052,2024-06-06,present
A012247,E0191,09/16/2025,Present
A007357,E0103,2024-12-10,Present
A002708,E0038,2023-09-19,Present
A015179,E0228,2026-07-16,Present
A009943,E0141,2025-01-21,Present
A005212,E0075,03/05/2024,Present
A014947,E0225,08/20/2026,
A009441,E0134,2025-02-20,Present
A012229,E0190,2026-04-21,Present
A003536,E0048,2024-06-11,Present
A013796,E0212,2026-05-14,Present
A012827,E0199,2026-01-13,Present
A002398,E0033,2024-05-21,Present
A006658,E0095,2024-08-27,Absent
A003740,E0050,2024-06-18,Present
A011999,E0187,2026-02-24,Present
A000822,E0012,2024-03-19,Tardy
A002064,E0029,2023-11-09,P
A013094,E0203,2025-10-09,Present
A010374,E0148,2025-02-19,Present
A000082,E0002,2023-10-03,present
A005420,E0080,2024-04-23,P
A010139,E0144,2024-10-15,Present
A014249,E0217,2026-06-08,Present
A010155,E0144,2024-12-17,Present
A002698,E0037,2024-05-21,Present
A000832,E0012,2024-04-25,Present
A004575,E0060,2024-05-27,
A003827,E0051,2024-05-27,PRESENT
A005925,E0086,2025-01-09,Present
A010991,E0172,09/23/2025,Present
A001398,E0020,2023-12-19,Present
A010511,E0159,2025-06-25,Present
A002834,E0039,2024-05-30,Tardy
A010173,E0144,2025-02-27,Present
A014300,E0217,09/03/2026,Present
A007407,E0104,2024-09-12,Present
A014657,E0221,2026-09-14,Present
A009232,E0131,2024-09-10,PRESENT
A013604,E0209,09/17/2026,P
A010275,E0146,2024-09-10,Present
A000049,E0001,2024-03-12,Present
A009386,E0133,2025-05-01,P
A007666,E0108,2024-11-07,E
A009670,E0137,2025-03-27,Present
A006513,E0093,2024-11-06,Present
A011725,E0183,2026-04-21,Present
A007705,E0108,2025-04-10,Present
A011527,E0180,2025-10-07,Present
A006358,E0091,2025-01-20,Present
A004096,E0055,2024-04-22,Present
A002690,E0037,2024-04-23,Tardy
A001190,E0017,2024-02-22,Present
A007458,E0104,2025-03-29,Present
A004846,E0065,2024-05-30,PRESENT
A005211,E0075,2024-02-29,Present
A003991,E0054,02/06/2024,P
A002374,E0033,2024-02-22,Present
A011318,E0177,2025-10-30,Present
A005677,E0084,09/04/2024,Tardy
A013282,E0205,04/02/2026,Present
A002759,E0038,2024-03-28,Present
A010188,E0144,2025-04-29,Present
A006608,E0094,2024-11-11,Present
A009995,E0142,2024-10-22,Present
A011652,E0182,2025-11-06,Tardy
A002489,E0035,2023-10-10,Present
A002580,E0036,12/12/2023,Present
A014792,E0223,2026-07-02,Present
A012441,E0194,2025-09-23,Present
A003881,E0052,2024-02-29,Present
A010158,E0144,2025-01-07,Present
A009076,E0128,2025-05-13,Present
A007782,E0110,2024-11-12,Present
A004935,E0068,02/20/2024,Present
A010197,E0144,05/29/2025,Present
A014119,E0215,2026-08-26,Present
A008378,E0118,2025-02-25,Present
A002210,E0031,10/26/2023,Present
A005236,E0075,2024-05-30,Present
A003946,E0052,2024-06-27,Present
A013664,E0210,2026-07-30,Present
A010064,E0143,2024-10-08,Tardy
A002165,E0030,2024-02-22,Present
A002887,E0040,2024-03-12,Present
A008219,E0116,2025-01-09,Tardy
A011314,E0177,2025-10-16,Present
A001394,E0020,2023-12-05,Present
A000517,E0008,2023-09-28,Present
A011963,E0187,2025-09-30,Present
A008401,E0118,2025-05-22,Present
A005667,E0084,2024-08-19,present
A000173,E0003,2023-12-05,present
A000640,E0009,2024-03-28,Present
A008488,E0120,2024-10-03,Present
A012628,E0196,2026-03-12,Present
A013319,E0206,2025-11-11,Present
A007225,E0101,02/06/2025,P
A011860,E0185,2026-03-12,Present
A005066,E0071,2024-04-09,P
A001144,E0016,2024-06-06,Present
A011043,E0173,2026-01-06,Present
A007436,E0104,2025-01-09,Present
A010910,E0170,2026-05-28,Present
A012871,E0200,2025-09-16,Present
A012224,E0190,2026-03-26,Present
A001833,E0026,10/19/2023,Present
A010935,E0171,2025-11-18,Present
A011073,E0173,2026-04-28,Present
A003687,E0050,2024-03-12,Present
A006228,E0090,2024-10-28,Present
A005701,E0084,2024-10-16,Present
A011634,E0181,2026-02-26,Absent
A014103,E0215,2026-07-29,present
A004538,E0060,03/18/2024,Present
A003516,E0048,2024-05-07,Present
A015162,E0228,2026-06-17,Present
A000835,E0012,2024-05-07,Present
A002487,E0035,2023-10-03,Present
A011470,E0179,2025-12-04,Present
A008757,E0124,2024-12-03,Present
A009400,E0134,2024-09-12,Present
A010395,E0149,2025-02-27,Present
A013565,E0209,2026-07-13,Present
A009549,E0136,2024-09-24,Present
A005468,E0081,2024-05-23,Present
A004916,E0067,2024-05-02,Present
A000066,E0001,2024-05-14,Present
A011391,E0178,2025-11-04,Present
A007885,E0111,2025-03-13,Present
A010439,E0153,2025-02-26,Present
A002025,E0028,03/28/2024,Tardy
A001873,E0026,2024-03-21,Present
A000355,E0005,2024-04-02,PRESENT
A005361,E0079,02/08/2024,Present
A001768,E0025,2023-11-30,Present
A012703,E0197,2026-03-24,Present
A009630,E0137,2024-10-22,Present
A006406,E0092,2024-10-14,Present
A004763,E0063,2024-05-14,Present
A001165,E0017,2023-11-14,Present
A012446,E0194,10/09/2025,Present
A008957,E0127,2024-11-07,Present
A003396,E0046,2024-06-04,Present
A014122,E0215,09/01/2026,Present
A013761,E0211,2026-08-17,Present
A004569,E0060,2024-05-15,Present
A010312,E0146,2025-02-04,Present
A003128,E0043,2024-05-09,P
A007597,E0107,2024-11-21,Present
A006947,E0098,2024-09-12,Present
A000310,E0005,2023-10-12,Present
A011728,E0183,04/30/2026,Present
A008811,E0125,09/19/2024,PRESENT
A014438,E0219,2026-06-30,Present
A010897,E0170,2026-04-07,Present
A011943,E0186,2026-04-28,Tardy
A004355,E0058,2024-02-05,Absent
A012763,E0198,2026-02-10,Present
A013442,E0207,2026-06-04,Present
A009023,E0128,2024-10-15,Present
A003588,E0049,2024-03-13,Excused
A007589,E0107,2024-10-24,Present
A002584,E0036,2024-01-02,Tardy
A013911,E0213,2026-07-01,Present
A002771,E0039,2023-10-05,Excused
A004813,E0064,06/20/2024,Present
A011056,E0173,2026-02-19,Present
A010459,E0155,2025-02-05,Present
A005088,E0072,2024-02-08,Present
A000325,E0005,2023-12-12,Present
A005172,E0074,02/29/2024,Present
A005649,E0083,2025-01-15,Present
A006744,E0096,2024-08-14,Present
A011178,E0175,11/13/2025,Present
A003210,E0044,2024-06-04,Present
A012796,E0198,2026-06-11,Present
A003906,E0052,2024-04-18,Present
A012675,E0197,2025-12-02,P
A001293,E0018,2024-06-04,Present
A005639,E0083,2024-12-17,Present
A014791,E0223,2026-07-01,Present
A014854,E0224,2026-05-19,P
A013577,E0209,2026-08-03,Present
A002380,E0033,2024-03-14,Present
A015141,E0228,2026-05-12,Excused
A009737,E0138,03/06/2025,Present
A003635,E0049,2024-06-10,Present
A004170,E0056,2024-02-29,Present
A008905,E0126,02/06/2025,Present
A006659,E0095,08/28/2024,Present
A013073,E0202,2026-05-05,Present
A015078,E0227,06/24/2026,Present
A003429,E0047,2024-02-01,excused
A004422,E0059,2024-02-19,Present
A001102,E0016,2024-01-09,Present
A012402,E0193,2026-02-05,Present
A014238,E0217,2026-05-19,Present
A014664,E0222,2026-04-23,Present
A003251,E0045,2024-03-12,Present
A004410,E0059,2024-01-29,Present
A004141,E0056,01/10/2024,Present
A003558,E0049,2024-01-22,Present
A000710,E0011,2023-10-26,Present
A000119,E0002,2024-02-22,Present
A002023,E0028,2024-03-21,Present
A004599,E0061,01/09/2024,Present
A007655,E0108,2024-10-01,Present
A014531,E0220,2026-07-08,Present
A006131,E0089,2024-10-21,Present
A007664,E0108,10/31/2024,Present
A006953,E0098,2024-09-24,Absent
A013325,E0206,2025-12-09,Present
A002375,E0033,2024-02-27,Present
A014807,E0223,2026-07-29,Present
A011021,E0173,2025-09-30,Present
A011798,E0184,2026-04-23,Present
A005228,E0075,2024-05-02,Present
A011371,E0177,2026-06-02,P
A006607,E0094,2024-11-07,Present
A004682,E0061,2024-06-06,Present
A010880,E0170,02/05/2026,Tardy
A008590,E0122,2024-09-12,Present
A005004,E0069,2024-06-06,Absent
A007948,E0112,02/06/2025,PRESENT
A007915,E0112,2024-09-26,Present
A002858,E0040,2023-11-16,Present
A004274,E0057,2024-03-07,Present
A005740,E0084,2025-01-13,present
A012917,E0200,2026-03-17,Present
A010290,E0146,2024-10-31,Present
A014084,E0215,2026-06-25,Present
A005471,E0081,2024-06-04,Present
A005817,E0085,2024-12-03,Present
A001159,E0017,2023-10-24,Present
A011232,E0176,09/11/2025,Present
A009116,E0129,2025-01-09,Present
A000088,E0002,2023-10-24,Present
A008092,E0114,2025-03-18,Present
A003383,E0046,2024-05-13,Present
A010743,E0168,2025-10-28,Present
A010141,E0144,10/22/2024,Present
A000404,E0006,01/02/2024,Present
A014962,E0225,2026-09-16,Present
A003351,E0046,2024-03-12,Present
A012799,E0199,2025-09-16,Present
A013857,E0212,2026-08-31,Excused
A010821,E0169,11/18/2025,Present
A006379,E0092,2024-08-27,P
A002242,E0031,2024-02-29,Tardy
A013559,E0209,2026-07-01,Present
A010948,E0171,2026-01-24,Present
A006553,E0093,2025-02-04,Present
A007938,E0112,2025-01-02,Tardy
A010087,E0143,01/14/2025,Present
A006311,E0091,2024-10-09,Present
A001028,E0015,2024-01-11,Present
A014916,E0225,2026-06-29,Present
A003804,E0051,2024-04-10,Present
A005518,E0082,10/22/2024,present
A002437,E0034,2024-01-11,Tardy
A004690,E0061,2024-06-20,Present
A010378,E0148,2025-02-26,Present
A005299,E0077,2024-04-04,Present
A001279,E0018,2024-04-11,Present
A013574,E0209,2026-07-28,Present
A008577,E0121,12/05/2024,Excused
A006857,E0097,2024-09-18,PRESENT
A002043,E0028,2024-06-04,Present
A009925,E0141,2024-10-31,Tardy
A006655,E0095,08/21/2024,Present
A006075,E0088,10/21/2024,Present
A005158,E0073,2024-05-30,Present
A001426,E0020,2024-04-02,Present
A005028,E0070,2024-04-11,present
A005282,E0077,2024-02-06,Present
A013969,E0214,2026-05-11,Present
A001503,E0021,2024-04-09,Present
A014973,E0226,2026-05-05,Tardy
A013168,E0204,2025-10-16,Present
A012588,E0196,2025-10-02,P
A009922,E0141,2024-10-22,Present
A013192,E0204,2026-01-29,Tardy
A006065,E0088,10/02/2024,Present
A000679,E0010,2023-11-09,PRESENT
A006674,E0095,2024-09-24,Present
A005852,E0086,2024-08-15,Present
A007195,E0101,2024-10-08,Absent
A010677,E0166,2026-05-19,Present
A005266,E0076,2024-04-30,Present
A013983,E0214,2026-06-03,Present
A008674,E0123,2024-10-22,Present
A009559,E0136,2024-10-29,Present
A005054,E0071,2024-02-27,Present
A005216,E0075,2024-03-19,Present
A001851,E0026,2024-01-04,Present
A006523,E0093,2024-12-02,Present
A001071,E0015,2024-06-13,Present
A012581,E0196,09/09/2025,Present
A006785,E0096,10/24/2024,Present
A008486,E0120,2024-09-26,Present
A002481,E0035,2023-09-12,Present
A012777,E0198,2026-03-31,Present
A003393,E0046,2024-05-29,Present
A001100,E0016,2024-01-02,Tardy
A005485,E0082,2024-08-26,Present
A012124,E0189,2025-12-04,Present
A009331,E0133,2024-09-26,present
A011899,E0186,2025-10-28,Present
A000419,E0006,2024-02-22,Present
A009708,E0138,2024-11-07,Present
A005820,E0085,2024-12-09,Present
A009977,E0141,2025-05-27,Present
A001948,E0027,2024-03-21,Present
A012064,E0188,2026-01-29,Present
A003337,E0046,2024-02-15,Present
A002300,E0032,2024-02-27,Present
A009392,E0133,2025-05-22,Present
A009395,E0133,2025-06-03,Absent
A015032,E0226,2026-08-17,Present
A000209,E0003,2024-04-18,Present
A008501,E0120,11/19/2024,Present
A003683,E0050,2024-03-05,Present
A008938,E0126,2025-06-10,Present
A014520,E0220,2026-06-18,Present
A014934,E0225,2026-07-29,Present
A000529,E0008,11/09/2023,Present
A005330,E0078,2024-03-07,Tardy
A000780,E0012,2023-10-10,P
A000723,E0011,2023-12-19,Present
A008484,E0120,2024-09-19,Present
A009752,E0138,2025-05-06,Present
A007314,E0102,04/03/2025,Present
A001861,E0026,02/08/2024,Present
A013042,E0202,2026-01-08,Present
A014698,E0222,06/23/2026,Present
A013024,E0202,2025-10-16,Present
A013959,E0214,2026-04-22,Present
A001993,E0028,11/30/2023,Present
A002333,E0033,09/19/2023,Present
A009989,E0142,10/01/2024,Present
A006340,E0091,2024-12-05,Present
A010164,E0144,2025-01-28,Present
A008730,E0123,2025-05-29,Present
A006118,E0089,2024-09-26,Present
A003460,E0048,2024-01-24,Present
A008002,E0113,2025-01-16,present
A006568,E0094,2024-09-02,Present
A013602,E0209,2026-09-15,Present
A013627,E0210,2026-05-27,Present
A008511,E0120,2025-01-09,Present
A012065,E0188,2026-02-03,P
A009569,E0136,2024-12-10,Present
A005493,E0082,2024-09-09,Present
A008884,E0126,2024-11-07,Present
A004519,E0060,2024-02-13,Present
A011270,E0176,2026-02-12,Present
A008409,E0119,2024-09-12,Present
A005139,E0073,2024-03-21,Present
A006756,E0096,2024-09-04,Excused
A012490,E0194,2026-04-02,Present
A012807,E0199,2025-10-14,Excused
A000258,E0004,2024-01-16,Present
A011683,E0183,2025-10-28,Present
A011595,E0181,2025-09-23,Tardy
A013247,E0205,11/11/2025,Tardy
A012264,E0191,2025-11-13,Tardy
A006932,E0098,2024-08-19,Tardy
A009847,E0140,2024-10-15,Present
A013582,E0209,08/11/2026,Present
A003626,E0049,2024-05-23,P
A000703,E0011,2023-10-03,Present
A003190,E0044,2024-03-21,Present
A000504,E0007,2024-05-21,Present
A012083,E0188,2026-04-07,Present
A013568,E0209,2026-07-16,Present
A005442,E0081,2024-02-20,Present
A002557,E0036,09/14/2023,Present
A000849,E0013,2023-09-19,Present
A002249,E0031,2024-03-26,Present
A005617,E0083,2024-10-31,Present
A008941,E0127,2024-09-12,Present
A000373,E0005,06/06/2024,Present
A013626,E0210,2026-05-26,Present
A005318,E0077,2024-06-13,Present
A010892,E0170,2026-03-19,Present
A005488,E0082,2024-08-29,Present
A005304,E0077,2024-04-25,Present
A004053,E0055,2024-01-31,Present
A003938,E0052,2024-06-13,P
A006253,E0090,2024-12-17,Present
A015206,E0228,2026-09-05,Present
A008350,E0118,2024-10-31,Present
A012539,E0195,2026-01-13,Present
A010998,E0172,2025-10-16,Tardy
A004077,E0055,2024-03-13,Present
A000998,E0015,2023-09-14,Present
A004333,E0057,2024-06-25,Tardy
A008448,E0119,2025-02-13,Present
A001177,E0017,2024-01-09,Exc.
A014891,E0225,05/14/2026,Present
A000552,E0008,2024-02-13,Present
A004841,E0065,2024-05-14,Present
A012577,E0195,2026-06-02,Present
A004373,E0058,2024-03-06,Present
A003498,E0048,2024-04-01,Present
A009979,E0141,2025-06-03,Present
A011915,E0186,2026-01-13,Present
A007860,E0111,2024-12-05,Present
A001408,E0020,2024-01-30,Present
A012790,E0198,05/21/2026,Present
A014773,E0223,2026-06-01,Present
A005177,E0074,2024-03-19,Present
A005830,E0085,2025-01-07,PRESENT
A006063,E0088,2024-09-30,Present
A008185,E0115,2025-06-03,P
A010213,E0145,2024-10-17,Present
A006776,E0096,2024-10-09,Present
A003589,E0049,2024-03-14,Present
A011754,E0184,2025-10-23,Tardy
A010526,E0160,2025-06-24,Present
A000694,E0010,2024-01-16,Present
A002534,E0035,2024-03-28,Tardy
A005012,E0070,2024-02-15,Present
A003444,E0047,2024-02-28,PRESENT
A000983,E0014,2024-04-30,Present
A008285,E0117,12/05/2024,Present
A005944,E0087,2024-08-14,Present
A014484,E0219,2026-09-17,Present
A004223,E0056,2024-06-06,Present
A000092,E0002,2023-11-07,Present
A005653,E0083,2025-01-22,Present
A002267,E0032,2023-10-19,Present
A010997,E0172,2025-10-14,Present
A014790,E0223,2026-06-30,Present
A011810,E0184,2026-06-04,Present
A012023,E0187,05/26/2026,Present
A000262,E0004,2024-01-30,Present
A014274,E0217,2026-07-21,Present
A003338,E0046,02/19/2024,Present
A009862,E0140,2024-12-12,Present
A005498,E0082,2024-09-17,Present
A011323,E0177,2025-11-18,present
A004017,E0054,03/21/2024,Present
A003627,E0049,2024-05-27,Present
A012862,E0199,2026-05-21,Present
A000446,E0007,2023-10-12,Present
A006753,E0096,2024-08-29,Present
A005112,E0072,2024-05-07,PRESENT
A005966,E0087,2024-09-23,Present
A007821,E0110,2025-04-22,Present
A012864,E0199,2026-05-28,Present
A003556,E0049,2024-01-17,PRESENT
A002195,E0030,2024-06-11,Present
A008352,E0118,2024-11-07,PRESENT
A007339,E0103,2024-10-01,present
A013139,E0203,2026-04-07,Present
A003368,E0046,2024-04-10,Present
A010204,E0145,09/17/2024,Present
A002868,E0040,01/04/2024,Tardy
A002527,E0035,03/05/2024,Present
A011207,E0175,2026-03-17,Present
A007945,E0112,01/28/2025,Present
A013017,E0202,2025-09-23,Present
A010480,E0156,2025-02-27,Present
A001169,E0017,2023-12-05,Present
A004145,E0056,2024-01-17,Present
A005150,E0073,2024-05-02,Present
A000085,E0002,10/12/2023,Tardy
A003150,E0044,2023-10-19,PRESENT
A012946,E0201,2025-09-25,Present
A000881,E0013,2024-01-23,Present
A006748,E0096,2024-08-21,Present
A009514,E0135,2025-02-20,Present
A006536,E0093,2025-01-06,Present
A007573,E0106,11/21/2024,Present
A014690,E0222,2026-06-09,Present
A010795,E0168,05/26/2026,P
A001468,E0021,2023-11-30,Excused
A011214,E0175,2026-04-09,Present
A005642,E0083,01/02/2025,Present
A006538,E0093,2025-01-08,present
A012643,E0196,2026-05-12,Present
A000453,E0007,2023-11-07,Present
A004327,E0057,06/13/2024,Present
A004045,E0055,2024-01-17,Present
A011867,E0185,2026-04-07,Present
A004138,E0055,2024-07-03,Present
A003040,E0042,2024-03-21,Excused
A009341,E0133,2024-10-31,Present
A013611,E0210,04/29/2026,Present
A008629,E0122,2025-02-13,Present
A005826,E0085,2024-12-18,Present
A008189,E0116,2024-09-10,Present
A011669,E0183,09/09/2025,Present
A000580,E0008,2024-05-23,Present
A005237,E0075,2024-06-04,Present
A006572,E0094,2024-09-09,Present
A014130,E0215,2026-09-15,Present
A007175,E0100,2025-05-06,Present
A007468,E0104,2025-05-08,P
A011283,E0176,03/31/2026,Present
A008272,E0117,2024-10-15,Present
A011305,E0177,09/16/2025,Present
A005588,E0083,09/11/2024,Present
A012563,E0195,2026-04-07,Excused
A002468,E0034,2024-05-02,Present
A004158,E0056,2024-02-08,Present
A006350,E0091,2025-01-06,Present
A012233,E0190,2026-05-05,Present
A011577,E0180,04/28/2026,Present
A000414,E0006,2024-02-06,Present
A000403,E0006,2023-12-21,Present
A004429,E0059,02/29/2024,Present
A002085,E0029,2024-02-06,present
A003058,E0042,2024-05-28,Present
A013376,E0207,2025-09-18,Present
A011483,E0179,2026-02-03,Present
A007061,E0099,2024-10-21,Present
A000165,E0003,2023-10-31,Present
A008911,E0126,2025-02-27,Present
A010298,E0146,2024-12-05,Present
A013729,E0211,2026-06-22,Present
A004303,E0057,05/02/2024,Present
A015053,E0227,2026-05-12,Present
A011464,E0179,2025-11-06,Present
A003318,E0046,2024-01-15,Present
A012436,E0193,2026-06-11,Present
A007866,E0111,2025-01-07,Present
A007583,E0107,2024-10-03,Present
A009776,E0139,2024-10-22,Present
A003935,E0052,06/10/2024,Present
A006852,E0097,2024-09-10,Present
A001848,E0026,2023-12-19,Present
A012111,E0189,2025-10-14,Present
A001335,E0019,02/06/2024,Present
A013039,E0202,2025-12-16,Present
A013564,E0209,2026-07-09,Present
A007768,E0110,2024-09-24,Present
A009027,E0128,2024-10-29,Present
A000754,E0011,2024-04-11,Present
A003065,E0043,2023-09-14,Present
A013531,E0209,2026-05-13,Present
A006998,E0098,2024-12-18,Present
A007537,E0105,2025-04-24,Present
A009811,E0139,2025-03-11,Present
A000707,E0011,2023-10-17,Present
A003492,E0048,2024-03-20,Present
A009820,E0139,2025-04-10,Present
A013906,E0213,2026-06-23,Present
A004574,E0060,2024-05-23,Present
A011907,E0186,2025-12-02,Present
A007632,E0107,2025-04-10,Present
A010538,E0161,2025-06-24,P
A007707,E0108,2025-04-24,Absent
A007055,E0099,2024-10-09,Present
A005581,E0083,2024-08-29,Present
A014253,E0217,2026-06-15,Present
A006841,E0097,2024-08-21,Present
A003152,E0044,2023-10-26,Present
A014732,E0222,2026-08-20,present
A006524,E0093,2024-12-03,Present
A014391,E0218,2026-09-09,Present
A003800,E0051,04/03/2024,Present
A004023,E0054,2024-04-02,Present
A015065,E0227,2026-06-02,Present
A012373,E0193,2025-10-07,Present
A001075,E0016,2023-09-21,Present
A014446,E0219,2026-07-14,Present
A010646,E0166,2026-01-22,Present
A003439,E0047,2024-02-20,excused
A010300,E0146,12/12/2024,Present
A013755,E0211,2026-08-05,Present
A011463,E0179,2025-11-04,Present
A002430,E0034,2023-12-12,Tardy
A000247,E0004,2023-11-30,Present
A003816,E0051,2024-05-07,P
A009884,E0140,2025-03-11,Present
A003633,E0049,2024-06-05,Present
A010244,E0145,2025-02-20,Tardy
A002263,E0032,2023-10-05,Present
A002247,E0031,2024-03-19,Present
A000836,E0012,2024-05-09,Present
A005065,E0071,2024-04-04,Present
A006203,E0090,2024-09-12,Present
A000433,E0006,04/11/2024,Present
A008274,E0117,2024-10-22,Present
A001174,E0017,2023-12-21,Present
A011068,E0173,2026-04-02,Present
A006438,E0092,2024-12-16,Excused
A008680,E0123,2024-11-12,Present
A004657,E0061,2024-04-24,Absent
A008872,E0126,2024-09-26,Present
A007926,E0112,2024-11-05,Present
A005290,E0077,2024-03-05,Present
A003758,E0051,01/22/2024,present
A013858,E0212,2026-09-01,Present
A010131,E0144,2024-09-17,Present
A000251,E0004,2023-12-14,Present
A008060,E0114,2024-11-07,Present
A007953,E0112,2025-02-25,Present
A007898,E0111,2025-05-06,Present
A015042,E0227,2026-04-22,P
A007335,E0103,09/17/2024,Present
A013224,E0204,2026-05-28,Present
A002794,E0039,2024-01-09,Present
A008268,E0117,10/01/2024,Present
A009388,E0133,2025-05-08,Abs
A007796,E0110,2025-01-16,Present
A013106,E0203,2025-11-20,Present
A003408,E0046,2024-06-25,P
A002730,E0038,2023-12-12,Present
A003834,E0051,2024-06-06,Present
A009174,E0130,2024-10-31,Absent
A000434,E0006,2024-04-18,Present
A009020,E0128,2024-10-03,Present
A007423,E0104,2024-11-07,PRESENT
A007593,E0107,2024-11-07,Present
A014129,E0215,2026-09-14,Tardy
A014478,E0219,09/08/2026,PRESENT
A010807,E0169,2025-09-30,Present
A014935,E0225,2026-07-30,Present
A008775,E0124,2025-02-13,Present
A014404,E0219,04/30/2026,
A014826,E0223,2026-09-01,Tardy
A005630,E0083,2024-12-02,Present
A004003,E0054,2024-02-27,Present
A003823,E0051,05/20/2024,Present
A004754,E0063,2024-04-09,Present
A001333,E0019,2024-01-30,Abs
A010105,E0143,2025-03-18,Present
A008077,E0114,2025-01-23,Present
A010938,E0171,2025-12-04,Present
A004197,E0056,2024-04-23,P
A001444,E0020,2024-06-06,Tardy
A003682,E0050,2024-03-04,Present
A008159,E0115,2025-02-25,present
A004311,E0057,2024-05-16,Present
A007449,E0104,2025-02-25,Present
A004900,E0067,2024-03-05,Present
A008485,E0120,2024-09-24,Present
A003986,E0054,2024-01-29,Tardy
A014378,E0218,2026-08-18,present
A013675,E0210,2026-08-19,Present
A012854,E0199,2026-04-23,Present
A009004,E0127,2025-05-15,Present
A002570,E0036,2023-10-31,Present
A012848,E0199,2026-03-26,Present
A004278,E0057,2024-03-14,Present
A003667,E0050,2024-02-06,Present
A008841,E0125,2025-01-21,Present
A010747,E0168,2025-11-11,Present
A002447,E0034,2024-02-15,excused
A006822,E0096,2025-01-16,Present
A014754,E0223,2026-04-28,Present
A006521,E0093,2024-11-20,Present
A005803,E0085,2024-10-31,Present
A003658,E0050,2024-01-22,Present
A015061,E0227,2026-05-26,Present
A012394,E0193,2026-01-08,Absent
A003173,E0044,2024-01-23,Present
A001224,E0018,2023-09-19,Present
A007273,E0102,10/24/2024,Present
A003640,E0049,2024-06-18,Present
A004167,E0056,2024-02-26,Present
A000545,E0008,2024-01-18,Present
A001205,E0017,2024-04-18,Present
A008425,E0119,11/07/2024,Present
A011745,E0184,2025-09-23,Present
A014011,E0214,2026-07-22,Present
A007243,E0101,2025-04-10,Tardy
A002638,E0037,2023-10-05,Present
A014885,E0225,2026-05-05,Present
A008422,E0119,2024-10-29,Present
A014703,E0222,2026-07-01,Present
A012556,E0195,2026-03-12,Tardy
A006759,E0096,09/10/2024,Present
A013494,E0208,2026-03-19,Present
A012729,E0198,2025-09-23,Present
A000878,E0013,2024-01-11,Present
A012459,E0194,12/02/2025,Present
A000197,E0003,2024-03-05,Present
A014981,E0226,2026-05-19,Present
A003384,E0046,2024-05-14,Present
A004380,E0058,2024-03-19,Tardy
A010587,E0164,2025-06-25,Present
A010995,E0172,2025-10-07,T
A002998,E0042,2023-10-12,Present
A003909,E0052,04/24/2024,Present
A002572,E0036,2023-11-07,Present
A007689,E0108,2025-02-13,Present
A001756,E0025,2023-10-12,present
A006497,E0093,10/09/2024,present
A013268,E0205,2026-02-12,Present
A014417,E0219,05/25/2026,PRESENT
A014724,E0222,2026-08-06,Absent
A005722,E0084,2024-11-21,Present
A008076,E0114,2025-01-21,Present
A006444,E0092,2025-01-07,Present
A014497,E0220,05/11/2026,Present
A004970,E0069,2024-02-06,Present
A006965,E0098,2024-10-15,Present
A006815,E0096,2025-01-06,Present
A006480,E0093,2024-09-10,Present
A004712,E0062,2024-01-31,Present
A004164,E0056,2024-02-20,Present
A008122,E0115,2024-10-01,Present
A012054,E0188,2025-12-11,Present
A011523,E0180,09/23/2025,Present
A012705,E0197,2026-03-31,Present
A002683,E0037,2024-03-26,Tardy
A008900,E0126,2025-01-21,P
A002509,E0035,2024-01-02,Present
A015037,E0226,2026-08-25,Absent
A001511,E0021,2024-05-09,Present
A004315,E0057,2024-05-23,Present
A009682,E0137,05/15/2025,Present
A008701,E0123,2025-02-11,Present
A005357,E0078,2024-06-13,Present
A006640,E0094,2025-01-23,Present
A005973,E0087,2024-10-03,Present
A001245,E0018,2023-12-07,Tardy
A003735,E0050,2024-06-10,P
A009085,E0128,2025-06-12,Present
A013563,E0209,2026-07-08,Present
A004122,E0055,2024-06-05,Present
A007788,E0110,2024-12-10,Present
A014509,E0220,2026-06-01,Absent
A004996,E0069,2024-05-09,Present
A011122,E0174,2026-01-29,Tardy
A009355,E0133,2025-01-07,Present
A001877,E0026,2024-04-04,Present
A007908,E0111,06/10/2025,Present
A014804,E0223,07/23/2026,Present
A005263,E0076,2024-04-18,Present
A000255,E0004,2024-01-04,Present
A009467,E0134,05/29/2025,Absent
A004512,E0060,2024-01-31,Present
A011844,E0185,2026-01-15,Present
A005160,E0073,2024-06-06,Present
A012679,E0197,2025-12-16,Present
A008157,E0115,2025-02-18,Present
A000760,E0011,05/07/2024,Present
A005482,E0082,08/20/2024,Present
A000655,E0009,2024-05-23,Present
A005298,E0077,2024-04-02,Present
A009622,E0137,2024-09-24,T
A005813,E0085,11/19/2024,Present
A005289,E0077,02/29/2024,Present
A002893,E0040,2024-04-02,Present
A014029,E0214,2026-08-24,Present
A003402,E0046,2024-06-13,Present
A007627,E0107,2025-03-25,Present
A005637,E0083,2024-12-12,Present
A001421,E0020,2024-03-14,Present
A003045,E0042,2024-04-09,Present
A002831,E0039,05/21/2024,Tardy
A010390,E0149,2025-02-19,Present
A000329,E0005,2024-01-02,Present
A010435,E0153,2025-02-19,Present
A000254,E0004,2024-01-02,Present
A013872,E0213,2026-04-23,Present
A007319,E0102,2025-04-29,Present
A006160,E0089,12/17/2024,Present
A005324,E0078,2024-02-15,Present
A008883,E0126,2024-11-05,Present
A012725,E0198,2025-09-09,Present
A004378,E0058,2024-03-14,Absent
A006023,E0087,2025-01-20,Present
A005093,E0072,2024-02-27,Present
A009488,E0135,2024-11-05,Present
A005378,E0079,2024-04-09,Present
A003020,E0042,2024-01-11,present
A003030,E0042,2024-02-15,Present
A009988,E0142,2024-09-26,Present
A002637,E0037,2023-10-03,PRESENT
A013511,E0208,2026-05-26,Present
A009775,E0139,10/17/2024,Present
A001132,E0016,2024-04-25,Present
A003019,E0042,2024-01-09,Absent
A002946,E0041,2024-01-16,Present
A003660,E0050,01/24/2024,P
A010856,E0170,2025-10-23,Present
A009736,E0138,2025-03-04,P
A012096,E0188,05/28/2026,Present
A009101,E0129,2024-10-31,Present
A002664,E0037,2024-01-18,Present
A014081,E0215,2026-06-22,Present
A005379,E0079,2024-04-11,Present
A008574,E0121,2024-11-19,Present
A001363,E0019,2024-05-16,Present
A007181,E0100,2025-05-27,Present
A011020,E0173,09/27/2025,P
A005534,E0082,2024-11-19,Present
A003482,E0048,03/04/2024,Present
A014809,E0223,2026-08-03,Present
A006256,E0090,2025-01-02,Excused
A012957,E0201,2025-11-04,Present
A013730,E0211,2026-06-23,P
A013030,E0202,2025-11-06,Absent
A005113,E0072,2024-05-09,Present
A005941,E0086,2025-02-06,Present
A008284,E0117,2024-12-03,Present
A009568,E0136,2024-12-05,Present
A010399,E0150,2025-02-06,Present
A002881,E0040,02/20/2024,Present
A005840,E0085,01/23/2025,Present
A003382,E0046,2024-05-09,Present
A004958,E0068,05/14/2024,Present
A012495,E0194,04/28/2026,Present
A005721,E0084,2024-11-20,Present
A009864,E0140,12/19/2024,Present
A000943,E0014,11/30/2023,Present
A003236,E0045,2024-02-14,Present
A003258,E0045,2024-03-25,Present
A011610,E0181,2025-11-13,Present
A011356,E0177,2026-04-02,Present
A000309,E0005,2023-10-10,Present
A001566,E0022,2024-02-27,Present
A006728,E0095,01/15/2025,Present
A002136,E0030,2023-10-31,Present
A009060,E0128,2025-03-11,Present
A013505,E0208,2026-05-05,Present
A008862,E0125,2025-04-03,Present
A008882,E0126,10/31/2024,Present
A012568,E0195,2026-04-30,Present
A007394,E0103,2025-05-06,Present
A002277,E0032,2023-11-30,Tardy
A007073,E0099,2024-11-11,Present
A010888,E0170,2026-03-05,Present
A002624,E0036,2024-05-23,Present
A012702,E0197,2026-03-19,Present
A015020,E0226,2026-07-27,P
A000232,E0004,2023-10-03,Present
A008828,E0125,11/19/2024,P
A000738,E0011,2024-02-15,Excused
A014780,E0223,2026-06-11,present
A008693,E0123,2025-01-14,Present
A008217,E0116,01/02/2025,Excused
A014655,E0221,2026-09-09,Present
A008987,E0127,03/11/2025,Present
A005706,E0084,2024-10-24,Present
A008699,E0123,2025-02-04,Present
A005936,E0086,2025-01-29,Present
A006496,E0093,10/08/2024,Present
A000756,E0011,2024-04-23,Present
A012524,E0195,2025-10-30,Present
A014426,E0219,2026-06-09,PRESENT
A008120,E0115,09/24/2024,Present
A012696,E0197,2026-02-26,Present
A006201,E0090,2024-09-10,E
A012517,E0195,2025-10-07,Present
A000070,E0001,2024-05-28,Present
A005368,E0079,03/05/2024,P
A008085,E0114,2025-02-20,Present
A005683,E0084,2024-09-16,Present
A001681,E0024,2023-10-12,PRESENT
A010921,E0171,2025-09-30,Present
A005962,E0087,09/16/2024,Present
A002604,E0036,2024-03-12,Present
A007869,E0111,01/16/2025,Absent
A009049,E0128,01/30/2025,Present
A011914,E0186,2026-01-08,Present
A001741,E0024,2024-05-28,Present
A002284,E0032,2024-01-02,present
A003733,E0050,2024-06-05,Present
A009923,E0141,2024-10-24,PRESENT
A014470,E0219,2026-08-25,Present
A012935,E0200,2026-05-26,Present
A006621,E0094,2024-12-10,Excused
A008666,E0123,2024-09-24,Present
A005128,E0073,2024-02-13,Present
A001546,E0022,12/12/2023,Present
A000740,E0011,2024-02-22,Excused
A011765,E0184,2025-12-09,Present
A011335,E0177,2026-01-20,Present
A006985,E0098,2024-11-19,Excused
A006796,E0096,2024-11-13,Excused
A003519,E0048,2024-05-13,Present
A012976,E0201,2026-01-29,P
A000774,E0012,2023-09-19,Present
A000866,E0013,2023-11-16,Present
A005201,E0074,2024-06-13,Present
A012137,E0189,02/03/2026,Present
A000642,E0009,2024-04-04,P
A011591,E0181,09/09/2025,Present
A009984,E0142,2024-09-12,Present
A003204,E0044,2024-05-14,PRESENT
A007289,E0102,2025-01-07,Tardy
A005205,E0075,2024-02-08,PRESENT
A014709,E0222,2026-07-13,Absent
A006924,E0097,2025-02-03,Present
A015196,E0228,08/17/2026,Present
A010626,E0166,2025-10-23,Present
A011380,E0178,2025-09-25,Present
A014721,E0222,2026-08-03,Present
A010740,E0168,2025-10-16,Present
A013471,E0208,2025-12-16,Present
A003310,E0045,2024-06-27,Present
A000364,E0005,2024-05-07,P
A003724,E0050,2024-05-21,Present
A007671,E0108,2024-12-03,Present
A004727,E0062,2024-02-27,Present
A002941,E0041,2023-12-21,Present
A000472,E0007,2024-01-25,Present
A001642,E0023,02/29/2024,Present
A014735,E0222,2026-08-26,Present
A012400,E0193,2026-01-29,Present
A001173,E0017,2023-12-19,Present
A014988,E0226,2026-06-01,Present
A006086,E0088,2024-11-07,Excused
A013208,E0204,2026-03-26,Present
A009393,E0133,2025-05-27,Present
A003365,E0046,2024-04-04,Present
A008524,E0120,2025-02-25,Present
A001411,E0020,2024-02-08,Tardy
A014713,E0222,2026-07-20,Present
A006667,E0095,2024-09-11,Abs
A000816,E0012,2024-02-27,Present
A006501,E0093,10/16/2024,Present
A007323,E0102,05/13/2025,P
A002132,E0030,2023-10-17,Present
A001798,E0025,2024-03-21,Present
A007728,E0109,2024-10-01,Present
A004576,E0060,2024-05-28,PRESENT
A005191,E0074,2024-05-09,Present
A008168,E0115,2025-03-27,Present
A003123,E0043,2024-04-23,Present
A005366,E0079,2024-02-27,Present
A004276,E0057,2024-03-12,Present
A014243,E0217,2026-05-27,Present
A003090,E0043,2023-12-19,Present
A009385,E0133,2025-04-29,Absent
A012587,E0196,09/30/2025,Tardy
A009855,E0140,2024-11-12,Present
A005254,E0076,2024-03-14,P
A001533,E0022,10/19/2023,Present
A011947,E0186,2026-05-12,Present
A002832,E0039,2024-05-23,Tardy
A008270,E0117,2024-10-08,present
A014112,E0215,2026-08-13,Present
A009689,E0137,2025-06-10,Present
A013475,E0208,2026-01-13,Present
A008687,E0123,2024-12-12,Present
A001300,E0019,2023-09-21,Present
A006274,E0090,2025-02-04,Present
A005500,E0082,09/19/2024,Present
A009614,E0136,2025-06-03,Present
A010975,E0171,2026-05-05,Present
A012306,E0192,10/23/2025,Present
A001481,E0021,2024-01-23,Present
A001602,E0023,2023-09-28,Present
A005092,E0072,2024-02-22,Present
A007068,E0099,2024-10-31,Present
A013315,E0206,2025-10-28,present
A003662,E0050,01/29/2024,Present
A011539,E0180,2025-11-18,present
A004826,E0065,03/19/2024,Present
A005681,E0084,2024-09-11,Present
A000398,E0006,2023-12-05,Present
A011924,E0186,2026-02-12,Present
A002507,E0035,12/19/2023,Present
A010111,E0143,04/08/2025,Tardy
A009424,E0134,2024-12-12,Present
A003011,E0042,2023-12-05,Present
A011910,E0186,12/11/2025,Present
A000724,E0011,12/21/2023,Present
A000301,E0005,2023-09-12,Present
A012908,E0200,02/12/2026,Present
A009133,E0129,03/11/2025,Tardy
A007329,E0102,2025-06-03,Present
A004186,E0056,2024-03-28,Excused
A013829,E0212,2026-07-13,P
A013820,E0212,2026-06-25,Present
A011491,E0179,2026-03-03,Present
A004583,E0060,06/10/2024,present
A013944,E0213,2026-08-27,Tardy
A007368,E0103,2025-01-28,Present
A009364,E0133,2025-02-06,Present
A015054,E0227,2026-05-13,Present
A007434,E0104,2025-01-02,Present
A012592,E0196,2025-10-16,Present
A006966,E0098,2024-10-16,Absent
A001213,E0017,2024-05-16,Present
A007056,E0099,2024-10-10,Present
A008376,E0118,2025-02-18,Present
A012611,E0196,01/13/2026,P
A011180,E0175,2025-11-20,Present
A008855,E0125,2025-03-11,Present
A011028,E0173,2025-10-23,Present
A005428,E0080,2024-05-21,Present
A009681,E0137,2025-05-13,Present
A014452,E0219,2026-07-23,Present
A007217,E0101,2025-01-09,Excused
A005995,E0087,11/12/2024,Present
A003768,E0051,2024-02-07,Present
A004273,E0057,2024-03-06,Present
A014867,E0224,2026-06-10,Present
A008546,E0120,2025-05-20,Present
A000787,E0012,2023-11-02,Present
A009674,E0137,2025-04-10,Present
A009408,E0134,10/10/2024,Present
A010576,E0163,07/03/2025,Present
A007854,E0111,2024-11-07,Present
A013593,E0209,2026-08-31,Present
A002906,E0040,2024-05-21,Present
A004627,E0061,2024-02-27,PRESENT
A000997,E0015,2023-09-12,Present
A011763,E0184,2025-12-02,Present
A014873,E0224,06/22/2026,Absent
A007247,E0101,2025-05-01,PRESENT
A006251,E0090,2024-12-12,Tardy
A009346,E0133,2024-11-19,Present
A008056,E0114,2024-10-24,Present
A014653,E0221,2026-09-07,Present
A005524,E0082,10/31/2024,Present
A015154,E0228,2026-06-03,Present
A007506,E0105,2024-12-19,Present
A000157,E0003,2023-10-03,P
A010119,E0143,2025-05-13,Present
A003086,E0043,2023-12-05,Present
A010688,E0167,2025-09-18,P
A001553,E0022,2024-01-11,Present
A008994,E0127,2025-04-03,Present
A009967,E0141,2025-04-22,Present
A000496,E0007,2024-04-23,Present
A002322,E0032,05/16/2024,Present
A000913,E0013,2024-05-16,Excused
A009272,E0132,2024-11-14,Present
A000152,E0003,09/14/2023,Present
A014447,E0219,2026-07-15,Present
A010724,E0167,2026-02-12,Present
A010503,E0158,07/09/2025,Present
A001739,E0024,2024-05-21,Present
A003002,E0042,2023-10-26,Present
A014984,E0226,05/25/2026,Present
A006962,E0098,10/09/2024,Tardy
A013864,E0212,2026-09-10,Present
A002884,E0040,2024-02-29,Present
A003721,E0050,2024-05-15,Present
A007128,E0100,2024-10-29,Present
A000889,E0013,2024-02-20,Present
A005472,E0081,2024-06-06,Present
A003202,E0044,2024-05-07,Present
A009944,E0141,2025-01-23,Present
A004824,E0065,2024-03-12,Present
A004705,E0062,2024-01-18,Tardy
A000344,E0005,02/22/2024,PRESENT
A004137,E0055,2024-07-02,P
A011065,E0173,03/24/2026,Present
A003189,E0044,2024-03-19,Present
A004523,E0060,2024-02-20,Tardy
A002224,E0031,12/21/2023,P
A002122,E0030,2023-09-12,Present
A006859,E0097,2024-09-23,Absent
A014855,E0224,2026-05-20,Present
A010941,E0171,2025-12-16,Present
A013781,E0212,04/20/2026,Present
A013367,E0206,2026-05-26,Present
A007367,E0103,2025-01-23,Present
A012518,E0195,2025-10-09,Present
A004735,E0062,2024-03-12,Present
A014925,E0225,2026-07-14,Present
A001466,E0021,2023-11-16,Present
A004594,E0060,2024-06-27,Present
A003566,E0049,2024-02-05,Present
A005841,E0085,2025-01-27,Present
A000284,E0004,2024-04-18,Present
A014261,E0217,2026-06-29,Present
A006176,E0089,2025-01-27,Present
A010550,E0162,2025-06-17,Present
A004152,E0056,01/30/2024,Absent
A014861,E0224,2026-06-01,Present
A009225,E0130,2025-05-22,Present
A007377,E0103,2025-02-27,Tardy
A008760,E0124,2024-12-12,Tardy
A014284,E0217,2026-08-06,Absent
A008984,E0127,2025-02-27,Present
A003162,E0044,2023-12-07,PRESENT
A002631,E0037,2023-09-12,Present
A012151,E0189,2026-03-24,Present
A013087,E0203,2025-09-16,Absent
A010270,E0145,2025-05-29,Late
A001204,E0017,2024-04-11,Present
A014022,E0214,2026-08-11,Present
A010421,E0152,2025-02-11,Present
A000617,E0009,2024-01-09,Present
A003115,E0043,2024-03-21,Present
A012432,E0193,2026-05-28,Present
A007482,E0105,2024-09-19,present
A009563,E0136,2024-11-12,Present
A002729,E0038,12/07/2023,Present
A012172,E0189,2026-06-11,Present
A012656,E0197,2025-09-18,Present
A012430,E0193,2026-05-21,present
A001358,E0019,2024-04-30,Present
A009812,E0139,2025-03-13,Present
A007799,E0110,2025-01-28,Present
A011852,E0185,2026-02-12,Present
A013751,E0211,2026-07-29,Present
A001591,E0022,2024-05-28,Present
A014927,E0225,2026-07-16,Present
A003141,E0044,2023-09-19,Present
A005339,E0078,2024-04-09,Present
A000548,E0008,2024-01-30,Present
A007119,E0100,2024-09-26,Present
A011884,E0185,2026-06-11,Present
A014234,E0217,2026-05-12,Present
A000027,E0001,2023-12-19,Present
A001068,E0015,2024-06-04,Present
A003919,E0052,2024-05-13,Tardy
A006605,E0094,2024-11-05,Tardy
A005530,E0082,11/12/2024,Present
A006679,E0095,2024-10-02,Present
A005399,E0080,2024-02-06,Present
A011125,E0174,2026-02-10,Present
A008082,E0114,2025-02-11,Present
A009854,E0140,2024-11-07,Excused
A014568,E0220,2026-09-10,Present
A000438,E0007,2023-09-14,Absent
A009215,E0130,2025-04-10,Present
A014003,E0214,2026-07-08,Present
A005270,E0076,2024-05-14,Present
A001862,E0026,2024-02-13,P
A011010,E0172,2025-12-04,Tardy
A008317,E0117,2025-04-08,Absent
A012961,E0201,11/18/2025,Present
A002707,E0038,2023-09-14,Present
A002272,E0032,2023-11-07,Present
A005326,E0078,2024-02-22,Absent
A006958,E0098,10/02/2024,Excused
A011819,E0185,2025-09-30,P
A014107,E0215,2026-08-05,Present
A009799,E0139,2025-01-28,Present
A009354,E0133,2025-01-02,Present
A004012,E0054,2024-03-13,Tardy
A013764,E0211,2026-08-20,Present
A000535,E0008,2023-12-07,Present
A011554,E0180,2026-01-29,Present
A000586,E0008,2024-06-13,Present
A010881,E0170,2026-02-10,Present
A008935,E0126,2025-05-29,Present
A010394,E0149,2025-02-26,Present
A013265,E0205,2026-02-03,Present
A008777,E0124,2025-02-20,Present
A006465,E0093,2024-08-14,Present
A012039,E0188,2025-10-14,PRESENT
A014329,E0218,2026-05-25,Present
A001917,E0027,2023-11-21,Present
A013579,E0209,2026-08-05,Present
A008108,E0114,2025-05-20,Present
A014607,E0221,2026-06-17,Present
A001911,E0027,2023-10-31,Present
A010890,E0170,2026-03-12,Present
A008930,E0126,05/13/2025,Present
A001134,E0016,2024-05-02,Present
A010169,E0144,2025-02-13,Present
A011027,E0173,2025-10-21,Present
A001318,E0019,2023-11-30,PRESENT
A004369,E0058,2024-02-28,Present
A008314,E0117,2025-03-27,Present
A013216,E0204,04/30/2026,Present
A008871,E0126,2024-09-24,Present
A007326,E0102,2025-05-22,Tardy
A006081,E0088,2024-10-30,Present
A013326,E0206,2025-12-11,Present
A002602,E0036,2024-03-05,present
A006569,E0094,2024-09-03,Present
A002174,E0030,2024-03-26,Present
A003606,E0049,2024-04-18,Present
A006430,E0092,2024-12-02,present
A007996,E0113,2024-12-17,Present
A003769,E0051,2024-02-08,Present
A005078,E0071,2024-05-23,Present
A008275,E0117,2024-10-24,Present
A004632,E0061,2024-03-06,Present
A014551,E0220,2026-08-12,PRESENT
A000241,E0004,2023-11-02,Present
A011709,E0183,2026-02-17,Present
A008638,E0122,2025-03-18,Tardy
A007603,E0107,2024-12-19,Present
A008787,E0124,2025-03-27,Present
A001868,E0026,2024-03-05,Present
A009026,E0128,2024-10-24,Present
A004098,E0055,2024-04-24,Present
A002522,E0035,2024-02-15,Present
A010127,E0143,2025-06-10,
A001821,E0025,2024-06-13,Present
A002411,E0034,09/28/2023,Absent
A008244,E0116,2025-04-08,Present
A006638,E0094,2025-01-21,present
A005188,E0074,2024-04-30,Present
A010308,E0146,01/21/2025,Excused
A004566,E0060,05/09/2024,Present
A007943,E0112,2025-01-21,PRESENT
A012646,E0196,05/21/2026,Present
A006392,E0092,09/18/2024,Present
A002119,E0029,2024-06-06,present
A003780,E0051,2024-02-28,Present
A004962,E0068,2024-05-28,Present
A002810,E0039,2024-03-05,Absent
A000499,E0007,2024-05-02,Present
A014195,E0216,2026-08-05,Present
A010276,E0146,2024-09-12,Present
A004285,E0057,2024-03-27,Present
A010447,E0154,2025-02-12,Present
A009195,E0130,2025-01-30,Present
A000229,E0004,2023-09-21,Present
A012322,E0192,2026-01-08,Present
A010043,E0142,2025-05-01,Present
A002742,E0038,2024-01-30,Present
A011358,E0177,2026-04-09,Present
A006002,E0087,2024-12-02,Present
A005719,E0084,2024-11-18,Present
A010477,E0156,2025-02-24,Present
A005584,E0083,2024-09-04,Present
A012955,E0201,10/28/2025,Present
A013043,E0202,2026-01-13,Present
A009045,E0128,2025-01-16,Present
A001129,E0016,2024-04-11,Present
A010668,E0166,2026-04-09,Present
A001707,E0024,2024-01-25,present
A007451,E0104,2025-03-04,Present
A003154,E0044,2023-11-02,Present
A009721,E0138,2025-01-09,Present
A010943,E0171,2026-01-06,Present
A014772,E0223,2026-05-28,PRESENT
A006241,E0090,2024-11-19,Present
A007105,E0099,2025-01-23,Present
A011317,E0177,2025-10-28,Tardy
A002722,E0038,2023-11-07,present
A007446,E0104,2025-02-13,Present
A007894,E0111,2025-04-22,P
A014822,E0223,2026-08-25,Absent
A011711,E0183,2026-02-24,Present
A008043,E0114,09/10/2024,Present
A009021,E0128,2024-10-08,Tardy
A009373,E0133,03/11/2025,Present
A009639,E0137,11/21/2024,Present
A011875,E0185,2026-05-12,Present
A010469,E0156,2025-02-10,Present
A010603,E0165,06/25/2025,Present
A013105,E0203,2025-11-18,Present
A011328,E0177,2025-12-11,Present
A006055,E0088,2024-09-16,Present
A010361,E0147,2025-02-25,Present
A012479,E0194,02/24/2026,Present
A002551,E0035,2024-05-30,Present
A013673,E0210,08/17/2026,Present
A007441,E0104,2025-01-28,Present
A006769,E0096,2024-09-26,Tardy
A009956,E0141,2025-03-06,Present
A013904,E0213,2026-06-18,Present
A006450,E0092,2025-01-16,Present
A010621,E0166,2025-10-07,Present
A014946,E0225,2026-08-19,Present
A002645,E0037,2023-10-31,Present
A013444,E0207,2026-06-11,Present
A004488,E0059,2024-06-18,Present
A002062,E0029,2023-11-02,Present
A004646,E0061,2024-04-01,Present
A014911,E0225,2026-06-18,Present
A013287,E0205,04/28/2026,Excused
A014862,E0224,2026-06-02,Absent
A013840,E0212,07/30/2026,Tardy
A007266,E0102,2024-10-01,Present
A004175,E0056,03/11/2024,Present
A012802,E0199,2025-09-25,PRESENT
A010172,E0144,2025-02-25,Present
A008544,E0120,2025-05-13,Present
A012246,E0191,2025-09-11,Present
A000984,E0014,2024-05-02,Present
A013423,E0207,03/24/2026,Present
A005481,E0082,2024-08-19,Present
A014025,E0214,2026-08-17,Present
A004798,E0064,2024-04-30,Present
A009878,E0140,02/18/2025,Present
A003663,E0050,2024-01-30,Present
A014154,E0216,2026-05-26,present
A006948,E0098,2024-09-16,Present
A004658,E0061,04/25/2024,Present
A006415,E0092,10/29/2024,Present
A003151,E0044,10/24/2023,Present
A009637,E0137,2024-11-14,Present
A012552,E0195,2026-02-26,Present
A004814,E0065,2024-02-06,Present
A005970,E0087,2024-09-30,Present
A002940,E0041,12/19/2023,Present
A001341,E0019,02/27/2024,Present
A001392,E0020,2023-11-21,Present
A009920,E0141,2024-10-15,Present
A013237,E0205,10/07/2025,Present
A009486,E0135,2024-10-29,P
A014210,E0216,2026-09-01,Present
A011287,E0176,2026-04-21,Absent
A009252,E0131,2024-11-19,Present
A006147,E0089,2024-11-18,present
A001413,E0020,2024-02-15,Present
A002257,E0032,2023-09-14,Present
A011359,E0177,2026-04-21,Present
A011005,E0172,2025-11-11,Absent
A006121,E0089,2024-10-02,Present
A002213,E0031,2023-11-07,Present
A005604,E0083,2024-10-09,
A006005,E0087,2024-12-05,Present
A005418,E0080,2024-04-11,Present
A004939,E0068,2024-03-05,Present
A003625,E0049,2024-05-22,PRESENT
A003159,E0044,2023-11-21,Present
A004268,E0057,2024-02-27,Tardy
A000464,E0007,2023-12-21,Present
A001755,E0025,2023-10-10,Present
A009454,E0134,2025-04-08,Present
A009250,E0131,2024-11-12,Excused
A006381,E0092,2024-08-29,Present
A003830,E0051,05/30/2024,Present
A000379,E0006,2023-09-21,Present
A010260,E0145,2025-04-24,Present
A001336,E0019,2024-02-08,Present
A014898,E0225,2026-05-27,Present
A002717,E0038,2023-10-19,P
A009857,E0140,2024-11-19,Present
A010541,E0161,2025-06-30,Present
A013888,E0213,2026-05-21,Present
A014153,E0216,2026-05-25,Present
A006323,E0091,2024-10-30,Present
A009456,E0134,2025-04-22,Present
A014093,E0215,2026-07-13,Present
A001895,E0026,2024-06-11,Present
A004662,E0061,2024-05-02,Present
A009938,E0141,2025-01-02,Present
A007770,E0110,2024-10-01,Present
A007091,E0099,2024-12-18,Present
A006222,E0090,2024-10-16,Present
A009376,E0133,2025-03-20,present
A013663,E0210,2026-07-29,Present
A007038,E0099,2024-09-10,Present
A008831,E0125,12/05/2024,Present
A009603,E0136,2025-04-24,Tardy
A013115,E0203,01/13/2026,Present
A008864,E0125,2025-04-10,Present
A004801,E0064,2024-05-09,Present
A011547,E0180,2026-01-06,Present
A003993,E0054,2024-02-08,Absent
A006692,E0095,10/24/2024,Present
A001031,E0015,2024-01-23,Present
A002221,E0031,2023-12-12,Present
A011883,E0185,2026-06-09,Present
A014151,E0216,2026-05-20,Present
A003794,E0051,03/25/2024,Present
A011211,E0175,2026-03-31,Present
A013394,E0207,2025-11-20,PRESENT
A004328,E0057,2024-06-17,Present
A013136,E0203,2026-03-26,Present
A008303,E0117,02/18/2025,Present
A014586,E0221,2026-05-12,Present
A013519,E0209,2026-04-22,Present
A005732,E0084,2024-12-17,Present
A002918,E0041,2023-09-26,Tardy
A005587,E0083,2024-09-10,Present
A012314,E0192,2025-11-20,Present
A006327,E0091,2024-11-06,Present
A001516,E0021,2024-05-28,Present
A014536,E0220,2026-07-16,P
A013941,E0213,2026-08-24,P
A012919,E0200,2026-03-24,Present
A002264,E0032,2023-10-10,Present
A004480,E0059,2024-06-04,Present
A004240,E0057,2024-01-09,Present
A014770,E0223,05/26/2026,Present
A012897,E0200,2026-01-06,Present
A000894,E0013,2024-03-07,Absent
A001491,E0021,2024-02-27,Present
A012311,E0192,2025-11-11,present
A013334,E0206,2026-01-22,Present
A008517,E0120,2025-01-30,Present
A002934,E0041,2023-11-21,Present
A014133,E0216,2026-04-20,Present
A001130,E0016,04/18/2024,Present
A000732,E0011,2024-01-25,present
A003085,E0043,2023-11-30,P
A007298,E0102,02/06/2025,Present
A004589,E0060,2024-06-19,Present
A002796,E0039,2024-01-16,Present
A007602,E0107,2024-12-17,
A000799,E0012,2023-12-21,Present
A006233,E0090,2024-11-05,P
A000735,E0011,2024-02-06,Present
A013100,E0203,2025-10-30,Present
A002245,E0031,2024-03-12,Present
A000179,E0003,2024-01-02,Present
A001175,E0017,2024-01-02,Present
A000791,E0012,2023-11-16,Present
A012332,E0192,2026-02-12,Present
A000199,E0003,03/12/2024,Present
A010499,E0158,2025-07-02,Present
A007676,E0108,12/19/2024,Present
A000549,E0008,2024-02-01,Present
A003340,E0046,02/21/2024,Present
A009444,E0134,2025-03-04,Present
A007466,E0104,05/01/2025,Present
A008918,E0126,2025-03-25,Present
A011325,E0177,2025-12-02,Present
A012665,E0197,2025-10-21,Tardy
A007534,E0105,2025-04-08,P
A000067,E0001,2024-05-16,Present
A004713,E0062,2024-02-01,Present
A005215,E0075,2024-03-14,Excused
A013929,E0213,2026-08-03,Present
A005034,E0070,2024-05-07,Present
A012232,E0190,2026-04-30,Present
A002573,E0036,11/09/2023,Present
A010501,E0158,07/07/2025,present
A011031,E0173,2025-11-04,Present
A000623,E0009,2024-01-30,Present
A006223,E0090,2024-10-17,Absent
A000788,E0012,2023-11-07,Present
A003333,E0046,2024-02-08,Tardy
A014799,E0223,2026-07-15,Present
A006009,E0087,2024-12-12,Present
A012801,E0199,09/23/2025,Present
A008335,E0118,2024-09-10,Present
A013454,E0208,2025-10-09,PRESENT
A010789,E0168,2026-05-05,Present
A014818,E0223,2026-08-18,Present
A000516,E0008,09/26/2023,Present
A000479,E0007,2024-02-20,present
A004477,E0059,2024-05-29,Absent
A012590,E0196,2025-10-09,Present
A009038,E0128,2024-12-12,Present
A006900,E0097,2024-12-10,Present
A001034,E0015,2024-02-01,Present
A012002,E0187,2026-03-05,Present
A002599,E0036,2024-02-22,Present
A001515,E0021,2024-05-23,Present
A006192,E0090,2024-08-26,Absent
A011142,E0174,2026-04-09,Present
A007238,E0101,2025-03-25,Present
A005754,E0084,2025-02-05,Present
A012903,E0200,2026-01-27,Present
A013708,E0211,2026-05-14,Present
A008237,E0116,2025-03-13,Present
A008537,E0120,2025-04-10,Tardy
A005522,E0082,2024-10-29,Present
A001463,E0021,2023-11-07,Present
A007916,E0112,2024-10-01,Present
A001872,E0026,2024-03-19,Present
A012520,E0195,2025-10-16,Present
A007210,E0101,2024-12-05,Present
A010326,E0146,2025-03-25,Present
A007350,E0103,2024-11-07,Present
A004624,E0061,2024-02-21,Present
A009699,E0138,10/08/2024,Absent
A004819,E0065,2024-02-22,Present
A000221,E0003,2024-05-30,Present
A012789,E0198,2026-05-19,Present
A009229,E0130,2025-06-05,Absent
A002477,E0034,2024-06-04,Excused
A004249,E0057,01/24/2024,Present
A011730,E0183,2026-05-07,PRESENT
A014082,E0215,2026-06-23,Present
A012882,E0200,2025-10-23,Present
A006488,E0093,2024-09-24,Present
A009657,E0137,2025-02-11,Present
A009965,E0141,2025-04-08,Present
A005651,E0083,01/20/2025,Present
A013992,E0214,06/18/2026,PRESENT
A012757,E0198,2026-01-20,Present
A008053,E0114,2024-10-15,Present
A014132,E0215,2026-09-17,Present
A002882,E0040,2024-02-22,Present
A001678,E0024,2023-10-03,P
A006061,E0088,2024-09-25,Absent
A000902,E0013,2024-04-04,Present
A011713,E0183,2026-03-03,Excused
A014649,E0221,2026-08-31,Present
A002297,E0032,2024-02-15,Present
A012048,E0188,2025-11-13,Present
A008489,E0120,10/08/2024,Present
A009231,E0130,2025-06-12,Present
A009510,E0135,02/06/2025,Present
A012941,E0201,2025-09-09,Present
A011389,E0178,2025-10-28,Present
A006773,E0096,2024-10-03,Present
A012823,E0199,2025-12-16,Present
A007258,E0101,2025-06-10,Tardy
A002581,E0036,2023-12-14,Present
A007967,E0112,2025-04-22,Present
A015077,E0227,2026-06-23,P
A014056,E0215,2026-05-07,Present
A015153,E0228,2026-06-02,Present
A010028,E0142,2025-03-04,Present
A009585,E0136,2025-02-13,Present
A005255,E0076,2024-03-19,P
A000682,E0010,2023-11-21,Present
A014325,E0218,05/18/2026,Present
A003160,E0044,11/30/2023,Present
A011147,E0174,05/05/2026,Present
A002988,E0041,2024-06-13,Present
A004909,E0067,04/04/2024,Present
A001883,E0026,2024-04-30,Present
A008898,E0126,2025-01-14,Present
A001941,E0027,2024-02-27,PRESENT
A003297,E0045,2024-06-05,Present
A003535,E0048,2024-06-10,Present
A005975,E0087,10/08/2024,Present
A003730,E0050,2024-05-30,present
A000491,E0007,2024-04-02,Present
A005709,E0084,2024-10-30,Present
A001182,E0017,2024-01-25,Present
A001376,E0020,2023-09-26,Present
A005015,E0070,02/27/2024,Present
A000627,E0009,2024-02-13,Present
A004759,E0063,2024-05-04,Present
A010597,E0165,2025-06-16,Present
A014700,E0222,2026-06-25,Tardy
A011240,E0176,2025-10-09,Present
A004181,E0056,2024-03-20,Present
A011601,E0181,2025-10-14,Absent
A008998,E0127,2025-04-24,Present
A002888,E0040,03/14/2024,Present
A008877,E0126,2024-10-15,Absent
A004540,E0060,2024-03-20,Present
A010963,E0171,03/17/2026,Present
A006672,E0095,09/19/2024,Present
A006454,E0092,2025-01-23,Present
A001367,E0019,2024-05-30,Present
A002640,E0037,2023-10-12,Present
A014557,E0220,2026-08-24,Present
A005603,E0083,2024-10-08,Present
A013900,E0213,2026-06-11,Present
A005731,E0084,2024-12-16,Present
A007205,E0101,2024-11-12,Present
A005297,E0077,2024-03-28,Present
A010613,E0166,2025-09-09,Present
A002939,E0041,2023-12-14,Present
A010497,E0158,2025-06-30,Present
A013316,E0206,2025-10-30,Present
A008891,E0126,12/10/2024,Present
A005980,E0087,2024-10-16,Present
A004535,E0060,2024-03-12,Present
A010373,E0148,2025-02-18,Tardy
A007670,E0108,2024-11-21,Present
A007608,E0107,01/16/2025,Present
A014207,E0216,2026-08-26,Present
A010456,E0154,02/27/2025,Present
A011501,E0179,2026-04-07,Present
A014945,E0225,2026-08-18,Present
A006682,E0095,2024-10-08,present
A005429,E0080,2024-05-23,Present
A005267,E0076,2024-05-02,Present
A014585,E0221,2026-05-11,Present
A015075,E0227,2026-06-18,Present
A001785,E0025,02/06/2024,Present
A007117,E0100,09/19/2024,Present
A000495,E0007,2024-04-18,Present
A009304,E0132,2025-03-25,Present
A010871,E0170,2026-01-06,Present
A002039,E0028,2024-05-21,Present
A004042,E0055,2024-01-11,Present
A002898,E0040,04/23/2024,Present
A008559,E0121,2024-09-26,Present
A010052,E0142,06/03/2025,Present
A010095,E0143,2025-02-11,Present
A013953,E0213,2026-09-14,Present
A002654,E0037,2023-12-07,Present
A011168,E0175,2025-10-09,Present
A008515,E0120,01/23/2025,Present
A002032,E0028,2024-04-25,Present
A005090,E0072,2024-02-15,Present
A000814,E0012,2024-02-20,Present
A007236,E0101,2025-03-18,Excused
A006281,E0091,2024-08-19,Tardy
A014157,E0216,2026-06-01,Present
A001080,E0016,2023-10-10,Present
A002227,E0031,2024-01-09,Present
A011978,E0187,2025-11-20,Present
A014910,E0225,2026-06-17,Present
A011472,E0179,2025-12-11,Present
A003262,E0045,2024-04-01,Present
A005650,E0083,2025-01-16,Present
A003863,E0052,2024-01-30,Present
A002937,E0041,2023-12-07,Present
A011520,E0180,2025-09-11,Present
A007081,E0099,2024-12-02,Present
A003918,E0052,05/09/2024,Present
A012508,E0194,06/11/2026,Present
A000306,E0005,2023-09-28,Present
A004057,E0055,2024-02-07,Present
A014629,E0221,07/27/2026,Present
A003000,E0042,2023-10-19,Present
A010940,E0171,2025-12-11,Present
A001232,E0018,2023-10-17,Present
A002314,E0032,2024-04-18,Present
A012072,E0188,2026-02-26,Present
A010529,E0160,2025-06-30,Present
A013112,E0203,12/18/2025,Present
A004322,E0057,2024-06-05,Present
A013599,E0209,2026-09-09,Present
A006471,E0093,2024-08-26,Present
A010822,E0169,2025-11-20,Present
A007501,E0105,2024-12-03,Excused
A012962,E0201,2025-11-20,Present
A003900,E0052,2024-04-03,Present
A003568,E0049,2024-02-07,PRESENT
A005453,E0081,2024-03-28,Present
A008023,E0113,2025-04-01,Present
A013298,E0205,2026-06-04,Present
A012157,E0189,2026-04-21,Present
A004271,E0057,2024-03-04,Present
A008532,E0120,03/25/2025,Present
A004087,E0055,2024-04-01,Present
A006664,E0095,2024-09-05,Present
A012486,E0194,2026-03-19,Present
A000589,E0009,2023-09-19,Present
A003366,E0046,2024-04-08,Present
A002671,E0037,2024-02-13,Present
A005516,E0082,2024-10-17,Present
A008582,E0121,2025-01-02,Present
A013863,E0212,2026-09-09,Absent
A002396,E0033,05/14/2024,Present
A005507,E0082,10/02/2024,Present
A002171,E0030,2024-03-14,Present
A014425,E0219,2026-06-08,Present
A008135,E0115,2024-11-14,Absent
A009567,E0136,2024-12-03,Present
A014457,E0219,2026-08-03,Present
A009273,E0132,11/19/2024,Present
A012817,E0199,2025-11-18,Present
A005674,E0084,2024-08-29,PRESENT
A002775,E0039,2023-10-19,Present
A007621,E0107,03/04/2025,Present
A006560,E0094,2024-08-19,Present
A009573,E0136,2025-01-02,Present
A008457,E0119,2027-04-07,Present
A009892,E0140,2025-04-08,Present
A014401,E0219,2026-04-27,Present
A005799,E0085,2024-10-24,Present
A005983,E0087,2024-10-22,Present
A005883,E0086,2024-10-09,Present
A009680,E0137,2025-05-08,present
A014963,E0225,2026-09-17,Present
A002182,E0030,2024-04-25,Present
A011457,E0179,2025-10-14,Present
A001474,E0021,2023-12-21,Present
A006104,E0089,09/03/2024,Present
A011622,E0181,2026-01-15,Present
A009414,E0134,2024-10-31,Present
A009151,E0129,05/20/2025,Present
A000422,E0006,03/05/2024,Excused
A002307,E0032,2024-03-21,Present
A013125,E0203,2026-02-17,Tardy
A000172,E0003,2023-11-30,Present
A003957,E0053,01/18/2024,Present
A005607,E0083,2024-10-15,Present
A014215,E0216,2026-09-09,Present
A008463,E0119,2025-04-08,Tardy
A001726,E0024,2024-04-02,Present
A008939,E0126,2025-06-12,Present
A000885,E0013,02/06/2024,Present
A009036,E0128,12/05/2024,PRESENT
A014383,E0218,2026-08-26,Present
A009315,E0132,2025-05-08,P
A000905,E0013,2024-04-18,Tardy
A003495,E0048,2024-03-26,Present
A008347,E0118,2024-10-22,Present
A009976,E0141,2025-05-22,Present
A007798,E0110,01/23/2025,Excused
A007397,E0103,2025-05-15,Present
A012830,E0199,2026-01-22,Tardy
A002081,E0029,2024-01-23,Present
A007929,E0112,2024-11-14,Present
A011482,E0179,2026-01-29,Present
A007934,E0112,2024-12-10,Present
A012598,E0196,2025-11-06,Present
A010920,E0171,2025-09-25,Present
A007212,E0101,12/12/2024,Present
A004678,E0061,2024-05-30,Present
A006534,E0093,12/19/2024,Tardy
A005210,E0075,2024-02-27,Present
A002647,E0037,2023-11-07,Present
A011800,E0184,2026-04-30,P
A011223,E0175,2026-05-19,Present
A010130,E0144,2024-09-12,P
A012276,E0191,2026-01-15,Tardy
A010816,E0169,2025-10-30,Present
A006366,E0091,2025-02-03,Present
A011873,E0185,2026-05-05,Present
A002156,E0030,2024-01-23,Present
A011200,E0175,2026-02-19,Present
A007371,E0103,2025-02-06,Absent
A013677,E0210,2026-08-24,Present
A007838,E0111,2024-09-12,Present
A003716,E0050,05/07/2024,Present
A008112,E0114,2025-06-03,Present
A011218,E0175,2026-04-30,Present
A013337,E0206,2026-02-03,Present
A003623,E0049,2024-05-20,Present
A004517,E0060,2024-02-08,Present
A007355,E0103,2024-12-03,Present
A008751,E0124,2024-11-05,Present
A001437,E0020,2024-05-14,Present
A000508,E0007,2024-06-04,Present
A005276,E0076,2024-06-04,Present
A005664,E0084,2024-08-13,Present
A005403,E0080,2024-02-20,PRESENT
A005931,E0086,2025-01-21,Present
A008948,E0127,2024-10-08,Present
A002340,E0033,2023-10-12,Tardy
A010121,E0143,2025-05-20,Present
A004387,E0058,2024-04-01,Present
A011945,E0186,2026-05-05,Present
A007681,E0108,2025-01-16,Present
A011818,E0185,09/25/2025,Present
A011596,E0181,2025-09-25,Tardy
A008694,E0123,2025-01-16,Tardy
A000644,E0009,2024-04-11,Present
A001540,E0022,2023-11-14,PRESENT
A001212,E0017,2024-05-14,present
A011306,E0177,2025-09-18,Present
A014033,E0214,2026-08-31,Present
A008865,E0125,2025-04-22,Absent
A006107,E0089,2024-09-09,Present
A005616,E0083,2024-10-30,Present
A013523,E0209,2026-04-29,P
A001465,E0021,2023-11-14,Present
A001193,E0017,2024-03-05,PRESENT
A003591,E0049,2024-03-19,Absent
A013266,E0205,2026-02-05,Present
A006361,E0091,2025-01-23,PRESENT
A008698,E0123,2025-01-30,Present
A012499,E0194,2026-05-12,Present
A006720,E0095,2024-12-19,Present
A000507,E0007,05/30/2024,Present
A011366,E0177,2026-05-14,A
A009480,E0135,2024-10-08,Present
A009539,E0135,2025-05-27,Present
A009860,E0140,2024-12-05,Present
A001774,E0025,2023-12-21,Present
A000273,E0004,2024-03-07,Present
A012542,E0195,2026-01-22,Present
A014411,E0219,2026-05-13,Present
A003619,E0049,2024-05-13,Present
A002382,E0033,03/21/2024,Present
A007009,E0098,2025-01-20,Absent
A014957,E0225,2026-09-08,Present
A004634,E0061,2024-03-11,PRESENT
A008505,E0120,12/10/2024,Present
A000747,E0011,03/19/2024,Tardy
A007708,E0108,2025-04-29,Present
A003570,E0049,02/12/2024,Present
A008983,E0127,2025-02-25,Present
A010657,E0166,2026-03-03,Present
A008558,E0121,2024-09-24,
A006449,E0092,2025-01-15,Present
A005600,E0083,2024-10-02,Present
A011256,E0176,2025-12-11,Present
A011040,E0173,2025-12-11,Present
A008573,E0121,2024-11-14,Tardy
A012924,E0200,2026-04-09,Tardy
A001913,E0027,2023-11-07,Tardy
A009439,E0134,2025-02-13,Present
A000600,E0009,2023-10-26,present
A003893,E0052,2024-03-21,Present
A005541,E0082,12/09/2024,Present
A001653,E0023,2024-04-09,Tardy
A008107,E0114,2025-05-15,Present
A001894,E0026,2024-06-06,Present
A011920,E0186,2026-01-29,Present
A006503,E0093,2024-10-21,Present
A004363,E0058,2024-02-19,Present
A015021,E0226,2026-07-28,Present
A000376,E0006,2023-09-12,Present
A001967,E0027,2024-05-30,Present
A003958,E0053,01/22/2024,Present
A014183,E0216,2026-07-15,Present
A005697,E0084,2024-10-09,Present
A001244,E0018,2023-12-05,Present
A012687,E0197,2026-01-27,Tardy
A012381,E0193,2025-11-04,Present
A011407,E0178,2026-01-20,PRESENT
A000942,E0014,2023-11-21,Present
A010608,E0165,2025-07-03,Present
A003347,E0046,2024-03-05,Present
A002658,E0037,2023-12-21,Present
A015031,E0226,2026-08-13,present
A015150,E0228,2026-05-27,Present
A005327,E0078,2024-02-27,Present
A012015,E0187,2026-04-28,Present
A006579,E0094,2024-09-19,Present
A002800,E0039,2024-01-30,Present
A004307,E0057,2024-05-09,Present
A011120,E0174,2026-01-22,PRESENT
A011817,E0185,2025-09-23,Absent
A007245,E0101,2025-04-24,Present
A000299,E0004,2024-06-11,Present
A012541,E0195,2026-01-20,Present
A003824,E0051,2024-05-21,Present
A012923,E0200,2026-04-07,Present
A007978,E0113,2024-10-08,Present
A002036,E0028,05/09/2024,Present
A004040,E0055,2024-01-09,Present
A012821,E0199,2025-12-09,Present
A012738,E0198,2025-10-23,Present
A001500,E0021,2024-03-28,Present
A003513,E0048,2024-05-01,Present
A001007,E0015,2023-10-17,Tardy
A008845,E0125,2025-02-04,Present
A008363,E0118,2025-01-02,Present
A006829,E0096,2025-01-29,Present
A007131,E0100,2024-11-07,Present
A011301,E0176,2026-06-09,Present
A009423,E0134,2024-12-10,Present
A004086,E0055,2024-03-28,Present
A000243,E0004,2023-11-09,Present
A015215,E0228,2026-09-17,Present
A001645,E0023,2024-03-12,Present
A007372,E0103,02/11/2025,Tardy
A009694,E0138,09/19/2024,Present
A005595,E0083,2024-09-24,PRESENT
A013284,E0205,2026-04-09,Present
A010532,E0160,2025-07-03,Absent
A005232,E0075,2024-05-16,Present
A002077,E0029,2024-01-09,PRESENT
A004104,E0055,2024-05-06,Excused
A007494,E0105,2024-10-31,Present
A009044,E0128,2025-01-14,Present
A005969,E0087,2024-09-26,Present
A012842,E0199,2026-03-05,Present
A012133,E0189,2026-01-20,Present
A003967,E0053,2024-02-06,Absent
A010644,E0166,2026-01-15,Present
A015046,E0227,2026-04-29,Present
A014423,E0219,2026-06-03,Excused
A006755,E0096,2024-09-03,P
A010200,E0144,2025-06-10,Present
A009339,E0133,10/24/2024,Present
A012793,E0198,2026-06-02,Present
A004079,E0055,2024-03-18,P
A007755,E0109,01/21/2025,Excused
A008833,E0125,2024-12-12,P
A002779,E0039,2023-11-02,Present
A004604,E0061,2024-01-17,Present
A004933,E0068,2024-02-13,P
A001986,E0028,2023-10-31,Present
A003862,E0052,01/29/2024,Tardy
A007775,E0110,10/17/2024,Present
A000326,E0005,2023-12-14,Present
A014428,E0219,06/11/2026,Present
A006395,E0092,2024-09-24,Present
A011516,E0179,2026-06-04,Present
A004055,E0055,02/05/2024,Present
A002238,E0031,2024-02-15,Present
A005230,E0075,2024-05-09,Present
A004572,E0060,2024-05-21,Present
A008977,E0127,2025-02-04,Present
A007455,E0104,2025-03-18,Present
A001269,E0018,2024-03-07,Present
A000865,E0013,2023-11-14,Present
A004943,E0068,2024-03-19,Present
A002254,E0031,2024-04-11,Present
A006011,E0087,2024-12-17,Present
A006912,E0097,2025-01-13,Present
A010065,E0143,10/10/2024,P
A006999,E0098,2024-12-19,Present
A000372,E0005,2024-06-04,Present
A013151,E0203,2026-05-26,Present
A007941,E0112,2025-01-14,Present
A000610,E0009,2023-12-07,Present
A004652,E0061,2024-04-10,Present
A012859,E0199,2026-05-12,Present
A008873,E0126,10/01/2024,Present
A011986,E0187,2026-01-08,Present
A014834,E0223,2026-09-15,Excused
A014746,E0222,2026-09-15,Present
A002365,E0033,01/23/2024,Present
A007767,E0110,2024-09-19,Present
A007149,E0100,2025-01-28,Present
A009104,E0129,2024-11-12,P
A003790,E0051,2024-03-18,Present
A012740,E0198,2025-10-30,Present
A005582,E0083,2024-09-02,Present
A009470,E0134,2025-06-10,Present
A005061,E0071,2024-03-21,Present
A015072,E0227,2026-06-15,Present
A013535,E0209,2026-05-20,PRESENT
A008672,E0123,2024-10-15,Present
A000663,E0010,2023-09-14,P
A010980,E0171,2026-05-21,Present
A010428,E0153,2025-02-06,present
A002777,E0039,2023-10-26,Absent
A004536,E0060,2024-03-13,Present
A007190,E0101,09/19/2024,Tardy
A009968,E0141,2025-04-24,Present
A005574,E0083,2024-08-19,Present
A006136,E0089,2024-10-29,Present
A004428,E0059,2024-02-28,Present
A005248,E0076,2024-02-22,Present
A010655,E0166,02/24/2026,Present
A003982,E0054,2024-01-22,Present
A007826,E0110,2025-05-08,Present
A002670,E0037,2024-02-08,Present
A003978,E0054,2024-01-15,Present
A000280,E0004,2024-04-02,Tardy
A012436,E0193,2026-06-11,Present
A008719,E0123,2025-04-22,Present
A007453,E0104,2025-03-11,Present
A005198,E0074,2024-06-04,Present
A013715,E0211,2026-05-27,Present
A014327,E0218,2026-05-20,Present
A004156,E0056,2024-02-06,Present
A010377,E0148,2025-02-25,Present
A004884,E0066,2024-05-28,Present
A005808,E0085,2024-11-11,Present
A003810,E0051,2024-04-25,Present
A008714,E0123,2025-03-27,Present
A012989,E0201,2026-03-17,Present
A004684,E0061,2024-06-11,Present
A013198,E0204,2026-02-19,Present
A012936,E0200,2026-05-28,Present
A013395,E0207,12/02/2025,Present
A005594,E0083,2024-09-23,Present
A011083,E0173,2026-06-02,P
A006898,E0097,2024-12-05,Present
A004564,E0060,2024-05-07,PRESENT
A008377,E0118,2025-02-20,Present
A009515,E0135,2025-02-25,Present
A001599,E0023,2023-09-19,Present
A001270,E0018,2024-03-12,Present
A002351,E0033,11/21/2023,PRESENT
A008746,E0124,10/17/2024,Present
A001385,E0020,2023-10-26,Present
A009613,E0136,2025-05-29,Present
A009037,E0128,2024-12-10,Tardy
A005857,E0086,2024-08-26,Present
A000298,E0004,2024-06-06,Present
A008636,E0122,2025-03-11,Present
A013532,E0209,2026-05-14,Present
A011892,E0186,2025-10-02,Present
A010086,E0143,2025-01-09,Present
A002078,E0029,2024-01-11,Present
A013347,E0206,2026-03-10,Present
A012263,E0191,2025-11-11,Present
A002230,E0031,01/18/2024,Present
A002843,E0040,2023-09-26,Present
A002538,E0035,2024-04-11,Present
A000195,E0003,2024-02-27,Present
A013752,E0211,2026-07-30,Present
A007363,E0103,2025-01-09,Present
A006637,E0094,2025-01-20,Tardy
A007499,E0105,2024-11-19,Present
A011132,E0174,2026-03-05,Present
A004043,E0055,2024-01-15,Present
A006554,E0093,2025-02-05,Present
A013476,E0208,01/15/2026,Present
A005506,E0082,2024-10-01,Present
A006855,E0097,2024-09-16,Present
A006762,E0096,09/16/2024,Present
A005301,E0077,2024-04-11,Present
A011861,E0185,2026-03-17,Present
A000321,E0005,2023-11-21,Tardy
A007136,E0100,2024-12-03,Present
A001372,E0020,2023-09-12,Present
A015088,E0227,2026-07-13,Present
A002655,E0037,2023-12-12,Present
A009100,E0129,10/29/2024,Present
A010736,E0168,2025-10-02,present
A003399,E0046,2024-06-10,Present
A008533,E0120,2025-03-27,Present
A009838,E0140,2024-09-12,Present
A012221,E0190,2026-03-17,Present
A010834,E0169,2026-01-22,Present
A012907,E0200,2026-02-10,Present
A000927,E0014,2023-09-28,present
A000245,E0004,2023-11-16,Present
A007470,E0104,2025-05-15,Present
A008208,E0116,2024-11-14,Present
A000144,E0002,2024-05-23,PRESENT
A005984,E0087,2024-10-23,Present
A008152,E0115,2025-01-30,Present
A002364,E0033,2024-01-18,Present
A013898,E0213,2026-06-09,Present
A000130,E0002,2024-04-02,Present
A001162,E0017,2023-11-02,Present
A012217,E0190,2026-03-03,Present
A015056,E0227,2026-05-18,Present
A005954,E0087,2024-09-02,Present
A000288,E0004,2024-05-02,Present
A011974,E0187,2025-11-06,Tardy
A005309,E0077,05/14/2024,Present
A013499,E0208,2026-04-07,Present
A008682,E0123,2024-11-19,Tardy
A001171,E0017,2023-12-12,Present
A014555,E0220,2026-08-19,Tardy
A011938,E0186,04/02/2026,Present
A006793,E0096,11/07/2024,Present
A012580,E0195,2026-06-11,Present
A001860,E0026,2024-02-06,Present
A013479,E0208,2026-01-27,Present
A014239,E0217,2026-05-20,Present
A006782,E0096,2024-10-21,Present
A009732,E0138,2025-02-18,Present
A010441,E0154,2025-02-03,Present
A003122,E0043,04/18/2024,Present
A008580,E0121,2024-12-17,Excused
A001312,E0019,2023-11-02,present
A001033,E0015,2024-01-30,Present
A008340,E0118,2024-09-26,Present
A013680,E0210,2026-08-27,Present
A006383,E0092,2024-09-03,Present
A007911,E0112,2024-09-12,Present
A000932,E0014,2023-10-17,Present
A000692,E0010,2024-01-09,Present
A010159,E0144,2025-01-09,Present
A006365,E0091,2025-01-30,P
A001910,E0027,2023-10-26,Present
A009022,E0128,2024-10-10,Present
A013713,E0211,2026-05-25,Present
A014529,E0220,2026-07-06,
A000045,E0001,02/27/2024,Absent
A003940,E0052,2024-06-18,Present
A010125,E0143,2025-06-03,Present
A007109,E0099,2025-01-30,Present
A010242,E0145,2025-02-13,Excused
A004320,E0057,2024-06-03,Present
A002966,E0041,2024-03-26,Absent
A003970,E0053,2024-02-12,Excused
A009380,E0133,04/03/2025,Present
A013780,E0211,2026-09-17,Present
A014143,E0216,2026-05-06,Present
A013234,E0205,09/25/2025,Present
A007479,E0105,2024-09-10,Present
A006309,E0091,2024-10-07,Present
A004160,E0056,2024-02-13,Present
A003093,E0043,2024-01-04,Present
A012987,E0201,2026-03-10,Present
A007955,E0112,2025-03-04,Present
A005556,E0082,2025-01-15,Present
A003983,E0054,2024-01-23,Present
A015006,E0226,07/01/2026,Present
A006941,E0098,2024-09-03,Present
A001405,E0020,01/18/2024,Present
A003196,E0044,2024-04-11,Present
A009683,E0137,2025-05-20,Present
A013800,E0212,2026-05-21,Present
A009994,E0142,2024-10-17,Present
A000970,E0014,03/12/2024,Present
A014904,E0225,06/08/2026,Present
A006544,E0093,2025-01-20,Present
A009118,E0129,2025-01-16,Present
A002844,E0040,09/28/2023,Present
A002852,E0040,2023-10-26,Present
A012658,E0197,09/25/2025,Present
A015152,E0228,2026-06-01,Present
A005957,E0087,09/05/2024,Present
A010877,E0170,01/27/2026,Present
A012259,E0191,2025-10-28,Tardy
A004472,E0059,2024-05-21,Present
A010011,E0142,2025-01-02,Present
A012337,E0192,2026-03-03,Present
A001790,E0025,2024-02-22,PRESENT
A012716,E0197,2026-05-14,Present
A002060,E0029,2023-10-26,Present
A007144,E0100,2025-01-09,Present
A009596,E0136,2025-03-25,Present
A001903,E0027,2023-10-03,Present
A004687,E0061,2024-06-17,Present
A010398,E0150,2025-02-05,Present
A008091,E0114,2025-03-13,P
A004923,E0067,2024-05-28,PRESENT
A006786,E0096,2024-10-28,Tardy
A013678,E0210,2026-08-25,Present
A000076,E0002,09/12/2023,Present
A002346,E0033,2023-11-02,Present
A006448,E0092,2025-01-14,Present
A008431,E0119,2024-12-05,Present
A008623,E0122,2025-01-23,Present
A004587,E0060,2024-06-17,Present
A014798,E0223,2026-07-14,Present
A009903,E0140,2025-05-22,Present
A009575,E0136,2025-01-09,Present
A012527,E0195,2025-11-11,P
A001554,E0022,2024-01-16,Present
A005875,E0086,2024-09-25,Present
A008433,E0119,2024-12-12,Present
A008976,E0127,2025-01-30,Present
A012784,E0198,04/30/2026,
A014996,E0226,06/15/2026,Present
A009170,E0130,2024-10-17,Present
A011489,E0179,2026-02-24,present
A005696,E0084,2024-10-08,Present
A002942,E0041,01/02/2024,Present
A010227,E0145,2024-12-12,Present
A010264,E0145,2025-05-08,Present
A007382,E0103,03/18/2025,Present
A012383,E0193,11/11/2025,Present
A001621,E0023,12/12/2023,Present
A003996,E0054,2024-02-14,Present
A007906,E0111,2025-06-03,Tardy
A013979,E0214,2026-05-27,P
A012461,E0194,2025-12-09,Present
A006783,E0096,2024-10-22,
A012558,E0195,2026-03-19,Excused
A013503,E0208,2026-04-28,Present
A010287,E0146,2024-10-22,Present
A001610,E0023,2023-10-26,Present
A003097,E0043,2024-01-18,Absent
A002416,E0034,2023-10-17,Present
A010766,E0168,2026-02-05,Present
A002018,E0028,2024-03-05,Present
A002972,E0041,2024-04-18,Excused
A015066,E0227,2026-06-03,Absent
A003247,E0045,2024-03-05,Present
A000125,E0002,2024-03-14,Present
A001107,E0016,2024-01-25,Excused
A001815,E0025,05/23/2024,Present
A011985,E0187,2026-01-06,Present
A014087,E0215,2026-07-01,Present
A008791,E0124,2025-04-10,Present
A002124,E0030,09/19/2023,Present
A014441,E0219,07/06/2026,Present
A010748,E0168,2025-11-13,Present
A010989,E0172,09/16/2025,Excused
A008971,E0127,01/14/2025,Present
A014860,E0224,2026-05-28,Present
A002198,E0031,2023-09-14,Present
A004052,E0055,2024-01-30,Present
A001217,E0017,2024-05-30,Present
A007702,E0108,2025-04-01,Present
A000726,E0011,2024-01-04,Present
A009171,E0130,2024-10-22,Present
A000809,E0012,2024-02-01,Present
A011510,E0179,05/14/2026,Present
A014427,E0219,2026-06-10,Present
A004907,E0067,2024-03-28,Present
A010716,E0167,2026-01-15,Present
A013899,E0213,2026-06-10,Present
A003963,E0053,01/30/2024,Present
A011901,E0186,2025-11-04,Present
A002672,E0037,2024-02-15,present
A009773,E0139,2024-10-10,Present
A009428,E0134,2025-01-07,Present
A009418,E0134,2024-11-14,present
A001765,E0025,2023-11-14,Present
A010985,E0171,2026-06-09,Present
A000608,E0009,2023-11-30,PRESENT
A009675,E0137,2025-04-22,Present
A012389,E0193,2025-12-09,Present
A003218,E0045,01/15/2024,Present
A005738,E0084,2025-01-08,Present
A008480,E0119,06/12/2025,Present
A002054,E0029,2023-10-05,Present
A003165,E0044,2023-12-19,P
A010772,E0168,2026-02-26,Tardy
A011766,E0184,2025-12-11,Present
A013676,E0210,2026-08-20,Present
A001658,E0023,04/30/2024,Present
A008070,E0114,2024-12-19,Present
A008645,E0122,2025-04-10,P
A002711,E0038,2023-09-28,Tardy
A014094,E0215,2026-07-14,Present
A007550,E0105,2025-06-10,Tardy
A004267,E0057,2024-02-26,Present
A006716,E0095,2024-12-12,Present
A000423,E0006,2024-03-07,Present
A005317,E0077,2024-06-11,present
A008850,E0125,2025-02-20,Present
A002846,E0040,2023-10-05,Present
A004067,E0055,02/26/2024,Present
A013545,E0209,06/08/2026,Present
A005245,E0076,2024-02-13,Present
A001002,E0015,2023-09-28,Present
A004199,E0056,2024-04-25,Tardy
A002419,E0034,2023-10-26,Present
A012005,E0187,2026-03-17,Present
A003576,E0049,2024-02-21,Excused
A006727,E0095,2025-01-14,Absent
A003848,E0051,2024-07-02,P
A000962,E0014,2024-02-13,Present
A012287,E0191,2026-02-24,Present
A010702,E0167,2025-11-06,Present
A006193,E0090,2024-08-27,Present
A000758,E0011,04/30/2024,Tardy
A005314,E0077,2024-05-30,Present
A002285,E0032,2024-01-04,Present
A012909,E0200,2026-02-17,Tardy
A009624,E0137,2024-10-01,present
A004828,E0065,2024-03-26,Present
A013616,E0210,2026-05-07,Present
A000808,E0012,2024-01-30,Present
A003908,E0052,2024-04-23,present
A007024,E0099,2024-08-15,Present
A001957,E0027,04/25/2024,Present
A009344,E0133,2024-11-12,Absent
A014626,E0221,2026-07-21,Present
A012529,E0195,2025-11-18,Present
A002403,E0033,2024-06-06,Present
A013951,E0213,2026-09-09,Present
A001074,E0016,2023-09-19,Present
A006525,E0093,2024-12-04,Present
A013076,E0202,2026-05-14,Absent
A010145,E0144,2024-11-05,Present
A008096,E0114,2025-04-01,Tardy
A011449,E0179,09/16/2025,Present
A012891,E0200,2025-12-02,Present
A014577,E0221,2026-04-27,Present
A012269,E0191,2025-12-09,Present
A001004,E0015,2023-10-05,P
A007659,E0108,2024-10-15,present
A013997,E0214,2026-06-29,Present
A007567,E0106,10/31/2024,Present
A014201,E0216,2026-08-17,Present
A005369,E0079,2024-03-07,Present
A012408,E0193,2026-02-26,Tardy
A006290,E0091,2024-09-03,Present
A010222,E0145,2024-11-19,Present
A013544,E0209,2026-06-04,Present
A009791,E0139,2024-12-19,Present
A000986,E0014,2024-05-09,Present
A011036,E0173,2025-11-20,Excused
A006170,E0089,2025-01-15,Present
A013121,E0203,2026-02-03,Present
A007385,E0103,2025-03-27,Present
A010849,E0170,2025-09-30,Present
A014046,E0215,2026-04-21,Present
A011831,E0185,2025-11-11,Tardy
A014406,E0219,2026-05-05,Present
A009461,E0134,2025-05-08,Present
A002463,E0034,04/11/2024,Absent
A000269,E0004,2024-02-22,Present
A007963,E0112,04/01/2025,Excused
A003581,E0049,2024-02-29,Present
A000072,E0001,2024-06-04,Present
A013451,E0208,2025-09-30,Present
A012484,E0194,2026-03-12,Present
A011832,E0185,2025-11-13,Present
A002822,E0039,2024-04-18,Present
A013798,E0212,2026-05-19,Present
A000590,E0009,2023-09-21,Present
A014872,E0224,2026-06-18,Excused
A010122,E0143,05/22/2025,Present
A011375,E0178,2025-09-09,Present
A008117,E0115,2024-09-12,Excused
A011096,E0174,2025-10-09,Present
A003759,E0051,2024-01-23,Present
A006846,E0097,2024-08-29,Present
A002029,E0028,2024-04-11,Present
A008870,E0126,2024-09-19,Present
A010554,E0162,2025-06-24,Present
A012569,E0195,2026-05-05,Absent
A005455,E0081,2024-04-04,Present
A010157,E0144,2025-01-02,Present
A011966,E0187,2025-10-09,Present
A010081,E0143,2024-12-12,Present
A011039,E0173,2025-12-09,PRESENT
A002433,E0034,2023-12-21,Present
A004648,E0061,04/03/2024,Present
A008470,E0119,2025-05-08,present
A011983,E0187,2025-12-16,Present
A000897,E0013,2024-03-19,Present
A012647,E0196,05/26/2026,Present
A001588,E0022,2024-05-16,Present
A006687,E0095,2024-10-16,Present
A001720,E0024,2024-03-12,Present
A006101,E0089,08/28/2024,Present
A003807,E0051,2024-04-22,Present
A008807,E0124,2025-06-12,Excused
A011791,E0184,2026-03-24,Present
A003962,E0053,2024-01-29,Present
A010265,E0145,2025-05-13,Present
A007037,E0099,09/09/2024,Present
A013009,E0201,2026-06-02,Present
A000891,E0013,2024-02-27,Excused
A013859,E0212,2026-09-02,Present
A004007,E0054,2024-03-05,Tardy
A004940,E0068,2024-03-07,Present
A012170,E0189,2026-06-04,Present
A009961,E0141,2025-03-25,Present
A005899,E0086,11/06/2024,Present
A011559,E0180,2026-02-17,Absent
A012265,E0191,2025-11-18,Present
A011592,E0181,2025-09-11,Absent
A000585,E0008,06/11/2024,Present
A003933,E0052,2024-06-05,Present
A001261,E0018,2024-02-08,Present
A010719,E0167,2026-01-27,Present
A000311,E0005,10/17/2023,Absent
A001717,E0024,2024-02-29,PRESENT
A006010,E0087,2024-12-16,Present
A002053,E0029,10/03/2023,Present
A010769,E0168,2026-02-17,Present
A004669,E0061,2024-05-15,Present
A004299,E0057,2024-04-25,Present
A006647,E0094,2025-02-05,Present
A003784,E0051,2024-03-06,present
A001009,E0015,2023-10-24,Present
A007348,E0103,2024-10-31,Present
A014086,E0215,06/30/2026,Present
A014410,E0219,2026-05-12,Present
A008384,E0118,2025-03-18,Present
A010370,E0148,2025-02-12,Present
A004060,E0055,2024-02-13,Present
A008722,E0123,2025-05-01,Present
A000091,E0002,2023-11-02,Present
A001988,E0028,2023-11-07,Present
A011108,E0174,2025-11-20,PRESENT
A012062,E0188,2026-01-22,Present
A012012,E0187,04/09/2026,PRESENT
A007280,E0102,2024-11-19,Present
A014936,E0225,2026-08-03,PRESENT
A013903,E0213,06/17/2026,Absent
A013345,E0206,2026-03-03,Present
A014592,E0221,2026-05-21,Present
A009518,E0135,2025-03-06,Present
A013343,E0206,02/24/2026,Present
A013229,E0205,2025-09-09,PRESENT
A002926,E0041,10/24/2023,Present
A011451,E0179,2025-09-23,Present
A008186,E0115,2025-06-05,Present
A005885,E0086,2024-10-14,Present
A002342,E0033,2023-10-19,present
A011671,E0183,2025-09-16,Present
A010919,E0171,2025-09-23,Present
A000628,E0009,2024-02-15,Present
A010319,E0146,2025-02-27,PRESENT
A007546,E0105,05/27/2025,present
A009986,E0142,2024-09-19,PRESENT
A004766,E0063,2024-05-23,PRESENT
A014766,E0223,2026-05-19,Present
A012977,E0201,2026-02-03,Present
A000129,E0002,03/28/2024,Present
A012271,E0191,2025-12-16,Present
A010674,E0166,2026-05-07,PRESENT
A004183,E0056,2024-03-25,Present
A007300,E0102,2025-02-13,Present
A006996,E0098,2024-12-16,Absent
A002399,E0033,2024-05-23,P
A013771,E0211,2026-09-02,Present
A001187,E0017,2024-02-13,PRESENT
A012091,E0188,2026-05-12,
A014937,E0225,2026-08-04,Present
A005315,E0077,2024-06-04,Present
A009221,E0130,2025-05-08,Present
A004248,E0057,2024-01-23,Tardy
A014686,E0222,2026-06-02,Present
A009108,E0129,2024-12-03,Present
A009498,E0135,2024-12-17,Present
A001097,E0016,2023-12-14,Present
A006654,E0095,08/20/2024,present
A001274,E0018,2024-03-26,
A005699,E0084,2024-10-14,P
A009836,E0139,2025-06-12,P
A008729,E0123,05/27/2025,Present
A006798,E0096,2024-11-18,Present
A009591,E0136,2025-03-06,Present
A006616,E0094,12/02/2024,present
A003359,E0046,2024-03-26,Present
A007756,E0109,2025-01-23,Late
A000184,E0003,01/18/2024,Present
A012147,E0189,2026-03-10,Present
A011603,E0181,2025-10-21,Present
A006514,E0093,2024-11-07,Present
A004568,E0060,2024-05-14,Absent
A006604,E0094,2024-11-04,Present
A012749,E0198,2025-12-09,Present
A001962,E0027,05/14/2024,Present
A004993,E0069,04/30/2024,Present
A004892,E0067,2024-02-06,PRESENT
A008040,E0113,2025-06-05,Present
A005870,E0086,2024-09-17,Present
A009571,E0136,2024-12-17,Present
A014580,E0221,2026-04-30,Present
A006227,E0090,2024-10-24,Present
A011553,E0180,01/27/2026,Present
A010878,E0170,01/29/2026,Present
A001252,E0018,2024-01-09,Present
A003177,E0044,2024-02-06,Present
A003360,E0046,2024-03-27,Present
A010565,E0163,2025-06-16,Present
A009870,E0140,2025-01-21,Present
A011893,E0186,2025-10-07,Present
A013834,E0212,2026-07-21,Present
A007412,E0104,10/01/2024,Present
A007539,E0105,2025-05-01,Tardy
A013067,E0202,2026-04-07,Present
A001052,E0015,2024-04-04,Present
A009222,E0130,2025-05-13,Present
A008465,E0119,2025-04-22,Present
A004764,E0063,2024-05-16,Present
A015190,E0228,08/05/2026,P
A001875,E0026,2024-03-28,Tardy
A009279,E0132,2024-12-17,Present
A010592,E0164,07/03/2025,Present
A007283,E0102,12/05/2024,Present
A009009,E0127,06/03/2025,Present
A013290,E0205,2026-05-07,Excused
A004323,E0057,2024-06-06,Present
A009449,E0134,2025-03-20,Present
A005832,E0085,2025-01-09,Present
A012467,E0194,2026-01-13,Present
A010352,E0147,2025-02-10,Excused
A013603,E0209,2026-09-16,Present
A013477,E0208,2026-01-20,present
A011954,E0186,2026-06-04,Present
A004486,E0059,2024-06-13,Present
A011439,E0178,2026-05-19,Present
A008616,E0122,2024-12-19,Present
A003925,E0052,2024-05-22,Absent
A014572,E0220,2026-09-17,Present
A009808,E0139,2025-02-27,Present
A011344,E0177,02/19/2026,Present
A007851,E0111,2024-10-29,Tardy
A012415,E0193,2026-03-24,Present
A003114,E0043,2024-03-19,Present
A003304,E0045,2024-06-18,present
A009537,E0135,2025-05-20,Present
A001691,E0024,2023-11-16,Present
A009881,E0140,2025-02-27,Present
A005049,E0071,2024-02-08,present
A011606,E0181,2025-10-30,Abs
A003309,E0045,2024-06-26,Present
A001505,E0021,2024-04-18,Present
A001807,E0025,2024-04-25,
A003872,E0052,02/14/2024,Present
A010219,E0145,2024-11-07,Present
A003792,E0051,2024-03-20,Present
A015172,E0228,07/06/2026,Present
A011885,E0186,2025-09-09,Present
A010698,E0167,2025-10-23,Present
A001718,E0024,2024-03-05,Present
A002697,E0037,2024-05-16,Present
A001849,E0026,2023-12-21,Present
A004513,E0060,2024-02-01,Present
A014587,E0221,05/13/2026,Present
A006623,E0094,2024-12-12,Present
A003436,E0047,2024-02-14,Absent
A010406,E0150,02/19/2025,Present
A000143,E0002,2024-05-21,Present
A010765,E0168,2026-02-03,Tardy
A006993,E0098,2024-12-10,Present
A010366,E0148,02/05/2025,Present
A011599,E0181,10/07/2025,Present
A001118,E0016,2024-03-05,PRESENT
A001757,E0025,2023-10-17,Present
A000498,E0007,2024-04-30,PRESENT
A006752,E0096,08/28/2024,Present
A000871,E0013,2023-12-12,P
A003358,E0046,2024-03-25,Present
A009105,E0129,2024-11-14,Present
A007679,E0108,2025-01-09,Absent
A000722,E0011,2023-12-14,Excused
A000887,E0013,2024-02-13,Present
A014762,E0223,2026-05-12,Tardy
A011267,E0176,2026-02-03,Present
A012767,E0198,2026-02-24,Present
A008348,E0118,2024-10-24,Present
A009713,E0138,2024-12-03,Present
A008103,E0114,2025-05-01,Present
A013371,E0206,2026-06-09,Present
A011319,E0177,2025-11-04,present
A000315,E0005,2023-10-31,Present
A013757,E0211,2026-08-10,Present
A014167,E0216,2026-06-17,Present
A004205,E0056,2024-05-07,Present
A005851,E0086,2024-08-14,Tardy
A006130,E0089,2024-10-17,Present
A005448,E0081,03/12/2024,Excused
A003130,E0043,2024-05-16,Excused
A001997,E0028,2023-12-14,Present
A011399,E0178,2025-12-09,Present
A003969,E0053,2024-02-08,Excused
A012142,E0189,02/19/2026,Present
A000337,E0005,2024-01-30,Present
A012143,E0189,2026-02-24,Present
A012872,E0200,2025-09-18,
A010647,E0166,2026-01-27,Present
A002986,E0041,2024-06-06,Present
A004621,E0061,2024-02-15,Present
A006532,E0093,2024-12-17,Present
A010108,E0143,2025-03-27,P
A003559,E0049,01/23/2024,Present
A014019,E0214,2026-08-05,Present
A003417,E0047,2024-01-11,Tardy
A000308,E0005,2023-10-05,Absent
A014637,E0221,2026-08-10,Present
A014646,E0221,2026-08-25,Present
A000349,E0005,2024-03-12,Tardy
A005919,E0086,12/18/2024,Absent
A013514,E0208,2026-06-04,T
A007244,E0101,2025-04-22,Present
A014613,E0221,2026-06-29,Present
A004483,E0059,06/10/2024,P
A012934,E0200,2026-05-21,Present
A009422,E0134,2024-12-05,Present
A008264,E0117,2024-09-17,Present
A014387,E0218,2026-09-02,T
A006856,E0097,2024-09-17,Present
A012503,E0194,2026-05-26,Excused
A010992,E0172,2025-09-25,Present
A012523,E0195,2025-10-28,Present
A010324,E0146,2025-03-18,present
A001667,E0023,2024-05-30,Present
A007580,E0107,2024-09-24,Present
A005571,E0083,2024-08-13,Present
A000053,E0001,2024-03-26,Present
A010217,E0145,2024-10-31,Present
A006264,E0090,2025-01-16,Present
A001446,E0020,2024-06-13,Present
A013772,E0211,2026-09-03,Present
A010440,E0153,2025-02-27,Present
A001696,E0024,12/12/2023,Present
A001575,E0022,2024-03-28,Present
A011386,E0178,2025-10-16,Present
A004406,E0059,2024-01-22,Present
A001631,E0023,2024-01-23,Present
A012925,E0200,2026-04-21,Present
A001882,E0026,2024-04-25,Present
A005075,E0071,2024-05-14,Present
A005510,E0082,10/08/2024,Present
A013748,E0211,2026-07-23,Present
A014525,E0220,2026-06-29,Present
A009041,E0128,01/02/2025,Present
A010916,E0171,2025-09-11,Present
A012634,E0196,2026-04-02,Present
A000187,E0003,2024-01-30,Present
A005559,E0082,2025-01-21,Present
A007186,E0100,2025-06-12,Present
A014224,E0217,04/23/2026,Present
A011801,E0184,2026-05-05,Present
A006588,E0094,10/07/2024,Tardy
A001235,E0018,2023-10-26,Present
A010742,E0168,2025-10-23,Present
A003916,E0052,2024-05-07,Present
A000447,E0007,2023-10-17,Present
A000845,E0012,06/11/2024,Tardy
A005202,E0074,06/18/2024,Tardy
A013526,E0209,2026-05-05,Present
A011846,E0185,2026-01-22,Present
A002441,E0034,01/25/2024,Present
A003104,E0043,02/13/2024,Present
A007693,E0108,2025-02-27,Present
A004775,E0064,2024-02-06,Absent
A009719,E0138,2025-01-02,Present
A006975,E0098,2024-10-31,Present
A006095,E0089,2024-08-19,Present
A009487,E0135,2024-10-31,Present
A002154,E0030,2024-01-16,Present
A005519,E0082,2024-10-23,Tardy
A012312,E0192,2025-11-13,PRESENT
A005068,E0071,2024-04-18,Present
A012974,E0201,2026-01-22,Present
A015210,E0228,2026-09-09,Excused
A012803,E0199,2025-09-30,Present
A000777,E0012,2023-09-28,Present
A008418,E0119,10/15/2024,Absent
A014296,E0217,2026-08-27,Present
A006325,E0091,11/04/2024,Present
A004921,E0067,2024-05-21,Present
A013381,E0207,10/07/2025,Present
A009183,E0130,2024-12-10,Present
A014601,E0221,2026-06-08,Present
A010837,E0169,2026-02-03,Present
A003137,E0043,2024-06-11,Present
A012945,E0201,2025-09-23,Excused
A005463,E0081,2024-05-07,Present
A003184,E0044,2024-02-29,Present
A014977,E0226,2026-05-12,Present
A007523,E0105,2025-02-27,Present
A012980,E0201,02/12/2026,Present
A003200,E0044,2024-04-30,Present
A011629,E0181,2026-02-10,Present
A001290,E0018,2024-05-23,present
A014632,E0221,2026-07-30,Tardy
A014676,E0222,2026-05-14,Present
A011431,E0178,2026-04-21,Present
A007543,E0105,2025-05-15,Present
A001880,E0026,2024-04-18,Present
A013056,E0202,2026-02-26,Present
A010257,E0145,2025-04-08,Present
A005458,E0081,2024-04-18,Present
A002149,E0030,2023-12-21,Present
A004132,E0055,2024-06-24,Absent
A001037,E0015,2024-02-13,Tardy
A008829,E0125,2024-11-21,P
A014652,E0221,2026-09-03,Present
A004135,E0055,2024-06-27,Present
A000650,E0009,2024-05-07,Present
A009276,E0132,12/05/2024,Present
A006712,E0095,2024-12-05,Present
A000862,E0013,2023-11-02,Present
A009096,E0129,2024-10-15,Present
A000192,E0003,2024-02-15,Present
A008302,E0117,2025-02-13,Present
A006027,E0087,2025-01-27,Present
A001943,E0027,2024-03-05,Present
A004332,E0057,06/24/2024,PRESENT
A013621,E0210,2026-05-18,Present
A008776,E0124,2025-02-18,Present
A007973,E0113,2024-09-19,Present
A012272,E0191,2025-12-18,Present
A011496,E0179,2026-03-19,
A011396,E0178,2025-11-20,Present
A002776,E0039,2023-10-24,Present
A004146,E0056,2024-01-18,Present
A013231,E0205,2025-09-16,Present
A002618,E0036,2024-05-02,Present
A002412,E0034,10/03/2023,Present
A001095,E0016,2023-12-07,Present
A006066,E0088,2024-10-03,Present
A001547,E0022,2023-12-14,Present
A004590,E0060,06/20/2024,Present
A006035,E0088,08/12/2024,Present
A014400,E0219,2026-04-23,Present
A006954,E0098,2024-09-25,Present
A003136,E0043,2024-06-06,Present
A003857,E0052,01/20/2024,present
A014181,E0216,2026-07-13,Present
A006420,E0092,2024-11-06,Present
A003806,E0051,2024-04-18,P
A014836,E0223,2026-09-17,Tardy
A010171,E0144,2025-02-20,Absent
A007432,E0104,2024-12-17,P
A006775,E0096,10/08/2024,Present
A013510,E0208,05/21/2026,PRESENT
A000465,E0007,01/02/2024,Present
A001258,E0018,01/30/2024,Excused
A002260,E0032,2023-09-26,Present
A005631,E0083,2024-12-03,Present
A014892,E0225,2026-05-18,Present
A006232,E0090,2024-11-04,Present
A007383,E0103,2025-03-20,Excused
A014004,E0214,2026-07-09,Present
A012684,E0197,2026-01-15,Present
A001263,E0018,2024-02-15,present
A013847,E0212,2026-08-12,P
A007213,E0101,2024-12-17,Tardy
A000976,E0014,2024-04-02,Present
A010996,E0172,2025-10-09,Present
A005867,E0086,09/11/2024,Present
A009134,E0129,2025-03-13,P
A006583,E0094,2024-09-26,Present
A002388,E0033,2024-04-11,Present
A014954,E0225,2026-09-02,Present
A005022,E0070,2024-03-21,Present
A007130,E0100,2024-11-05,Present
A012845,E0199,2026-03-17,P
A003883,E0052,2024-03-05,present
A006056,E0088,2024-09-17,Present
A013977,E0214,05/25/2026,Present
A011300,E0176,2026-06-04,present
A010942,E0171,12/18/2025,Present
A003876,E0052,2024-02-21,Present
A002790,E0039,2023-12-19,Present
A009137,E0129,2025-03-25,Present
A013668,E0210,08/06/2026,PRESENT
A001858,E0026,2024-01-30,T
A013333,E0206,2026-01-20,Present
A004109,E0055,2024-05-14,Present
A005214,E0075,2024-03-12,Present
A008282,E0117,2024-11-19,Present
A003256,E0045,03/20/2024,Present
A007324,E0102,2025-05-15,Present
A002691,E0037,2024-04-25,Tardy
A007390,E0103,04/22/2025,Present
A004628,E0061,02/28/2024,Present
A011450,E0179,2025-09-18,Tardy
A001320,E0019,2023-12-07,Absent
A011597,E0181,2025-09-30,Present
A015187,E0228,2026-07-30,Present
A005163,E0073,2024-06-18,Present
A011150,E0174,2026-05-14,Tardy
A011567,E0180,2026-03-17,Tardy
A001136,E0016,2024-05-09,present
A004530,E0060,2024-03-04,Present
A003506,E0048,2024-04-18,Absent
A004750,E0063,03/26/2024,PRESENT
A007087,E0099,2024-12-11,Excused
A009942,E0141,2025-01-16,Present
A010199,E0144,2025-06-05,Present
A014929,E0225,07/21/2026,Present
A006337,E0091,2024-12-02,present
A011217,E0175,2026-04-28,Present
A006983,E0098,2024-11-14,Absent
A010067,E0143,2024-10-17,P
A013775,E0211,2026-09-09,Present
A002506,E0035,2023-12-14,Present
A002905,E0040,2024-05-16,Present
A000571,E0008,2024-04-23,P
A001449,E0021,09/19/2023,Present
A003415,E0047,2024-01-09,Present
A013612,E0210,2026-04-30,Present
A014670,E0222,2026-05-05,Excused
A009291,E0132,2025-02-06,Present
A012218,E0190,2026-03-05,Present
A006838,E0097,2024-08-15,Tardy
A003227,E0045,2024-01-30,Present
A014978,E0226,05/13/2026,Present
A004384,E0058,2024-03-26,Present
A009230,E0130,2025-06-10,PRESENT
A007846,E0111,2024-10-10,Present
A003540,E0048,06/18/2024,Present
A014149,E0216,2026-05-18,Present
A013785,E0212,2026-04-27,Present
A002828,E0039,2024-05-09,Absent
A005781,E0085,2024-09-24,Absent
A004997,E0069,2024-05-14,Present
A001339,E0019,2024-02-20,Present
A003263,E0045,2024-04-02,Present
A007877,E0111,2025-02-13,Present
A011085,E0173,2026-06-09,PRESENT
A006839,E0097,2024-08-19,Present
A005742,E0084,2025-01-15,Present
A000651,E0009,2024-05-09,Present
A006040,E0088,2024-08-20,Present
A002259,E0032,2023-09-21,Present
A005396,E0079,06/13/2024,Present
A013432,E0207,04/30/2026,Present
A007083,E0099,2024-12-04,Present
A011937,E0186,2026-03-31,Present
A003522,E0048,2024-05-16,Present
A011546,E0180,2025-12-18,Present
A004479,E0059,2024-06-03,Present
A005661,E0083,2025-02-05,Present
A013383,E0207,10/14/2025,Present
A000068,E0001,2024-05-21,Present
A014416,E0219,2026-05-21,Present
A012177,E0190,2025-09-23,P
A007610,E0107,2025-01-23,Present
A001259,E0018,2024-02-01,Present
A012489,E0194,2026-03-31,Present
A013098,E0203,2025-10-23,PRESENT
A000992,E0014,2024-05-30,P
A003505,E0048,2024-04-11,Present
A008306,E0117,2025-02-27,Present
A000920,E0013,2024-06-11,Present
A000166,E0003,2023-11-02,Present
A010128,E0143,2025-06-12,Present
A013135,E0203,2026-03-24,Present
A009142,E0129,2025-04-10,Present
A004595,E0060,2024-07-01,Present
A013580,E0209,2026-08-06,Present
A002851,E0040,2023-10-24,Absent
A011443,E0178,2026-06-02,Present
A008877,E0126,2024-10-15,Absent
A012480,E0194,2026-02-26,Present
A004461,E0059,2024-05-01,Present
A014264,E0217,2026-07-02,Present
A006624,E0094,2024-12-16,Present
A009307,E0132,2025-04-03,Present
A014250,E0217,2026-06-09,Present
A008491,E0120,10/15/2024,Present
A009868,E0140,2025-01-14,Present
A002736,E0038,2024-01-09,Tardy
A005670,E0084,2024-08-22,Present
A004989,E0069,2024-04-11,Absent
A013843,E0212,2026-08-05,Tardy
A002379,E0033,2024-03-12,Present
A010665,E0166,2026-03-31,Present
A004173,E0056,2024-03-06,Present
A008093,E0114,2025-03-20,Present
A014631,E0221,2026-07-29,Present
A002104,E0029,04/11/2024,Present
A003760,E0051,2024-01-24,Present
A011977,E0187,2025-11-18,Present
A001838,E0026,2023-11-07,Present
A012336,E0192,2026-02-26,Tardy
A012768,E0198,2026-02-26,P
A012540,E0195,2026-01-15,Absent
A005711,E0084,2024-11-04,PRESENT
A008800,E0124,2025-05-20,Present
A004501,E0060,2024-01-11,Present
A001094,E0016,2023-12-05,Present
A011067,E0173,2026-03-31,Present
A006719,E0095,12/18/2024,Present
A011034,E0173,2025-11-13,Present
A008961,E0127,2024-11-21,P
A000161,E0003,2023-10-17,present
A000204,E0003,2024-03-28,Present
A006484,E0093,09/17/2024,Present
A003941,E0052,2024-06-19,Present
A015148,E0228,05/25/2026,Present
A004934,E0068,02/15/2024,P
A011879,E0185,2026-05-26,Present
A007648,E0107,2025-06-12,Present
A001231,E0018,2023-10-12,Present
A009167,E0130,2024-10-08,Present
A003047,E0042,04/18/2024,Tardy
A007958,E0112,2025-03-13,Present
A002916,E0041,2023-09-19,Present
A013968,E0214,2026-05-07,Present
A004252,E0057,2024-01-30,Tardy
A006112,E0089,2024-09-17,Present
A006205,E0090,2024-09-17,P
A002726,E0038,2023-11-21,Present
A004291,E0057,2024-04-08,Present
A004335,E0057,2024-06-27,Tardy
A000384,E0006,2023-10-10,Present
A007486,E0105,2024-10-03,Present
A004887,E0066,2024-06-06,Present
A000858,E0013,2023-10-19,Present
A000371,E0005,05/30/2024,Tardy
A006540,E0093,2025-01-13,Present
A002562,E0036,10/03/2023,Present
A003802,E0051,2024-04-08,Present
A005456,E0081,2024-04-09,Present
A010417,E0152,2025-02-04,absent
A012629,E0196,2026-03-17,Present
A006860,E0097,2024-09-24,Present
A010468,E0156,02/06/2025,Present
A013346,E0206,2026-03-05,Present
A014764,E0223,2026-05-14,Present
A005945,E0087,2024-08-15,Present
A000616,E0009,2024-01-04,Absent
A002576,E0036,2023-11-21,Present
A000054,E0001,2024-03-28,Present
A013696,E0211,2026-04-23,Present
A003341,E0046,2024-02-22,Present
A014272,E0217,2026-07-16,Present
A009898,E0140,05/06/2025,present
A013940,E0213,2026-08-20,Present
A015096,E0227,2026-07-27,Present
A010306,E0146,01/14/2025,Present
A014156,E0216,2026-05-28,Present
A005877,E0086,2024-09-30,Present
A010490,E0158,2025-06-17,Present
A008996,E0127,2025-04-10,Present
A001813,E0025,2024-05-16,Present
A000991,E0014,2024-05-28,Tardy
A014562,E0220,2026-09-01,P
A013120,E0203,2026-01-29,Present
A008412,E0119,09/24/2024,Present
A002943,E0041,01/04/2024,Present
A009481,E0135,2024-10-10,present
A003164,E0044,2023-12-14,Present
A004679,E0061,2024-06-03,Abs
A002619,E0036,2024-05-07,Tardy
A003613,E0049,2024-05-01,Present
A008236,E0116,2025-03-11,Present
A007872,E0111,2025-01-28,Present
A012285,E0191,2026-02-17,present
A003793,E0051,03/21/2024,present
A009696,E0138,2024-09-26,Present
A010385,E0149,2025-02-11,Present
A010046,E0142,2025-05-13,Present
A003440,E0047,2024-02-21,Present
A001893,E0026,2024-06-04,Present
A014823,E0223,2026-08-26,Present
A014350,E0218,2026-06-30,Present
A005256,E0076,03/21/2024,Present
A013934,E0213,2026-08-11,Present
A005168,E0074,2024-02-15,Present
A006461,E0092,2025-02-05,Present
A001506,E0021,2024-04-23,Present
A013450,E0208,2025-09-25,Present
A000671,E0010,2023-10-12,Present
A009472,E0135,2024-09-10,Present
A013845,E0212,08/10/2026,Present
A000898,E0013,2024-03-21,Present
A003307,E0045,2024-06-24,Present
A008027,E0113,2025-04-22,Present
A006240,E0090,11/18/2024,Absent
A002891,E0040,03/26/2024,Present
A006004,E0087,2024-12-04,Present
A007740,E0109,2024-11-12,Present
A011706,E0183,2026-02-05,Present
A011127,E0174,2026-02-17,Present
A008398,E0118,2025-05-13,Tardy
A000003,E0001,2023-09-19,Present
A009962,E0141,2025-03-27,PRESENT
A013072,E0202,2026-04-30,Present
A006080,E0088,2024-10-29,Present
A000532,E0008,2023-11-21,present
A013258,E0205,2026-01-08,Present
A008182,E0115,2025-05-22,Present
A013306,E0206,09/25/2025,Present
A006477,E0093,09/04/2024,Present
A014399,E0219,2026-04-22,Present
A013031,E0202,2025-11-11,Present
A008924,E0126,2025-04-22,Present
A003407,E0046,2024-06-24,Present
A005992,E0087,2024-11-06,present
A006329,E0091,2024-11-11,Present
A010636,E0166,2025-12-04,Present
A002566,E0036,2023-10-17,Present
A002582,E0036,2023-12-19,Present
A012548,E0195,2026-02-12,Present
A008386,E0118,2025-03-25,Present
A002608,E0036,2024-03-26,Present
A010747,E0168,2025-11-11,Present
A014569,E0220,2026-09-14,P
A009448,E0134,2025-03-18,present
A002105,E0029,04/18/2024,Present
A014305,E0217,2026-09-14,Present
A010952,E0171,2026-02-05,Present
A014075,E0215,06/10/2026,Present
A004995,E0069,2024-05-07,present
A011488,E0179,2026-02-19,present
A005058,E0071,03/12/2024,Present
A000659,E0009,06/06/2024,Present
A004435,E0059,03/12/2024,Present
A014602,E0221,2026-06-09,Tardy
A003817,E0051,2024-05-08,Present
A006774,E0096,2024-10-07,PRESENT
A012997,E0201,2026-04-21,Present
A009814,E0139,2025-03-20,Present
A014501,E0220,05/18/2026,Present
A007261,E0102,2024-09-12,Absent
A003905,E0052,2024-04-11,Present
A015204,E0228,2026-08-31,Present
A013695,E0211,2026-04-22,Present
A009289,E0132,01/30/2025,Present
A006812,E0096,12/18/2024,P
A011064,E0173,2026-03-19,Present
A009360,E0133,2025-01-23,Present
A003701,E0050,2024-04-04,Present
A011724,E0183,2026-04-09,Present
A001789,E0025,02/20/2024,Present
A013057,E0202,2026-03-03,Present
A006315,E0091,2024-10-16,present
A003646,E0049,2024-06-27,Present
A001777,E0025,2024-01-09,Present
A000193,E0003,2024-02-20,Present
A009013,E0128,2024-09-10,Present
A010521,E0160,06/16/2025,Present
A013226,E0204,2026-06-04,Present
A014710,E0222,07/14/2026,Excused
A005389,E0079,2024-05-21,Present
A010568,E0163,06/19/2025,P
A004952,E0068,04/23/2024,Present
A002688,E0037,2024-04-11,PRESENT
A004391,E0058,2024-04-08,excused
A004928,E0067,2024-06-13,Present
A005553,E0082,2025-01-09,Absent
A011988,E0187,2026-01-15,Present
A000239,E0004,2023-10-26,Present
A014260,E0217,2026-06-25,Present
A014331,E0218,2026-05-27,Present
A006902,E0097,12/12/2024,Tardy
A011229,E0175,2026-06-09,P
A005072,E0071,2024-05-02,present
A009138,E0129,2025-03-27,Present
A011106,E0174,2025-11-13,Present
A008641,E0122,2025-03-27,Present
A005098,E0072,2024-03-14,Present
A011103,E0174,2025-11-04,Present
A011458,E0179,2025-10-16,Excused
A012024,E0187,2026-05-28,Present
A003553,E0049,2024-01-11,Present
A004334,E0057,2024-06-26,Present
A003361,E0046,2024-03-28,present
A008329,E0117,2025-05-27,Excused
A005629,E0083,2024-11-21,P
A007752,E0109,2025-01-09,Excused
A005784,E0085,2024-09-30,Present
A004508,E0060,2024-01-24,Present
A012996,E0201,2026-04-09,Present
A000147,E0002,2024-06-04,Present
A011321,E0177,2025-11-11,Present
A002295,E0032,2024-02-08,Present
A007179,E0100,2025-05-20,Present
A009929,E0141,2024-11-14,Tardy
A014663,E0222,04/22/2026,Absent
A011038,E0173,2025-12-04,Present
A014576,E0221,2026-04-23,Present
A014948,E0225,2026-08-24,P
A008691,E0123,2025-01-07,Excused
A007082,E0099,2024-12-03,Tardy
A004734,E0062,2024-03-11,absent
A008913,E0126,03/06/2025,Tardy
A004385,E0058,2024-03-27,Present
A012959,E0201,2025-11-11,Present
A014106,E0215,2026-08-04,Present
A011865,E0185,2026-03-31,present
A004546,E0060,2024-04-01,Present
A000597,E0009,2023-10-17,Present
A013986,E0214,2026-06-09,Present
A010804,E0169,2025-09-18,Present
A005165,E0074,2024-02-06,Present
A014066,E0215,2026-05-26,Present
A001648,E0023,2024-03-21,present
A006816,E0096,2025-01-07,Present
A002701,E0037,2024-05-30,Present
A001701,E0024,2024-01-04,Present
A002774,E0039,10/17/2023,Present
A006969,E0098,10/22/2024,present
A008144,E0115,01/02/2025,Tardy
A006220,E0090,2024-10-14,T
A000087,E0002,2023-10-19,Present
A012850,E0199,2026-04-02,Absent
A012564,E0195,2026-04-09,Present
A013464,E0208,2025-11-13,Present
A002595,E0036,02/08/2024,Present
A014314,E0218,2026-04-28,Present
A001030,E0015,01/18/2024,Present
A000137,E0002,2024-04-30,Present
A006973,E0098,2024-10-29,PRESENT
A011481,E0179,2026-01-27,Present
A007025,E0099,2024-08-19,Present
A002855,E0040,11/07/2023,Present
A001201,E0017,2024-04-02,Present
A006122,E0089,2024-10-03,Present
A009764,E0139,2024-09-10,Present
A008759,E0124,2024-12-10,Present
A011829,E0185,2025-11-04,Tardy
A006297,E0091,2024-09-16,Present
A003928,E0052,2024-05-28,PRESENT
A010106,E0143,2025-03-20,Present
A014621,E0221,07/13/2026,Present
A008469,E0119,2025-05-06,Present
A003607,E0049,2024-04-22,Present
A013716,E0211,2026-05-28,Present
A002331,E0033,2023-09-12,Present
A002188,E0030,2024-05-16,PRESENT
A000196,E0003,02/29/2024,Absent
A005060,E0071,2024-03-19,Present
A000803,E0012,2024-01-11,Present
A002669,E0037,2024-02-06,Present
A000242,E0004,2023-11-07,Present
A002069,E0029,12/05/2023,PRESENT
A014469,E0219,2026-08-24,Excused
A013460,E0208,2025-10-30,Present
A000645,E0009,2024-04-18,Absent
A009117,E0129,2025-01-14,Present
A005104,E0072,2024-04-04,Present
A001638,E0023,2024-02-15,Present
A007553,E0106,2024-09-12,Present
A008313,E0117,2025-03-25,Absent
A003075,E0043,10/19/2023,tardy
A009015,E0128,2024-09-17,Present
A007297,E0102,2025-02-04,Present
A003279,E0045,2024-05-06,Present
A008004,E0113,2025-01-23,P
A010328,E0146,2025-04-01,Present
A004971,E0069,2024-02-08,Absent
A010925,E0171,2025-10-14,Present
A008327,E0117,2025-05-20,Present
A006916,E0097,2025-01-20,Present
A010731,E0168,2025-09-16,Present
A007830,E0110,2025-05-22,Present
A000063,E0001,2024-05-02,Present
A012154,E0189,2026-04-02,Present
A012700,E0197,2026-03-12,Excused
A014307,E0217,09/16/2026,Present
A014339,E0218,2026-06-10,Present
A014972,E0226,2026-05-04,Present
A000680,E0010,2023-11-14,Present
A002042,E0028,05/30/2024,Present
A008934,E0126,2025-05-27,PRESENT
A005308,E0077,2024-05-09,Present
A013466,E0208,11/20/2025,Present
A003642,E0049,2024-06-20,Present
A015191,E0228,2026-08-06,P
A013399,E0207,2025-12-16,Present
A003259,E0045,2024-03-26,Present
A001874,E0026,2024-03-26,Present
A004745,E0063,2024-03-07,Present
A009910,E0141,2024-09-10,present
A002913,E0040,2024-06-13,Present
A004028,E0054,2024-04-10,Present
A005489,E0082,2024-09-02,Present
A013280,E0205,2026-03-26,Present
A008025,E0113,2025-04-08,T
A007787,E0110,2024-12-05,Absent
A014235,E0217,2026-05-13,Present
A006865,E0097,2024-10-02,Present
A000490,E0007,2024-03-28,Present
A008686,E0123,2024-12-10,Present
A000691,E0010,2024-01-04,Present
A000603,E0009,2023-11-07,Present
A010104,E0143,2025-03-13,Tardy
A001015,E0015,2023-11-14,Tardy
A000870,E0013,2023-12-07,Present
A001994,E0028,2023-12-05,absent
A007611,E0107,2025-01-28,Present
A005284,E0077,2024-02-13,Tardy
A004371,E0058,03/04/2024,Excused
A011619,E0181,2026-01-06,Present
A001362,E0019,2024-05-14,Absent
A010752,E0168,2025-12-04,Present
A001527,E0022,2023-09-28,present
A012816,E0199,11/13/2025,Present
A001630,E0023,2024-01-18,Present
A001552,E0022,2024-01-09,Present
A010983,E0171,2026-06-02,Present
A015156,E0228,2026-06-08,Present
A001338,E0019,2024-02-15,Present
A003902,E0052,2024-04-08,Present
A005042,E0070,2024-06-04,Present
A008253,E0116,2025-05-15,Present
A010443,E0154,2025-02-05,Present
A011219,E0175,2026-05-05,Present
A005040,E0070,2024-05-28,Present
A002347,E0033,11/07/2023,Present
A014289,E0217,2026-08-17,Present
A005486,E0082,08/27/2024,Present
A013645,E0210,2026-06-29,Present
A005695,E0084,2024-10-07,PRESENT
A005120,E0072,2024-06-04,Present
A005167,E0074,2024-02-13,Present
A001135,E0016,2024-05-07,Present
A008343,E0118,10/08/2024,Tardy
A010664,E0166,2026-03-26,Present
A010279,E0146,2024-09-24,Tardy
A010452,E0154,2025-02-20,Present
A004018,E0054,2024-03-25,Present
A010410,E0150,2025-02-26,Present
A010808,E0169,2025-10-02,Present
A002425,E0034,2023-11-16,Present
A004139,E0056,2024-01-08,Present
A000860,E0013,2023-10-26,Excused
A002963,E0041,2024-03-14,Present
A008090,E0114,2025-03-11,Present
A012483,E0194,2026-03-10,Present
A011877,E0185,2026-05-19,Present
A013163,E0204,2025-09-30,Present
A013045,E0202,01/20/2026,Present
A001365,E0019,2024-05-23,Present
A013597,E0209,2026-09-07,Present
A001780,E0025,2024-01-18,Present
A010660,E0166,2026-03-12,Present
A002102,E0029,2024-04-04,P
A001819,E0025,2024-06-06,Present
A000370,E0005,2024-05-28,Absent
A004938,E0068,2024-02-29,Present
A005286,E0077,02/20/2024,Tardy
A008368,E0118,2025-01-21,Present
A012452,E0194,2025-10-30,Present
A007072,E0099,2024-11-07,present
A002094,E0029,2024-03-07,tardy
A007818,E0110,2025-04-03,Present
A001921,E0027,2023-12-12,Present
A000083,E0002,2023-10-05,P
A007332,E0102,2025-06-12,P
A007305,E0102,03/04/2025,Present
A000817,E0012,2024-02-29,Present
A011903,E0186,2025-11-11,Present
A004397,E0058,2024-04-23,Present
A008476,E0119,2025-05-29,Present
A006125,E0089,2024-10-09,Present
A004121,E0055,2024-06-04,Present
A012223,E0190,2026-03-24,PRESENT
A013646,E0210,06/30/2026,Present
A001814,E0025,2024-05-21,Present
A001272,E0018,2024-03-19,Present
A008752,E0124,2024-11-07,Absent
A002995,E0042,2023-10-03,Present
A011698,E0183,01/08/2026,Present
A006410,E0092,2024-10-21,Present
A011904,E0186,11/13/2025,PRESENT
A002643,E0037,2023-10-24,Present
A009281,E0132,2025-01-02,Present
A010666,E0166,04/02/2026,Present
A002306,E0032,2024-03-19,Tardy
A011190,E0175,2026-01-15,Present
A012878,E0200,2025-10-09,Present
A004196,E0056,2024-04-22,Present
A012838,E0199,2026-02-19,Present
A003850,E0052,01/08/2024,Present
A015136,E0228,2026-05-04,Present
A012896,E0200,2025-12-18,Present
A014719,E0222,2026-07-29,Present
A003555,E0049,2024-01-16,Present
A002196,E0030,06/13/2024,Present
A002601,E0036,2024-02-29,Present
A006164,E0089,2025-01-06,Present
A001519,E0021,2024-06-06,Present
A010811,E0169,2025-10-14,Present
A013963,E0214,2026-04-29,Excused
A006310,E0091,10/08/2024,Present
A005756,E0085,2024-08-12,Present
A005634,E0083,2024-12-09,Present
A008400,E0118,2025-05-20,Tardy
A014319,E0218,2026-05-06,Present
A007163,E0100,2025-03-18,Present
A011584,E0180,2026-05-21,Present
A011290,E0176,2026-04-30,Tardy
A001989,E0028,2023-11-09,Present
A009534,E0135,2025-05-08,Present
A007738,E0109,2024-11-05,Present
A000518,E0008,2023-10-03,Tardy
A010562,E0162,2025-07-08,Present
A006161,E0089,2024-12-18,P
A015161,E0228,2026-06-16,Present
A013973,E0214,2026-05-18,Present
A014226,E0217,2026-04-28,Present
A012970,E0201,2026-01-08,Present
A009608,E0136,2025-05-13,Present
A004457,E0059,2024-04-24,Tardy
A002762,E0038,2024-04-09,present
A006482,E0093,2024-09-12,Present
A005912,E0086,2024-12-05,Present
A013892,E0213,2026-05-28,Present
A006548,E0093,2025-01-27,Present
A004856,E0066,02/15/2024,Present
A007645,E0107,2025-06-03,Present
A013632,E0210,2026-06-04,PRESENT
A014890,E0225,2026-05-13,Present
A006359,E0091,2025-01-21,Present
A009742,E0138,2025-03-25,Present
A002439,E0034,2024-01-18,Absent
A003766,E0051,02/05/2024,Present
A006433,E0092,12/05/2024,Present
A008644,E0122,2025-04-08,Present
A007847,E0111,2024-10-15,Present
A010939,E0171,2025-12-09,Present
A009666,E0137,2025-03-13,Present
A013806,E0212,2026-06-02,Tardy
A006341,E0091,2024-12-09,Present
A004822,E0065,2024-03-05,Present
A000019,E0001,2023-11-14,Present
A003561,E0049,2024-01-25,Present
A003952,E0053,01/10/2024,Present
A000050,E0001,2024-03-14,P
A015214,E0228,2026-09-16,P
A000888,E0013,2024-02-15,Exc.
A006262,E0090,2025-01-14,Present
A007237,E0101,2025-03-20,Tardy
A006990,E0098,2024-12-04,Excused
A006044,E0088,08/27/2024,Present
A008709,E0123,2025-03-11,Abs
A003169,E0044,2024-01-09,Present
A002950,E0041,2024-01-30,Present
A001425,E0020,2024-03-28,Present
A000140,E0002,2024-05-09,Present
A010117,E0143,2025-05-06,Present
A010571,E0163,2025-06-25,Present
A003198,E0044,2024-04-23,Present
A005132,E0073,2024-02-27,Present
A000113,E0002,2024-02-01,Present
A008161,E0115,2025-03-04,Present
A013344,E0206,2026-02-26,Present
A004560,E0060,2024-04-30,Tardy
A004596,E0060,2024-07-02,PRESENT
A004691,E0061,2024-06-24,Tardy
A007952,E0112,2025-02-20,Tardy
A011466,E0179,2025-11-13,Present
A003278,E0045,2024-05-02,Present
A004069,E0055,2024-02-28,Present
A004409,E0059,2024-01-25,present
A010886,E0170,2026-02-26,Present
A013199,E0204,2026-02-24,Absent
A009730,E0138,2025-02-11,Absent
A000452,E0007,2023-11-02,Present
A007263,E0102,2024-09-19,Present
A003732,E0050,2024-06-04,Present
A007257,E0101,2025-06-05,Present
A014390,E0218,2026-09-08,Tardy
A004987,E0069,2024-04-04,Present
A003664,E0050,2024-01-31,Present
A002764,E0039,09/12/2023,Present
A008851,E0125,2025-02-25,Present
A011299,E0176,2026-06-02,Present
A001856,E0026,2024-01-23,Present
A001000,E0015,2023-09-21,Present
A000390,E0006,10/31/2023,Present
A006427,E0092,2024-11-19,P
A001477,E0021,2024-01-09,Present
A002241,E0031,2024-02-27,Tardy
A014546,E0220,2026-08-04,Present
A014061,E0215,2026-05-18,Present
A008113,E0114,2025-06-05,Present
A000993,E0014,2024-06-04,Present
A007033,E0099,2024-09-02,Present
A004998,E0069,05/16/2024,Excused
A003923,E0052,2024-05-20,Present
A002973,E0041,2024-04-23,Present
A006872,E0097,10/15/2024,Absent
A013803,E0212,2026-05-27,Present
A004770,E0063,2024-06-06,Present
A001294,E0018,2024-06-06,Present
A014405,E0219,2026-05-04,Present
A004174,E0056,2024-03-07,Present
A002536,E0035,2024-04-04,Present
A014049,E0215,04/27/2026,Present
A001908,E0027,2023-10-19,Present
A012737,E0198,2025-10-21,Present
A014813,E0223,2027-04-07,Present
A008561,E0121,2024-10-03,Absent
A006034,E0087,2025-02-06,Present
A007620,E0107,02/27/2025,Present
A001152,E0017,2023-09-28,Present
A001568,E0022,2024-03-05,Present
A003172,E0044,2024-01-18,Tardy
A009690,E0137,2025-06-12,Present
A007107,E0099,2025-01-28,present
A004161,E0056,02/14/2024,Present
A004288,E0057,2024-04-02,Present
A002231,E0031,2024-01-23,Tardy
A011379,E0178,2025-09-23,Present
A000175,E0003,12/12/2023,Absent
A001904,E0027,2023-10-05,Present
A009292,E0132,2025-02-11,Present
A008753,E0124,2024-11-12,Present
A011273,E0176,2026-02-24,tardy
A003409,E0046,2024-06-26,Present
A001539,E0022,2023-11-09,Present
A002293,E0032,2024-02-01,Excused
A009524,E0135,2025-03-27,Present
A001364,E0019,2024-05-21,Present
A004358,E0058,2024-02-08,Present
A005261,E0076,2024-04-09,Present
A015058,E0227,2026-05-20,P
A011655,E0182,11/18/2025,Excused
A000681,E0010,2023-11-16,Present
A012134,E0189,2026-01-22,Present
A003665,E0050,2024-02-01,Present
A001662,E0023,2024-05-14,Present
A000509,E0007,2024-06-06,Present
A000167,E0003,2023-11-07,Present
A012728,E0198,2025-09-18,Present
A009199,E0130,2025-02-13,Present
A012818,E0199,2025-11-20,Excused
A007366,E0103,2025-01-21,present
A001915,E0027,2023-11-14,Present
A007264,E0102,2024-09-24,Present
A014817,E0223,2026-08-17,Present
A014987,E0226,2026-05-28,Present
A007362,E0103,2025-01-07,Tardy
A001105,E0016,2024-01-18,Present
A012035,E0188,2025-09-30,Present
A009945,E0141,2025-01-28,present
A005311,E0077,2024-05-21,Present
A011589,E0180,06/09/2026,Present
A005755,E0084,2025-02-06,Present
A000153,E0003,09/19/2023,Present
A012190,E0190,2025-11-06,Present
A005680,E0084,09/10/2024,P
A014054,E0215,2026-05-05,Present
A003552,E0049,01/10/2024,Present
A003723,E0050,2024-05-20,Present
A011314,E0177,2025-10-16,Present
A013140,E0203,2026-04-09,Present
A004539,E0060,03/19/2024,Present
A011434,E0178,04/30/2026,Present
A010015,E0142,2025-01-16,PRESENT
A008464,E0119,04/10/2025,Present
A001992,E0028,11/21/2023,Present
A013550,E0209,2026-06-16,Present
A008502,E0120,2024-11-21,Present
A005142,E0073,2024-04-02,Present
A003812,E0051,2024-04-30,Present
A013389,E0207,2025-11-04,Present
A003451,E0048,2024-01-09,Present
A004592,E0060,2024-06-25,PRESENT
A007353,E0103,2024-11-19,Present
A000206,E0003,2024-04-04,Present
A009328,E0133,2024-09-17,Present
A006681,E0095,2024-10-07,Absent
A002750,E0038,2024-02-27,Present
A008498,E0120,2024-11-07,Present
A001850,E0026,01/02/2024,Present
A015085,E0227,2026-07-07,Present
A010181,E0144,2025-03-27,Present
A003241,E0045,2024-02-22,Present
A005082,E0071,2024-06-06,Present
A003110,E0043,2024-03-05,Tardy
A010180,E0144,2025-03-25,Tardy
A005935,E0086,01/28/2025,Present
A012575,E0195,05/26/2026,Present
A005811,E0085,2024-11-14,Excused
A008576,E0121,2024-12-03,Absent
A005635,E0083,2024-12-10,Present
A004308,E0057,2024-05-13,present
A003157,E0044,2023-11-14,Present
A006535,E0093,2025-01-02,Present
A014065,E0215,2026-05-25,Present
A013363,E0206,2026-05-12,Present
A012734,E0198,2025-10-09,Present
A008892,E0126,2024-12-12,Present
A003833,E0051,06/05/2024,Present
A013398,E0207,2025-12-11,Present
A004777,E0064,2024-02-13,Excused
A007998,E0113,2025-01-02,PRESENT
A004277,E0057,2024-03-13,Present
A014985,E0226,2026-05-26,Present
A010904,E0170,2026-05-07,present
A014757,E0223,05/04/2026,Present
A000279,E0004,03/28/2024,Present
A006772,E0096,2024-10-02,Present
A007416,E0104,2024-10-15,Present
A003253,E0045,2024-03-14,Present
A013838,E0212,2026-07-28,Present
A010673,E0166,2026-05-05,Tardy
A014460,E0219,2026-08-06,Present
A000290,E0004,2024-05-09,Present
A003076,E0043,2023-10-24,Present
A011099,E0174,10/21/2025,Present
A009583,E0136,2025-02-06,Present
A010863,E0170,2025-11-18,Present
A000271,E0004,2024-02-29,Present
A004571,E0060,2024-05-20,Present
A013502,E0208,2026-04-23,P
A009584,E0136,2025-02-11,Present
A006697,E0095,2024-11-04,Present
A004317,E0057,05/28/2024,Present
A003181,E0044,2024-02-20,Present
A001423,E0020,2024-03-21,Present
A008276,E0117,10/29/2024,Present
A009066,E0128,04/01/2025,Present
A012943,E0201,2025-09-16,Present
A004558,E0060,2024-04-25,Present
A007813,E0110,03/18/2025,
A006298,E0091,2024-09-17,Present
A014050,E0215,2026-04-28,Present
A011243,E0176,2025-10-21,Present
A014901,E0225,2026-06-02,Present
A001133,E0016,2024-04-30,Present
A010643,E0166,2026-01-13,Present
A010522,E0160,2025-06-17,Present
A006243,E0090,11/21/2024,Present
A013194,E0204,2026-02-05,Present
A014412,E0219,2026-05-14,Present
A007424,E0104,2024-11-12,Present
A011179,E0175,2025-11-18,Present
A010153,E0144,2024-12-10,P
A011058,E0173,2026-02-26,PRESENT
A012567,E0195,2026-04-28,Present
A005521,E0082,10/28/2024,Excused
A009409,E0134,10/15/2024,Present
A013384,E0207,2025-10-16,Tardy
A011508,E0179,2026-05-07,Present
A009257,E0132,2024-09-24,Present
A003787,E0051,2024-03-12,Present
A014481,E0219,2026-09-14,Present
A008346,E0118,2024-10-17,Late
A002162,E0030,2024-02-13,Present
A003009,E0042,2023-11-21,Present
A001106,E0016,2024-01-23,Present
A011326,E0177,2025-12-04,Present
A000693,E0010,2024-01-11,Present
A014257,E0217,2026-06-22,Present
A004957,E0068,2024-05-09,Present
A008308,E0117,2025-03-06,Present
A004370,E0058,2024-02-29,Present
A002766,E0039,2023-09-19,Excused
A003930,E0052,2024-05-30,Present
A011716,E0183,03/12/2026,Present
A015100,E0227,2026-08-03,Present
A007779,E0110,2024-10-31,Present
A011611,E0181,2025-11-18,Present
A000629,E0009,2024-02-20,Present
A002452,E0034,2024-03-05,Absent
A010964,E0171,03/19/2026,Present
A003825,E0051,2024-05-22,Present
A013813,E0212,2026-06-15,Present
A000089,E0002,2023-10-26,Present
A003744,E0050,2024-06-25,Present
A002177,E0030,2024-04-04,Present
A006690,E0095,2024-10-22,Excused
A008859,E0125,03/25/2025,Present
A003319,E0046,2024-01-16,Absent
A011143,E0174,2026-04-21,Present
A009654,E0137,01/30/2025,Present
A007433,E0104,2024-12-19,Present
A002788,E0039,2023-12-12,Present
A001197,E0017,2024-03-19,Present
A001677,E0024,2023-09-28,Present
A003948,E0052,2024-07-02,Present
A007619,E0107,2025-02-25,Present
A004445,E0059,03/28/2024,present
A005723,E0084,2024-12-02,Present
A011968,E0187,2025-10-16,Present
A010696,E0167,2025-10-16,Present
A013034,E0202,2025-11-20,Present
A002370,E0033,2024-02-08,PRESENT
A004968,E0068,2024-06-18,Present
A002218,E0031,2023-11-30,Present
A008149,E0115,2025-01-21,Present
A010411,E0150,2025-02-27,Present
A003327,E0046,2024-01-30,Present
A011397,E0178,2025-12-02,Present
A003584,E0049,2024-03-06,Present
A015030,E0226,2026-08-12,Present
A015101,E0227,2026-08-04,Present
A003620,E0049,05/14/2024,Present
A006218,E0090,2024-10-09,Present
A002469,E0034,2024-05-07,Tardy
A008278,E0117,2024-11-05,Present
A013010,E0201,06/04/2026,Present
A005974,E0087,2024-10-07,Present
A003668,E0050,2024-02-07,Excused
A005159,E0073,2024-06-04,Present
A007595,E0107,2024-11-14,Present
A006977,E0098,2024-11-05,Present
A010212,E0145,2024-10-15,Present
A003424,E0047,2024-01-24,Present
A010718,E0167,2026-01-22,Present
A008200,E0116,10/17/2024,Present
A002410,E0034,2023-09-26,Present
A003213,E0044,2024-06-13,Present
A013161,E0204,2025-09-23,Present
A005367,E0079,2024-02-29,Present
A011423,E0178,2026-03-17,Present
A006594,E0094,2024-10-16,Absent
A002896,E0040,04/11/2024,Tardy
A014368,E0218,2026-07-30,present
A014175,E0216,2026-07-01,Tardy
A003643,E0049,2024-06-24,Present
A012102,E0189,2025-09-11,Present
A013277,E0205,2026-03-17,Present
A012894,E0200,2025-12-11,PRESENT
A009476,E0135,2024-09-24,Present
A010194,E0144,2025-05-20,Present
A013244,E0205,2025-10-30,Tardy
A009062,E0128,2025-03-18,Present
A014894,E0225,2026-05-20,Present
A013793,E0212,2026-05-11,Present
A008549,E0120,2025-05-29,Present
A007110,E0099,2025-02-03,Present
A005452,E0081,03/26/2024,Present
A007161,E0100,2025-03-11,Present
A010686,E0167,2025-09-11,Present
A007867,E0111,2025-01-09,Absent
A002744,E0038,2024-02-06,PRESENT
A014874,E0224,2026-06-23,Present
A010083,E0143,2024-12-19,Present
A009798,E0139,2025-01-23,Present
A004959,E0068,2024-05-16,Present
A012630,E0196,2026-03-19,Present
A010573,E0163,2025-06-30,Present
A006475,E0093,2024-09-02,Present
A007889,E0111,03/27/2025,Present
A008812,E0125,2024-09-24,Present
A000493,E0007,2024-04-09,P
A012275,E0191,2026-01-13,Excused
A001117,E0016,2024-02-29,Present
A005638,E0083,2024-12-16,Present
A013509,E0208,2026-05-19,Present
A015173,E0228,2026-07-07,Present
A012692,E0197,2026-02-12,Present
A015115,E0227,2026-08-27,Present
A013239,E0205,2025-10-14,Abs
A006590,E0094,2024-10-09,Present
A013958,E0214,2026-04-21,Present
A007558,E0106,2024-10-01,Absent
A010693,E0167,10/07/2025,Tardy
A012291,E0191,2026-03-10,Present
A005242,E0075,2024-06-20,Present
A014223,E0217,04/22/2026,Present
A002784,E0039,2023-11-21,Present
A011296,E0176,2026-05-21,Present
A010662,E0166,2026-03-19,Present
A001697,E0024,2023-12-14,Present
A005686,E0084,2024-09-19,Present
A002296,E0032,02/13/2024,Present
A005940,E0086,2025-02-05,Present
A007764,E0110,2024-09-10,Present
A010245,E0145,2025-02-25,Present
A009969,E0141,2025-04-29,Present
A003314,E0046,2024-01-08,Present
A004782,E0064,2024-02-29,Present
A008351,E0118,2024-11-05,Present
A011437,E0178,2026-05-12,Present
A009785,E0139,2024-11-21,Present
A009916,E0141,2024-10-01,Present
A007606,E0107,01/09/2025,Present
A000216,E0003,2024-05-14,PRESENT
A006708,E0095,2024-11-21,Absent
A012657,E0197,2025-09-23,Present
A008683,E0123,2024-11-21,Present
A014052,E0215,2026-04-30,Present
A003484,E0048,2024-03-06,Present
A007007,E0098,2025-01-15,present
A005103,E0072,2024-04-02,Present
A006600,E0094,2024-10-28,Present
A003765,E0051,2024-02-01,Present
A014993,E0226,2026-06-09,present
A006411,E0092,2024-10-22,Present
A011631,E0181,2026-02-17,Excused
A000026,E0001,2023-12-14,Present
A010602,E0165,06/24/2025,PRESENT
A007660,E0108,2024-10-17,Tardy
A013407,E0207,2026-01-27,PRESENT
A009745,E0138,2025-04-03,Present
A014162,E0216,2026-06-09,Present
A013254,E0205,2025-12-11,Present
A006684,E0095,2024-10-10,Excused
A009172,E0130,2024-10-24,Present
A010848,E0170,2025-09-25,Present
A010040,E0142,2025-04-22,Present
A012638,E0196,2026-04-23,Present
A008585,E0121,2025-01-14,Absent
A011857,E0185,2026-03-03,Present
A013212,E0204,04/09/2026,Tardy
A011925,E0186,2026-02-17,Present
A014838,E0224,04/21/2026,Tardy
A012723,E0197,2026-06-09,Present
A001103,E0016,2024-01-11,
A003277,E0045,2024-05-01,Present
A005346,E0078,2024-05-07,Present
A011927,E0186,2026-02-24,Present
A013966,E0214,2026-05-05,Present
A013536,E0209,2026-05-21,present
A008387,E0118,2025-03-27,Present
A008836,E0125,2025-01-02,PRESENT
A011148,E0174,05/07/2026,Present
A011044,E0173,2026-01-08,Present
A002208,E0031,10/19/2023,Present
A004553,E0060,2024-04-11,Present
A004403,E0059,2024-01-16,Present
A007396,E0103,2025-05-13,Present
A003719,E0050,2024-05-13,Present
A000973,E0014,03/21/2024,Present
A004580,E0060,06/04/2024,Present
A006517,E0093,2024-11-13,Present
A000720,E0011,2023-12-07,Present
A006156,E0089,2024-12-10,Excused
A014514,E0220,06/09/2026,Absent
A002804,E0039,02/13/2024,absent
A002567,E0036,2023-10-19,Present
A004026,E0054,2024-04-08,Present
A006199,E0090,09/05/2024,Absent
A008225,E0116,2025-01-30,Present
A013591,E0209,2026-08-26,Present
A004064,E0055,2024-02-20,Present
A009890,E0140,2025-04-01,Present
A002793,E0039,2024-01-04,
A002223,E0031,2023-12-19,Present
A005819,E0085,12/05/2024,present
A003867,E0052,2024-02-06,Present
A011110,E0174,2025-12-04,Present
A013322,E0206,2025-11-20,Present
A013985,E0214,2026-06-08,Tardy
A011676,E0183,2025-10-02,Absent
A003228,E0045,2024-01-31,Absent
A004215,E0056,2024-05-23,Present
A003924,E0052,2024-05-21,Present
A010470,E0156,2025-02-11,Present
A011462,E0179,2025-10-30,P
A001402,E0020,2024-01-09,Present
A008932,E0126,2025-05-20,Present
A007704,E0108,2025-04-08,Present
A004980,E0069,2024-03-12,Absent
A003254,E0045,2024-03-18,Absent
A013274,E0205,2026-03-05,Present
A002662,E0037,2024-01-11,Present
A002159,E0030,2024-02-01,Present
A008579,E0121,2024-12-12,Present
A008089,E0114,03/06/2025,Tardy
A000675,E0010,2023-10-26,Present
A011681,E0183,2025-10-21,PRESENT
A007012,E0098,2025-01-23,Absent
A011276,E0176,2026-03-05,Present
A010198,E0144,2025-06-03,Present
A003842,E0051,2024-06-20,Present
A001816,E0025,2024-05-28,Present
A012794,E0198,2026-06-04,Present
A015123,E0227,2026-09-10,Present
A002101,E0029,2024-04-02,Present
A013558,E0209,2026-06-30,present
A006709,E0095,2024-12-02,Present
A001674,E0024,2023-09-19,Absent
A010294,E0146,11/14/2024,Present
A004214,E0056,2024-05-22,Present
A013335,E0206,2026-01-27,present
A011170,E0175,2025-10-16,Present
A001549,E0022,2023-12-21,Present
A011101,E0174,2025-10-28,Present
A008548,E0120,2025-05-27,Present
A005185,E0074,2024-04-18,Present
A001462,E0021,2023-11-02,Present
A014440,E0219,07/02/2026,Present
A003221,E0045,01/18/2024,Present
A012964,E0201,2025-12-04,Present
A014092,E0215,2026-07-09,Present
A007171,E0100,2025-04-22,Present
A007431,E0104,2024-12-12,Present
A014668,E0222,2026-04-30,Present
A001752,E0025,2023-09-28,Present
A003977,E0054,2024-01-11,Absent
A008354,E0118,2024-11-14,Present
A001773,E0025,2023-12-19,Present
A009389,E0133,2025-05-13,Present
A010071,E0143,2024-10-31,Present
A010861,E0170,2025-11-11,Present
A002017,E0028,02/29/2024,Present
A002006,E0028,01/23/2024,Present
A003894,E0052,2024-03-25,Present
A003238,E0045,2024-02-19,Present
A004425,E0059,2024-02-22,Present
A010271,E0145,2025-06-03,Present
A008589,E0122,2024-09-10,Present
A010981,E0171,2026-05-26,Present
A002258,E0032,2023-09-19,Tardy
A004073,E0055,2024-03-06,Present
A005575,E0083,2024-08-20,Present
A009084,E0128,2025-06-10,Present
A014623,E0221,2026-07-15,Present
A005356,E0078,2024-06-11,T
A008419,E0119,2024-10-17,Present
A006094,E0089,2024-08-15,A
A007936,E0112,2024-12-17,Present
A012444,E0194,2025-10-02,PRESENT
A001520,E0021,2024-06-11,present
A012559,E0195,2026-03-24,Present
A001379,E0020,2023-10-05,Present
A005673,E0084,2024-08-28,Present
A009216,E0130,2025-04-22,Present
A002588,E0036,2024-01-16,present
A015012,E0226,2026-07-13,P
A005622,E0083,2024-11-11,Present
A012123,E0189,2025-12-02,Present
A011050,E0173,2026-01-29,Present
A012655,E0197,09/16/2025,Absent
A005843,E0085,2025-01-29,Absent
A007123,E0100,2024-10-10,Present
A005833,E0085,2025-01-13,PRESENT
A009822,E0139,2025-04-24,Present
A004889,E0066,2024-06-13,Present
A005905,E0086,2024-11-18,Present
A000523,E0008,2023-10-19,Present
A008044,E0114,2024-09-12,P
A003608,E0049,2024-04-23,Present
A009121,E0129,01/28/2025,Present
A000235,E0004,2023-10-12,Present
A003797,E0051,2024-03-28,Present
A006319,E0091,2024-10-23,Present
A007095,E0099,2025-01-07,Tardy
A010203,E0145,2024-09-12,Present
A001949,E0027,2024-03-26,Present
A006362,E0091,2025-01-27,Tardy
A014461,E0219,2026-08-10,present
A012751,E0198,2025-12-16,Present
A006092,E0089,2024-08-13,Present
A010864,E0170,2025-11-20,Present
A013981,E0214,2026-06-01,Excused
A002225,E0031,01/02/2024,Present
A009299,E0132,2025-03-06,present
A013916,E0213,07/09/2026,Present
A009011,E0127,2025-06-10,Present
A005572,E0083,2024-08-14,PRESENT
A004524,E0060,02/21/2024,Present
A005794,E0085,2024-10-16,Present
A013518,E0209,04/21/2026,Present
A005739,E0084,2025-01-09,Present
A002625,E0036,2024-05-28,Present
A004729,E0062,02/29/2024,Present
A007819,E0110,2025-04-08,Present
A008860,E0125,2025-03-27,Present
A006868,E0097,2024-10-08,Tardy
A014028,E0214,2026-08-20,Present
A009081,E0128,2025-05-29,Present
A011424,E0178,2026-03-19,Present
A002438,E0034,2024-01-16,Present
A006057,E0088,09/18/2024,Present
A009010,E0127,06/05/2025,Present
A006353,E0091,01/09/2025,present
A010534,E0161,2025-06-17,Present
A003168,E0044,2024-01-04,Present
A001810,E0025,2024-05-07,Present
A012439,E0194,2025-09-16,Present
A007162,E0100,2025-03-13,Present
A009457,E0134,2025-04-24,Present
A005087,E0072,2024-02-06,Present
A012449,E0194,2025-10-21,Tardy
A007017,E0098,2025-02-03,P
A011972,E0187,2025-10-30,Tardy
A004946,E0068,2024-03-28,Present
A006047,E0088,2024-09-02,Present
A013264,E0205,2026-01-29,P
A014251,E0217,2026-06-10,Present
A006920,E0097,2025-01-27,Present
A005591,E0083,2024-09-17,Present
A007227,E0101,2025-02-13,Present
A001229,E0018,2023-10-05,Present
A013538,E0209,2026-05-26,Present
A006847,E0097,2024-09-02,Present
A008245,E0116,2025-04-10,Absent
A011882,E0185,2026-06-04,Absent
A006556,E0094,2024-08-12,Present
A000160,E0003,2023-10-12,Present
A008852,E0125,2025-02-27,Present
A009780,E0139,2024-11-05,
A001590,E0022,2024-05-23,Present
A015127,E0227,2026-09-17,P
A014589,E0221,2026-05-18,Present
A014942,E0225,08/12/2026,Present
A014359,E0218,2026-07-15,Present
A006688,E0095,2024-10-17,Excused
A014943,E0225,2026-08-13,Present
A011558,E0180,2026-02-12,P
A010577,E0163,2025-07-07,Present
A013578,E0209,2026-08-04,Present
A007481,E0105,09/17/2024,Present
A014254,E0217,06/16/2026,Tardy
A001557,E0022,2024-01-25,present
A002829,E0039,2024-05-14,Present
A000437,E0007,2023-09-12,present
A005790,E0085,2024-10-09,Present
A012536,E0195,2025-12-18,Present
A001589,E0022,2024-05-21,Present
A007399,E0103,2025-05-22,Present
A002781,E0039,2023-11-09,Present
A013819,E0212,06/24/2026,Present
A009243,E0131,2024-10-17,P
A005687,E0084,2024-09-23,Present
A003966,E0053,02/05/2024,A
A004728,E0062,2024-02-28,P
A009166,E0130,2024-10-03,Present
A001239,E0018,2023-11-09,Present
A002952,E0041,02/06/2024,Present
A010535,E0161,06/18/2025,Present
A011833,E0185,2025-11-18,Present
A011869,E0185,2026-04-21,Present
A014159,E0216,2026-06-03,Present
A001498,E0021,2024-03-21,Tardy
A006466,E0093,08/15/2024,Present
A007356,E0103,2024-12-05,Present
A007824,E0110,2025-05-01,Present
A007548,E0105,2025-06-03,Present
A007914,E0112,2024-09-24,Present
A010615,E0166,09/16/2025,Present
A013164,E0204,2025-10-02,Present
A005186,E0074,2024-04-23,PRESENT
A005648,E0083,2025-01-14,Present
A014453,E0219,2026-07-27,Present
A005243,E0076,2024-02-06,Present
A002131,E0030,2023-10-12,Present
A002093,E0029,2024-03-05,Present
A005410,E0080,2024-03-14,Present
A010208,E0145,2024-10-01,Present
A000188,E0003,2024-02-01,Present
A011502,E0179,2026-04-09,Present
A007939,E0112,01/07/2025,Excused
A003656,E0050,01/17/2024,Tardy
A003427,E0047,01/30/2024,P
A011773,E0184,2026-01-20,Present
A001382,E0020,2023-10-17,Present
A013669,E0210,2026-08-10,Present
A008606,E0122,2024-11-07,Present
A007428,E0104,2024-12-03,Present
A005038,E0070,2024-05-21,Present
A004898,E0067,2024-02-27,Present
A003176,E0044,2024-02-01,Present
A013086,E0203,09/11/2025,Present
A012249,E0191,2025-09-23,Present
A008449,E0119,2025-02-18,Present
A004112,E0055,2024-05-20,Present
A012168,E0189,2026-05-28,present
A002236,E0031,2024-02-08,Present
A008069,E0114,2024-12-17,Present
A009960,E0141,2025-03-20,Present
A004237,E0056,07/02/2024,Present
A011393,E0178,2025-11-11,Present
A014051,E0215,2026-04-29,Present
A011748,E0184,2025-10-02,Present
A009765,E0139,2024-09-12,Tardy
A000025,E0001,2023-12-12,Present
A003364,E0046,2024-04-03,Present
A001089,E0016,2023-11-09,Present
A010887,E0170,03/03/2026,Present
A008734,E0123,2025-06-12,Present
A014085,E0215,2026-06-29,Present
A002842,E0040,09/21/2023,Present
A010504,E0158,2025-07-10,Present
A007538,E0105,2025-04-29,Present
A007471,E0104,2025-05-20,Present
A014338,E0218,2026-06-09,Present
A004153,E0056,2024-01-31,Present
A009502,E0135,2025-01-09,Present
A000696,E0010,2024-01-23,Present
A014124,E0215,09/03/2026,Present
A006338,E0091,2024-12-03,present
A001228,E0018,2023-10-03,Present
A002000,E0028,2024-01-02,present
A000277,E0004,2024-03-21,Present
A011673,E0183,2025-09-23,Present
A005930,E0086,2025-01-20,Present
A002954,E0041,2024-02-13,Present
A003638,E0049,2024-06-13,Present
A003907,E0052,04/22/2024,Present
A004779,E0064,2024-02-20,Present
A005846,E0085,2025-02-04,Tardy
A014907,E0225,2026-06-11,Present
A004118,E0055,05/29/2024,Present
A014498,E0220,2026-05-12,Present
A001138,E0016,2024-05-16,Present
A002768,E0039,2023-09-26,Present
A008183,E0115,2025-05-27,Present
A012560,E0195,2026-03-26,P
A012180,E0190,2025-10-02,Present
A007662,E0108,2024-10-24,Present
A009135,E0129,03/18/2025,Present
A011416,E0178,2026-02-19,Present
A002491,E0035,2023-10-17,P
A014884,E0225,2026-05-04,Present
A007743,E0109,2024-11-21,Present
A003936,E0052,2024-06-11,Present
A002385,E0033,2024-04-02,Present
A008017,E0113,2025-03-11,Excused
A007085,E0099,2024-12-09,tardy
A000116,E0002,2024-02-13,Present
A001864,E0026,2024-02-20,Present
A010751,E0168,2025-12-02,Present
A003120,E0043,2024-04-09,Absent
A004259,E0057,2024-02-12,Present
A014203,E0216,2026-08-19,Present
A013007,E0201,05/26/2026,Present
A002820,E0039,2024-04-09,Excused
A014144,E0216,2026-05-07,present
A011528,E0180,2025-10-09,P
A013982,E0214,2026-06-02,Present
A004700,E0062,2024-01-10,PRESENT
A003803,E0051,2024-04-09,Present
A006069,E0088,10/09/2024,Present
A003537,E0048,2024-06-12,Tardy
A003826,E0051,2024-05-23,Present
A006643,E0094,2025-01-29,
A013296,E0205,2026-05-28,Tardy
A001947,E0027,03/19/2024,Present
A013427,E0207,2026-04-07,Present
A011718,E0183,2026-03-19,Present
A012813,E0199,2025-11-04,Excused
A009803,E0139,2025-02-11,Present
A007270,E0102,10/15/2024,Present
A014971,E0226,2026-04-30,Present
A007930,E0112,2024-11-19,Tardy
A007167,E0100,2025-04-01,P
A006964,E0098,10/14/2024,Present
A005868,E0086,2024-09-12,Excused
A010860,E0170,2025-11-06,Present
A004762,E0063,2024-05-09,Present
A010387,E0149,2025-02-13,Present
A000883,E0013,2024-01-30,Present
A000558,E0008,03/05/2024,Present
A012463,E0194,2025-12-16,Present
A001208,E0017,2024-04-30,Tardy
A011636,E0182,2025-09-11,Present
A007685,E0108,2025-01-30,Present
A014787,E0223,2026-06-24,Present
A009703,E0138,2024-10-22,Present
A006539,E0093,2025-01-09,A
A010486,E0157,2025-06-24,Present
A003212,E0044,2024-06-11,Present
A003631,E0049,06/03/2024,Present
A001709,E0024,2024-02-01,Present
A014420,E0219,2026-05-28,Present
A008459,E0119,03/25/2025,Present
A001141,E0016,2024-05-28,Present
A003163,E0044,2023-12-12,Present
A006208,E0090,09/23/2024,Present
A015125,E0227,2026-09-15,Present
A003731,E0050,2024-06-03,Present
A010102,E0143,2025-03-06,Present
A012814,E0199,2025-11-06,Present
A002661,E0037,2024-01-09,Present
A008849,E0125,2025-02-18,Present
A001308,E0019,2023-10-19,PRESENT
A002568,E0036,2023-10-24,PRESENT
A009191,E0130,2025-01-16,Excused
A002835,E0039,2024-06-04,Present
A014716,E0222,07/23/2026,Absent
A009430,E0134,2025-01-14,Present
A002152,E0030,2024-01-09,Present
A011981,E0187,2025-12-09,Present
A003836,E0051,2024-06-11,Absent
A014902,E0225,2026-06-03,Present
A011768,E0184,2025-12-18,Present
A012625,E0196,2026-03-03,Present
A010379,E0148,2025-02-27,Present
A009327,E0133,2024-09-12,Present
A005005,E0069,2024-06-11,Present
A006627,E0094,12/19/2024,Present
A009496,E0135,2024-12-10,Present
A001628,E0023,2024-01-11,Present
A012300,E0192,2025-10-02,Present
A009715,E0138,2024-12-10,Present
A015076,E0227,2026-06-22,Present
A000359,E0005,2024-04-18,Absent
A000139,E0002,05/07/2024,P
A008492,E0120,2024-10-17,Present
A009749,E0138,2025-04-24,Absent
A000383,E0006,2023-10-05,P
A011182,E0175,2025-12-04,Present
A011572,E0180,2026-04-02,Present
A004858,E0066,2024-02-22,Present
A014302,E0217,2026-09-08,Present
A001440,E0020,05/23/2024,Present
A009570,E0136,2024-12-12,Present
A000947,E0014,2023-12-14,present
A014313,E0218,2026-04-27,Present
A005499,E0082,2024-09-18,Present
A004917,E0067,05/07/2024,Present
A008557,E0121,2024-09-19,Absent
A010914,E0170,2026-06-11,Present
A001933,E0027,2024-01-30,Tardy
A002353,E0033,2023-12-05,P
A003237,E0045,2024-02-15,Present
A014595,E0221,2026-05-27,Present
A009494,E0135,2024-12-03,Present
A012712,E0197,2026-04-30,Present
A003808,E0051,2024-04-23,Present
A014161,E0216,2026-06-08,Present
A001937,E0027,2024-02-13,Present
A013702,E0211,2026-05-05,Excused
A004155,E0056,2024-02-05,Present
A008989,E0127,2025-03-18,Present
A002417,E0034,2023-10-19,Present
A011797,E0184,2026-04-21,Present
A006140,E0089,2024-11-05,Absent
A000786,E0012,2023-10-31,Present
A006790,E0096,2024-11-04,Present
A011351,E0177,2026-03-17,Present
A008037,E0113,2025-05-27,Present
A008316,E0117,2025-04-03,Present
A015093,E0227,2026-07-21,Present
A005669,E0084,2024-08-21,Present
A002173,E0030,03/21/2024,Present
A002170,E0030,2024-03-12,Present
A006629,E0094,2025-01-06,Present
A004010,E0054,2024-03-11,Present
A004341,E0058,2024-01-10,Present
A000911,E0013,2024-05-09,present
A006269,E0090,2025-01-27,Present
A002310,E0032,2024-04-02,Present
A010034,E0142,2025-03-25,Present
A009450,E0134,2025-03-25,Present
A006592,E0094,2024-10-14,Present
A004459,E0059,2024-04-29,Present
A007598,E0107,2024-12-03,PRESENT
A009371,E0133,2025-03-04,Absent
A011804,E0184,2026-05-14,Present
A014360,E0218,2026-07-16,Present
A004653,E0061,2024-04-11,Present
A006219,E0090,2024-10-10,Present
A000443,E0007,2023-10-03,Present
A003416,E0047,2024-01-10,Absent
A009592,E0136,2025-03-11,Present
A013448,E0208,2025-09-18,Present
A011767,E0184,2025-12-16,Present
A009650,E0137,2025-01-16,Present
A012036,E0188,2025-10-02,Present
A005745,E0084,2025-01-21,Present
A001055,E0015,2024-04-18,Present
A013415,E0207,2026-02-24,Present
A003700,E0050,04/03/2024,Present
A000930,E0014,2023-10-10,Present
A006469,E0093,08/21/2024,Present
A008768,E0124,2025-01-21,Present
A001830,E0026,10/10/2023,Present
A014104,E0215,2026-07-30,A
A013991,E0214,2026-06-17,Present
A011876,E0185,2026-05-14,Present
A012504,E0194,2026-05-28,Present
A002012,E0028,2024-02-13,Absent
A000914,E0013,2024-05-21,Present
A007612,E0107,2025-01-30,Present
A013273,E0205,2026-03-03,Present
A014465,E0219,2026-08-17,Present
A015043,E0227,2026-04-23,Present
A002607,E0036,03/21/2024,Present
A004929,E0067,2024-06-18,Present
A009784,E0139,2024-11-19,Present
A006565,E0094,2024-08-27,Present
A012507,E0194,2026-06-09,Present
A000007,E0001,2023-10-03,Present
A011173,E0175,2025-10-28,
A007836,E0110,2025-06-12,Present
A006584,E0094,2024-09-30,Present
A003362,E0046,04/01/2024,Present
A010136,E0144,2024-10-03,Present
A011976,E0187,2025-11-13,Present
A001636,E0023,2024-02-08,Present
A001142,E0016,2024-05-30,Present
A013422,E0207,03/19/2026,present
A000360,E0005,2024-04-23,Present
A002071,E0029,2023-12-12,T
A003135,E0043,06/04/2024,Tardy
A005161,E0073,2024-06-11,Present
A006991,E0098,2024-12-05,Present
A003244,E0045,2024-02-28,Tardy
A002243,E0031,03/05/2024,P
A001475,E0021,01/02/2024,Present
A013202,E0204,2026-03-05,Present
A010082,E0143,2024-12-17,Present
A003260,E0045,2024-03-27,T
A010214,E0145,2024-10-22,Present
A004021,E0054,2024-03-28,Tardy
A013590,E0209,2026-08-25,Present
A008567,E0121,10/24/2024,Present
A003501,E0048,2024-04-04,P
A002659,E0037,2024-01-02,Present
A013637,E0210,2026-06-15,Present
A001131,E0016,2024-04-23,present
A014135,E0216,2026-04-22,Present
A001820,E0025,2024-06-11,Present
A007462,E0104,2025-04-10,Present
A012718,E0197,2026-05-21,Absent
A012006,E0187,2026-03-19,Present
A012543,E0195,2026-01-27,Present
A007065,E0099,2024-10-28,Present
A004319,E0057,2024-05-30,Present
A009343,E0133,2024-11-07,Present
A004670,E0061,2024-05-16,Present
A009429,E0134,2025-01-09,Present
A005477,E0082,2024-08-12,P
A015119,E0227,2026-09-03,Present
A013495,E0208,2026-03-24,Present
A001857,E0026,2024-01-25,Present
A002283,E0032,2023-12-21,Present
A013380,E0207,2025-10-02,Present
A004009,E0054,2024-03-07,Absent
A006402,E0092,2024-10-07,Present
A007274,E0102,10/29/2024,Present
A014271,E0217,2026-07-15,Present
A000387,E0006,2023-10-19,Present
A001629,E0023,2024-01-16,Present
A010907,E0170,2026-05-19,present
A011751,E0184,10/14/2025,Present
A012948,E0201,2025-10-02,Present
A014346,E0218,2026-06-23,Present
A007719,E0108,2025-06-05,Present
A012610,E0196,2026-01-08,Present
A011382,E0178,2025-10-02,Present
A013790,E0212,2026-05-05,Late
A009102,E0129,2024-11-05,Present
A013317,E0206,2025-11-04,Present
A010059,E0143,2024-09-19,Present
A001843,E0026,11/30/2023,Present
A002498,E0035,2023-11-09,Present
A000202,E0003,03/21/2024,Present
A013596,E0209,2026-09-03,Present
A003869,E0052,2024-02-08,Present
A005055,E0071,2024-02-29,Present
A005890,E0086,2024-10-22,PRESENT
A002703,E0037,2024-06-06,Present
A007923,E0112,2024-10-24,Present
A000332,E0005,2024-01-11,Tardy
A003809,E0051,2024-04-24,Present
A000936,E0014,10/31/2023,Present
A010652,E0166,2026-02-12,Present
A001775,E0025,2024-01-02,Present
A012089,E0188,2026-05-05,Present
A008612,E0122,2024-12-05,Present
A010879,E0170,2026-02-03,Excused
A014072,E0215,2026-06-04,Present
A000990,E0014,2024-05-23,Present
A005444,E0081,2024-02-27,Present
A012811,E0199,2025-10-28,Present
A006994,E0098,2024-12-11,Absent
A013142,E0203,2026-04-23,Present
A005807,E0085,2024-11-07,Present
A012866,E0199,2026-06-04,Abs
A013388,E0207,2025-10-30,Present
A006575,E0094,2024-09-12,PRESENT
A003053,E0042,2024-05-09,Present
A013289,E0205,2026-05-05,Present
A008366,E0118,2025-01-14,Present
A004616,E0061,2024-02-07,Present
A003322,E0046,2024-01-22,Present
A011663,E0182,2026-01-06,Present
A006247,E0090,2024-12-05,Absent
A006049,E0088,09/04/2024,Present
A003312,E0045,07/02/2024,Present
A011948,E0186,2026-05-14,Present
A011854,E0185,2026-02-19,Present
A012086,E0188,2026-04-23,Present
A014429,E0219,06/15/2026,Tardy
A011197,E0175,2026-02-10,Present
A008211,E0116,2024-12-03,Absent
A011432,E0178,2026-04-23,Present
A003629,E0049,2024-05-29,Present
A013635,E0210,2026-06-10,Present
A010367,E0148,2025-02-06,Excused
A001357,E0019,2024-04-25,Present
A005003,E0069,2024-06-04,Present
A011928,E0186,02/26/2026,Present
A005824,E0085,2024-12-16,Present
A014614,E0221,2026-06-30,Present
A005671,E0084,2024-08-26,Present
A003113,E0043,2024-03-14,Present
A000183,E0003,2024-01-16,Tardy
A013629,E0210,2026-06-01,Present
A010005,E0142,2024-12-03,Present
A000856,E0013,2023-10-12,present
A012956,E0201,2025-10-30,Present
A004913,E0067,2024-04-23,Present
A013132,E0203,2026-03-12,Present
A001801,E0025,2024-04-02,Present
A015049,E0227,2026-05-05,Present
A010622,E0166,2025-10-09,Present
A005483,E0082,2024-08-21,Present
A013350,E0206,2026-03-19,Present
A001969,E0027,06/06/2024,Present
A012800,E0199,09/18/2025,Present
A012515,E0195,2025-09-30,Present
A004698,E0062,2024-01-08,PRESENT
A004988,E0069,04/09/2024,PRESENT
A004651,E0061,2024-04-09,Present
A001160,E0017,2023-10-26,present
A009406,E0134,2024-10-03,Present
A012225,E0190,2026-03-31,Present
A001326,E0019,01/04/2024,Present
A010289,E0146,10/29/2024,Present
A012078,E0188,2026-03-19,Present
A004797,E0064,04/25/2024,Present
A006797,E0096,2024-11-14,Present
A005809,E0085,2024-11-12,Present
A015169,E0228,2026-06-30,Excused
A001456,E0021,2023-10-12,Present
A005411,E0080,2024-03-19,Present
A008334,E0117,06/12/2025,Present
A002801,E0039,2024-02-01,Present
A009837,E0140,2024-09-10,Present
A010333,E0146,04/24/2025,Present
A007617,E0107,2025-02-18,P
A013770,E0211,2026-09-01,Present
A007816,E0110,2025-03-27,Present
A004379,E0058,2024-03-18,present
A008922,E0126,2025-04-08,Present
A012212,E0190,02/12/2026,Present
A006717,E0095,2024-12-16,Present
A010129,E0144,2024-09-10,Present
A003737,E0050,2024-06-12,Present
A002262,E0032,2023-10-03,P
A007430,E0104,2024-12-10,Present
A004006,E0054,03/04/2024,Present
A009303,E0132,2025-03-20,Absent
A013812,E0212,06/11/2026,Present
A011191,E0175,01/20/2026,Present
A002395,E0033,2024-05-09,Present
A001186,E0017,2024-02-08,Present
A002008,E0028,2024-01-30,Present
A000194,E0003,2024-02-22,Present
A013700,E0211,2026-04-30,Present
A008771,E0124,2025-01-30,Present
A005526,E0082,11/05/2024,Present
A000772,E0012,2023-09-12,Present
A010588,E0164,2025-06-26,Present
A001479,E0021,2024-01-16,Present
A001847,E0026,12/14/2023,Present
A003741,E0050,2024-06-19,Present
A012273,E0191,2026-01-06,Present
A007987,E0113,11/07/2024,Present
A000406,E0006,2024-01-09,Present
A014667,E0222,2026-04-29,PRESENT
A010266,E0145,2025-05-15,Tardy
A010089,E0143,2025-01-21,Present
A013147,E0203,2026-05-12,absent
A006318,E0091,2024-10-22,Present
A006582,E0094,09/25/2024,Present
A010572,E0163,06/26/2025,Tardy
A001448,E0021,2023-09-14,Present
A000343,E0005,2024-02-20,
A007469,E0104,2025-05-13,Tardy
A014403,E0219,2026-04-29,Present
A010720,E0167,2026-01-29,Absent
A000728,E0011,2024-01-11,Present
A004578,E0060,2024-05-30,Excused
A009169,E0130,2024-10-15,Present
A009251,E0131,2024-11-14,Present
A003517,E0048,2024-05-08,Present
A013679,E0210,2026-08-26,Present
A012393,E0193,2026-01-06,Tardy
A007157,E0100,2025-02-25,Present
A007852,E0111,2024-10-31,Present
A010179,E0144,2025-03-20,Present
A009492,E0135,11/19/2024,Present
A001349,E0019,2024-03-26,Present
A000661,E0009,2024-06-13,Present
A001493,E0021,2024-03-05,Present
A012582,E0196,2025-09-11,present
A013111,E0203,2025-12-16,Present
A005155,E0073,05/21/2024,Present
A010508,E0159,2025-06-19,Present
A009886,E0140,2025-03-18,Present
A014731,E0222,2026-08-19,Present
A009278,E0132,2024-12-12,Present
A002525,E0035,2024-02-27,Present
A011827,E0185,2025-10-28,Present
A013214,E0204,2026-04-23,Present
A005375,E0079,2024-03-28,Tardy
A003199,E0044,2024-04-25,Present
A005718,E0084,11/14/2024,Excused
A011694,E0183,12/11/2025,Present
A014001,E0214,2026-07-06,Present
A012633,E0196,2026-03-31,Present
A008260,E0116,2025-06-10,Excused
A012352,E0192,2026-04-30,Present
A000041,E0001,2024-02-13,Present
A010462,E0155,2025-02-11,Present
A012889,E0200,11/18/2025,Present
A013028,E0202,10/30/2025,Present
A013600,E0209,2026-09-10,Present
A011640,E0182,2025-09-25,Present
A006817,E0096,2025-01-08,Present
A010560,E0162,07/03/2025,Present
A011799,E0184,2026-04-28,Absent
A012535,E0195,2025-12-16,Present
A010705,E0167,2025-11-18,Present
A002724,E0038,2023-11-14,Present
A014137,E0216,2026-04-27,Present
A013181,E0204,2025-12-09,Present
A009336,E0133,2024-10-15,Present
A014964,E0226,2026-04-20,Present
A007156,E0100,2025-02-20,Present
A011793,E0184,2026-03-31,Present
A014191,E0216,07/29/2026,Present
A012063,E0188,2026-01-27,Absent
A007231,E0101,2025-02-27,Present
A010413,E0151,2025-02-04,Tardy
A005076,E0071,2024-05-16,Present
A010524,E0160,2025-06-19,Present
A007881,E0111,2025-02-27,Present
A005395,E0079,2024-06-11,Present
A009642,E0137,2024-12-10,Present
A013149,E0203,2026-05-19,Present
A007790,E0110,2024-12-17,Present
A014369,E0218,2026-08-03,Present
A004089,E0055,2024-04-03,Present
A001968,E0027,2024-06-04,Present
A014148,E0216,05/14/2026,Present
A013548,E0209,2026-06-11,Present
A014752,E0223,2026-04-23,Present
A007000,E0098,2025-01-02,Present
A000424,E0006,2024-03-12,Tardy
A014265,E0217,07/06/2026,Present
A010097,E0143,2025-02-18,Present
A014618,E0221,2026-07-07,Present
A014763,E0223,05/13/2026,Present
A006143,E0089,11/11/2024,Present
A005662,E0083,2025-02-06,Present
A009032,E0128,2024-11-14,Present
A004597,E0060,2024-07-03,Present
A002660,E0037,2024-01-04,Present
A000142,E0002,2024-05-16,Present
A002598,E0036,2024-02-20,Present
A006702,E0095,2024-11-12,Present
A001378,E0020,2023-10-03,present
A003675,E0050,2024-02-20,Present
A009659,E0137,2025-02-18,present
A015211,E0228,2026-09-10,P
A006363,E0091,2025-01-28,Present
A014409,E0219,2026-05-11,Tardy
A004742,E0063,2024-02-27,Present
A001139,E0016,05/21/2024,Present
A010450,E0154,2025-02-18,Present
A007375,E0103,2025-02-20,Tardy
A001788,E0025,2024-02-15,Present
A012335,E0192,2026-02-24,Tardy
A004647,E0061,2024-04-02,Present
A007569,E0106,2024-11-07,Present
A000460,E0007,2023-12-07,Present
A006116,E0089,2024-09-24,Present
A008180,E0115,2025-05-15,
A011566,E0180,2026-03-12,Present
A000949,E0014,2023-12-21,Present
A009529,E0135,2025-04-22,Present
A006371,E0092,2024-08-13,Present
A004629,E0061,2024-02-29,P
A007359,E0103,2024-12-17,Present
A005926,E0086,2025-01-13,Present
A006041,E0088,08/21/2024,P
A000442,E0007,2023-09-28,Present
A006660,E0095,2024-08-29,excused
A009795,E0139,01/14/2025,P
A010431,E0153,2025-02-12,present
A008832,E0125,2024-12-10,Present
A009047,E0128,2025-01-23,Present
A003831,E0051,2024-06-03,Present
A014454,E0219,2026-07-28,Present
A006145,E0089,2024-11-13,Present
A013930,E0213,2026-08-04,PRESENT
A006345,E0091,12/16/2024,Present
A012748,E0198,2025-12-04,Present
A001959,E0027,2024-05-02,Present
A009263,E0132,2024-10-15,Present
A000156,E0003,09/28/2023,Present
A010488,E0157,06/26/2025,Absent
A012234,E0190,05/07/2026,Present
A004579,E0060,2024-06-03,Present
A001090,E0016,2023-11-14,Present
A006050,E0088,2024-09-05,Present
A011133,E0174,2026-03-10,Present
A014088,E0215,2026-07-02,Present
A009123,E0129,02/04/2025,Present
A007951,E0112,2025-02-18,Tardy
A011102,E0174,10/30/2025,Present
A001675,E0024,2023-09-21,Present
A006764,E0096,2024-09-18,PRESENT
A012877,E0200,2025-10-07,Absent
A006417,E0092,2024-10-31,Present
A014702,E0222,2026-06-30,Present
A011440,E0178,2026-05-21,Present
A002327,E0032,2024-06-04,present
A007097,E0099,2025-01-09,Present
A013204,E0204,2026-03-12,Present
A012079,E0188,2026-03-24,Present
A006451,E0092,2025-01-20,Present
A014288,E0217,2026-08-13,Present
A001716,E0024,2024-02-27,Present
A009891,E0140,04/03/2025,Present
A009173,E0130,2024-10-29,Present
A008382,E0118,2025-03-11,Present
A009434,E0134,2025-01-28,Present
A003832,E0051,2024-06-04,Tardy
A006300,E0091,2024-09-19,present
A003349,E0046,03/07/2024,P
A014639,E0221,2026-08-12,Present
A009178,E0130,2024-11-14,Present
A010014,E0142,2025-01-14,Present
A000588,E0009,2023-09-14,Present
A009347,E0133,11/21/2024,Absent
A010965,E0171,2026-03-24,Present
A014644,E0221,08/20/2026,Tardy
A010092,E0143,2025-01-30,Present
A002991,E0042,2023-09-19,Present
A014286,E0217,2026-08-11,Present
A012132,E0189,2026-01-15,Present
A013649,E0210,2026-07-06,Present
A011750,E0184,2025-10-09,Present
A009588,E0136,2025-02-25,Present
A000265,E0004,2024-02-08,Present
A011740,E0183,2026-06-11,Present
A012115,E0189,10/28/2025,Present
A006789,E0096,2024-10-31,Present
A014665,E0222,2026-04-27,Absent
A013089,E0203,2025-09-23,Present
A010132,E0144,2024-09-19,Present
A003865,E0052,2024-02-01,Present
A010436,E0153,2025-02-20,Present
A010593,E0164,2025-07-07,Present
A006275,E0090,2025-02-05,Present
A013348,E0206,2026-03-12,Present
A015067,E0227,2026-06-04,Present
A003712,E0050,2024-04-30,Present
A008439,E0119,01/14/2025,Present
A009787,E0139,2024-12-05,Present
A001530,E0022,2023-10-10,Present
A012607,E0196,12/16/2025,Present
A000924,E0014,2023-09-19,Present
A012057,E0188,2026-01-06,Present
A007330,E0102,2025-06-05,Present
A004365,E0058,2024-02-21,Tardy
A000670,E0010,2023-10-10,Present
A003605,E0049,2024-04-11,Present
A005109,E0072,2024-04-25,Present
A010103,E0143,2025-03-11,P
A013861,E0212,2026-09-07,excused
A005249,E0076,02/27/2024,PRESENT
A007184,E0100,2025-06-05,present
A010889,E0170,2026-03-10,Present
A002592,E0036,2024-01-30,Present
A005907,E0086,2024-11-20,Present
A009974,E0141,2025-05-15,Present
A006510,E0093,2024-10-31,Present
A011206,E0175,2026-03-12,Present
A007134,E0100,2024-11-19,Present
A002308,E0032,2024-03-26,P
A008805,E0124,2025-06-05,Present
A003691,E0050,03/19/2024,Tardy
A000688,E0010,2023-12-19,Present
A000613,E0009,2023-12-19,E
A007168,E0100,04/03/2025,Present
A012127,E0189,12/16/2025,Present
A003201,E0044,2024-05-02,Present
A010460,E0155,2025-02-06,Present
A011169,E0175,2025-10-14,Present
A006630,E0094,2025-01-07,Present
A004136,E0055,2024-07-01,Present
A001899,E0027,2023-09-19,Present
A000283,E0004,2024-04-11,Present
A000259,E0004,2024-01-18,Present
A011117,E0174,2026-01-13,Present
A014504,E0220,2026-05-21,Present
A004944,E0068,2024-03-21,Present
A002823,E0039,2024-04-23,Excused
A011532,E0180,10/23/2025,Present
A003526,E0048,2024-05-23,Present
A014853,E0224,2026-05-18,Present
A005224,E0075,2024-04-18,Present
A002286,E0032,2024-01-09,Present
A006064,E0088,2024-10-01,Absent
A008079,E0114,2025-01-30,Present
A004655,E0061,04/22/2024,Present
A005001,E0069,2024-05-28,Present
A006711,E0095,2024-12-04,Present
A014352,E0218,2026-07-02,Present
A008677,E0123,2024-10-31,Present
A010404,E0150,2025-02-17,Present
A005417,E0080,2024-04-09,Present
A000476,E0007,2024-02-08,Present
A002556,E0036,2023-09-12,PRESENT
A008088,E0114,2025-03-04,Present
A000008,E0001,2023-10-05,Present
A011850,E0185,2026-02-05,Present
A006412,E0092,2024-10-23,Tardy
A014102,E0215,2026-07-28,Present
A013887,E0213,2026-05-20,Present
A005547,E0082,2024-12-18,Excused
A002427,E0034,2023-11-30,Absent
A006745,E0096,2024-08-15,Tardy
A010007,E0142,2024-12-10,Present
A014806,E0223,2026-07-28,Present
A002275,E0032,11/16/2023,Present
A009204,E0130,2025-03-04,Present
A001578,E0022,2024-04-09,Present
A007265,E0102,2024-09-26,Tardy
A009260,E0132,2024-10-03,Present
A010184,E0144,2025-04-08,Present
A003971,E0053,2024-02-13,Excused
A005880,E0086,2024-10-03,Present
A012940,E0200,2026-06-11,Present
A003036,E0042,2024-03-07,Tardy
A007194,E0101,10/03/2024,Present
A003868,E0052,2024-02-07,Present
A014491,E0220,2026-04-29,Present
A006824,E0096,2025-01-21,Present
A011241,E0176,2025-10-14,P
A007549,E0105,2025-06-05,Present
A000782,E0012,10/17/2023,PRESENT
A015133,E0228,2026-04-28,P
A001750,E0025,2023-09-21,Present
A010984,E0171,2026-06-04,PRESENT
A006520,E0093,11/19/2024,
A005775,E0085,2024-09-12,Present
A009284,E0132,2025-01-14,Present
A009370,E0133,02/27/2025,Present
A002325,E0032,2024-05-28,present
A010272,E0145,2025-06-05,Present
A005056,E0071,2024-03-05,Present
A010801,E0169,2025-09-09,Present
A013876,E0213,04/30/2026,Present
A010483,E0157,2025-06-18,Absent
A001728,E0024,2024-04-09,Present
A000611,E0009,2023-12-12,Present
A004667,E0061,2024-05-13,Present
A005414,E0080,2024-03-28,Present
A008104,E0114,2025-05-06,Present
A008175,E0115,04/29/2025,P
A008536,E0120,2025-04-08,Present
A011350,E0177,2026-03-12,PRESENT
A003751,E0051,2024-01-09,Present
A011408,E0178,2026-01-22,Present
A000098,E0002,2023-12-05,Present
A006986,E0098,2024-11-20,Present
A003138,E0043,2024-06-13,Present
A001538,E0022,2023-11-07,Present
A011781,E0184,2026-02-17,Present
A003649,E0049,2024-07-03,Present
A013670,E0210,2026-08-11,Present
A001518,E0021,2024-06-04,Present
A014388,E0218,2026-09-03,Present
A004625,E0061,2024-02-22,Present
A011862,E0185,2026-03-19,Present
A006567,E0094,2024-08-29,Present
A002091,E0029,2024-02-27,Present
A007098,E0099,2025-01-13,present
A006172,E0089,01/20/2025,Present
A007522,E0105,02/25/2025,Present
A000573,E0008,2024-04-30,Tardy
A014634,E0221,2026-08-04,Present
A013961,E0214,2026-04-27,Present
A003063,E0042,2024-06-13,Present
A000598,E0009,2023-10-19,Absent
A006634,E0094,2025-01-14,Present
A014508,E0220,2026-05-28,Present
A007876,E0111,2025-02-11,Present
A007346,E0103,10/24/2024,Present
A006305,E0091,2024-09-30,Present
A012334,E0192,2026-02-19,Present
A014642,E0221,2026-08-18,Present
A012549,E0195,02/17/2026,PRESENT
A005977,E0087,2024-10-10,Present
A008563,E0121,2024-10-10,Excused
A001939,E0027,02/20/2024,Present
A012902,E0200,2026-01-22,tardy
A008101,E0114,04/24/2025,Present
A001754,E0025,2023-10-05,Present
A003671,E0050,02/13/2024,Present
A011845,E0185,2026-01-20,Absent
A012341,E0192,2026-03-17,Present
A002362,E0033,2024-01-11,Present
A004261,E0057,2024-02-14,Present
A005433,E0080,2024-06-06,P
A006286,E0091,2024-08-27,Present
A012093,E0188,05/19/2026,Present
A014564,E0220,2026-09-03,Present
A011930,E0186,2026-03-05,Present
A012033,E0188,09/23/2025,Present
A013189,E0204,2026-01-20,Present
A012736,E0198,2025-10-16,Tardy
A013539,E0209,2026-05-27,Tardy
A005592,E0083,2024-09-18,Present
A001172,E0017,2023-12-14,Present
A007928,E0112,2024-11-12,Present
A012365,E0193,2025-09-09,Present
A009615,E0136,2025-06-05,present
A011334,E0177,2026-01-15,Present
A014389,E0218,2026-09-12,PRESENT
A012425,E0193,2026-05-05,PRESENT
A014100,E0215,2026-07-23,Present
A000875,E0013,2024-01-02,Present
A002298,E0032,2024-02-20,Excused
A014318,E0218,2026-05-05,Present
A002644,E0037,2023-10-26,Present
A014266,E0217,2026-07-07,Excused
A005348,E0078,05/14/2024,Present
A009033,E0128,2024-11-19,Present
A009684,E0137,2025-05-22,Present
A000582,E0008,2024-05-30,Present
A000205,E0003,2024-04-02,Present
A007897,E0111,05/01/2025,PRESENT
A009834,E0139,2025-06-05,Present
A002015,E0028,02/22/2024,Present
A011446,E0178,2026-06-11,Present
A011664,E0182,2026-01-08,Present
A000906,E0013,2024-04-23,P
A000632,E0009,2024-02-29,Present
A008462,E0119,2025-04-03,Present
A012812,E0199,2025-10-30,Present
A001975,E0028,2023-09-21,Present
A000163,E0003,2023-10-24,
A004999,E0069,2024-05-21,Tardy
A012668,E0197,2025-10-30,present
A009558,E0136,10/24/2024,Present
A013470,E0208,2025-12-11,Present
A004714,E0062,2024-02-05,Present
A009068,E0128,2025-04-08,P
A001432,E0020,2024-04-25,Present
A006869,E0097,2024-10-09,Present
A014059,E0215,2026-05-13,Present
A007711,E0108,2025-05-08,Present
A007737,E0109,2024-10-31,Present
A004284,E0057,2024-03-26,Tardy
A007532,E0105,2025-04-01,Present
A014110,E0215,2026-08-11,Present
A011049,E0173,2026-01-27,Present
A010054,E0142,06/10/2025,Present
A010852,E0170,2025-10-09,P
A003385,E0046,2024-05-15,PRESENT
A014707,E0222,2026-07-08,Tardy
A014502,E0220,2026-05-19,Present
A012810,E0199,2025-10-23,Present
A007463,E0104,2025-04-22,Present
A003332,E0046,2024-02-07,P
A014666,E0222,2026-04-28,Present
A010596,E0164,2025-07-10,Present
A006405,E0092,2024-10-10,Present
A008896,E0126,01/07/2025,Present
A002097,E0029,2024-03-19,Present
A010196,E0144,2025-05-27,Present
A012906,E0200,2026-02-05,PRESENT
A008000,E0113,2025-01-09,Present
A005018,E0070,2024-03-07,Present
A008739,E0124,2024-09-24,Tardy
A001450,E0021,09/21/2023,Present
A006901,E0097,2024-12-11,Present
A002611,E0036,2024-04-04,Present
A001901,E0027,2023-09-26,Present
A008187,E0115,06/10/2025,Present
A003921,E0052,2024-05-15,Present
A002758,E0038,2024-03-26,Present
A006398,E0092,2024-09-30,Present
A010078,E0143,2024-12-03,Present
A011889,E0186,2025-09-23,Present
A013330,E0206,2026-01-08,Present
A002098,E0029,2024-03-21,Present
A008330,E0117,2025-05-29,Tardy
A014540,E0220,2026-07-23,Present
A005625,E0083,2024-11-14,Present
A009029,E0128,2024-11-05,Tardy
A003472,E0048,02/14/2024,present
A008267,E0117,09/26/2024,Present
A002172,E0030,2024-03-19,Present
A014205,E0216,2026-08-24,Present
A014134,E0216,2026-04-21,P
A008591,E0122,09/17/2024,Present
A002011,E0028,2024-02-08,Present
A015052,E0227,2026-05-11,Present
A001284,E0018,2024-05-02,P
A013107,E0203,2025-12-02,Present
A010029,E0142,03/06/2025,Present
A014768,E0223,2026-05-21,Present
A001020,E0015,2023-12-07,Tardy
A009519,E0135,2025-03-11,P
A011003,E0172,2025-11-04,Present
A008668,E0123,2024-10-01,Present
A002811,E0039,2024-03-07,PRESENT
A013275,E0205,2026-03-10,Present
A001652,E0023,2024-04-04,Present
A014789,E0223,2026-06-29,Present
A001170,E0017,2023-12-07,Late
A010721,E0167,2026-02-03,Present
A009399,E0134,2024-09-10,Present
A006257,E0090,2025-01-06,Present
A005470,E0081,2024-05-30,Present
A013431,E0207,2026-04-28,Present
A010259,E0145,2025-04-22,Present
A000868,E0013,2023-11-30,Present
A011167,E0175,2025-10-07,Present
A005094,E0072,2024-02-29,Present
A005434,E0080,2024-06-11,Present
A000542,E0008,01/09/2024,Present
A009325,E0132,2025-06-12,Present
A015120,E0227,2026-09-07,Present
A006355,E0091,2025-01-14,Present
A014365,E0218,2026-07-27,Present
A003391,E0046,2024-05-27,Present
A013006,E0201,2026-05-21,Present
A011155,E0174,2026-06-02,Present
A011452,E0179,09/25/2025,Present
A012348,E0192,2026-04-09,Present
A011670,E0183,2025-09-11,Present
A010776,E0168,03/12/2026,Present
A011006,E0172,11/13/2025,Present
A003960,E0053,2024-01-24,Present
A014267,E0217,2026-07-08,Present
A006644,E0094,2025-01-30,Absent
A006842,E0097,08/22/2024,Present
A014348,E0218,2026-06-25,Present
A003587,E0049,2024-03-12,Present
A012403,E0193,2026-02-10,Present
A002564,E0036,2023-10-10,Present
A010823,E0169,2025-12-02,Present
A013712,E0211,2026-05-21,Present
A014280,E0217,2026-07-30,present
A005037,E0070,2024-05-16,Tardy
A001081,E0016,2023-10-12,Present
A005892,E0086,2024-10-24,Present
A010278,E0146,09/19/2024,P
A010645,E0166,2026-01-20,Present
A004967,E0068,2024-06-13,Present
A002024,E0028,2024-03-26,P
A013827,E0212,2026-07-08,Present
A007910,E0112,2024-09-10,Present
A013421,E0207,2026-03-17,Present
A007322,E0102,2025-05-08,Present
A000227,E0004,2023-09-14,Present
A001014,E0015,2023-11-09,Present
A001930,E0027,2024-01-18,Absent
A012886,E0200,11/06/2025,Present
A005252,E0076,03/07/2024,Present
A009597,E0136,2025-03-27,Present
A002180,E0030,2024-04-18,Present
A000698,E0011,2023-09-14,Present
A001125,E0016,03/28/2024,Present
A007379,E0103,03/06/2025,Present
A012088,E0188,04/30/2026,Present
A012597,E0196,2025-11-04,Present
A005111,E0072,2024-05-02,Present
A007903,E0111,2025-05-22,Present
A001779,E0025,2024-01-16,Present
A012240,E0190,2026-05-28,Present
A002635,E0037,2023-09-30,Present
A007545,E0105,2025-05-22,Present
A007605,E0107,2025-01-07,Present
A003490,E0048,03/18/2024,Present
A001038,E0015,2024-02-15,Present
A010449,E0154,2025-02-17,Present
A012550,E0195,2026-02-19,Present
A006919,E0097,2025-01-23,Present
A008506,E0120,2024-12-12,Tardy
A002650,E0037,2023-11-16,Present
A010474,E0156,2025-02-18,Present
A002980,E0041,2024-05-16,Tardy
A002548,E0035,2024-05-21,Present
A005133,E0073,2024-02-29,Tardy
A002160,E0030,2024-02-06,Present
A011330,E0177,2025-12-18,Present
A009115,E0129,01/07/2025,Present
A006446,E0092,2027-04-07,Present
A003968,E0053,2024-02-07,Present
A001429,E0020,04/11/2024,Present
A012928,E0200,2026-04-30,Present
A002521,E0035,02/13/2024,Present
A012281,E0191,2026-02-03,PRESENT
A008034,E0113,2025-05-15,Present
A013177,E0204,2025-11-18,Present
A013278,E0205,2026-03-19,Present
A015174,E0228,2026-07-08,Present
A000449,E0007,2023-10-24,Present
A013046,E0202,2026-01-22,Present
A009477,E0135,09/26/2024,Present
A005996,E0087,2024-11-13,Present
A012333,E0192,2026-02-17,Present
A003728,E0050,2024-05-28,Present
A007354,E0103,2024-11-21,Present
A008554,E0121,2024-09-10,Present
A006280,E0091,2024-08-15,Present
A013754,E0211,2026-08-04,Excused
A007296,E0102,2025-01-30,Present
A009497,E0135,2024-12-12,Present
A006252,E0090,2024-12-16,Present
A005927,E0086,01/14/2025,Present
A002461,E0034,2024-04-04,Tardy
A000023,E0001,2023-12-05,Present
A002067,E0029,11/21/2023,Present
A001654,E0023,2024-04-11,P
A008895,E0126,2025-01-02,
A008707,E0123,2025-03-04,Present
A010936,E0171,2025-11-20,Present
A001377,E0020,2023-09-28,Present
A001725,E0024,2024-03-28,Present
A010661,E0166,2026-03-17,Present
A003755,E0051,2024-01-16,Present
A010518,E0159,2025-07-08,Present
A008653,E0122,2025-05-15,Present
A004184,E0056,2024-03-26,Present
A004083,E0055,03/25/2024,Present
A009679,E0137,2025-05-06,Present
A011871,E0185,04/28/2026,Present
A008475,E0119,2025-05-27,Present
A006580,E0094,2024-09-23,Tardy
A004559,E0060,2024-04-29,Absent
A003538,E0048,2024-06-13,P
A012863,E0199,2026-05-26,PRESENT
A007004,E0098,2025-01-09,Excused
A010774,E0168,2026-03-05,Present
A009561,E0136,2024-11-05,Present
A014571,E0220,2026-09-16,Present
A013156,E0203,2026-06-11,Present
A008790,E0124,04/08/2025,Present
A009952,E0141,02/20/2025,Present
A000647,E0009,2024-04-25,Present
A006382,E0092,2024-09-02,Tardy
A007528,E0105,2025-03-18,Present
A014905,E0225,06/09/2026,Present
A012379,E0193,2025-10-28,present
A007166,E0100,03/27/2025,Present
A011661,E0182,2025-12-16,Present
A014870,E0224,2026-06-16,Absent
A007698,E0108,2025-03-18,Present
A011183,E0175,2025-12-09,Present
A014472,E0219,2026-08-27,Present
A004876,E0066,2024-04-30,P
A010737,E0168,2025-10-07,Present
A014856,E0224,2026-05-21,Present
A005342,E0078,2024-04-23,Present
A013118,E0203,2026-01-22,Present
A012181,E0190,10/07/2025,Present
A007032,E0099,2024-08-29,Present
A002161,E0030,2024-02-08,Present
A000686,E0010,2023-12-12,Excused
A014745,E0222,2026-09-14,Excused
A011436,E0178,2026-05-07,Present
A002462,E0034,2024-04-09,Present
A011030,E0173,2025-10-30,Present
A011890,E0186,2025-09-25,Present
A007129,E0100,2024-10-31,Present
A006268,E0090,2025-01-23,Excused
A004942,E0068,2024-03-14,Present
A005947,E0087,2024-08-20,Present
A004584,E0060,2024-06-11,present
A005785,E0085,2024-10-01,Present
A010423,E0152,2025-02-13,P
A007570,E0106,2024-11-12,Present
A013099,E0203,2025-10-28,Present
A010513,E0159,2025-06-30,Present
A000522,E0008,2023-10-17,Present
A008715,E0123,2025-04-01,Present
A013533,E0209,2026-05-18,Tardy
A013744,E0211,2026-07-16,Present
A003984,E0054,2024-01-24,Present
A014701,E0222,2026-06-29,Present
A013305,E0206,2025-09-23,P
A000781,E0012,2023-10-12,Present
A010614,E0166,2025-09-11,PRESENT
A012621,E0196,2026-02-17,Present
A005608,E0083,10/16/2024,Present
A005979,E0087,2024-10-15,P
A008844,E0125,2025-01-30,Present
A003748,E0050,2024-07-02,Present
A002197,E0031,2023-09-12,Present
A008562,E0121,2024-10-08,Present
A015192,E0228,2026-08-10,Absent
A004286,E0057,2024-03-28,Present
A008570,E0121,2024-11-05,Present
A010409,E0150,02/25/2025,Absent
A009833,E0139,2025-06-03,Present
A009806,E0139,2025-02-20,PRESENT
A006980,E0098,2024-11-11,Present
A001828,E0026,2023-10-03,Present
A011825,E0185,2025-10-21,Present
A009155,E0129,2025-06-03,Present
A014554,E0220,2026-08-18,Present
A014875,E0224,2026-06-24,Tardy
A002377,E0033,2024-03-05,Present
A008552,E0120,2025-06-10,Present
A003840,E0051,2024-06-18,Present
A014545,E0220,08/03/2026,present
A001247,E0018,12/14/2023,Present
A007505,E0105,2024-12-17,P
A011484,E0179,2026-02-05,Present
A006512,E0093,11/05/2024,Present
A011887,E0186,2025-09-16,Present
A014078,E0215,2026-06-16,Present
A005440,E0081,2024-02-13,Present
A010760,E0168,2026-01-15,Present
A011616,E0181,2025-12-11,Present
A010230,E0145,2025-01-02,Present
A014227,E0217,2026-04-29,Present
A008965,E0127,12/12/2024,Absent
A010682,E0166,2026-06-04,Present
A011755,E0184,2025-10-28,Present
A014940,E0225,08/10/2026,Tardy
A014674,E0222,2026-05-12,Excused
A005511,E0082,2024-10-09,Tardy
A005331,E0078,2024-03-12,PRESENT
A004532,E0060,2024-03-06,Present
A009867,E0140,2025-01-09,Present
A000366,E0005,2024-05-14,Present
A012424,E0193,2026-04-30,Present
A012090,E0188,2026-05-07,present
A014932,E0225,07/27/2026,Present
A000148,E0002,06/06/2024,P
A001669,E0023,06/06/2024,Present
A011281,E0176,2026-03-24,Excused
A013609,E0210,2026-04-27,Present
A007651,E0108,2024-09-17,Present
A008600,E0122,2024-10-17,Tardy
A011699,E0183,2026-01-13,Present
A007789,E0110,2024-12-12,Present
A003457,E0048,2024-01-18,present
A011769,E0184,2026-01-06,Present
A003272,E0045,2024-04-23,Present
A004941,E0068,2024-03-12,Present
A009224,E0130,2025-05-20,Present
A012407,E0193,2026-02-24,Present
A006231,E0090,2024-10-31,Absent
A014096,E0215,2026-07-16,Present
A012454,E0194,2025-11-06,Present
A009048,E0128,2025-01-28,Tardy
A003927,E0052,2024-05-27,Present
A013137,E0203,2026-03-31,Present
A008081,E0114,2025-02-06,P
A000079,E0002,2023-09-21,Present
A007089,E0099,2024-12-16,Present
A002248,E0031,2024-03-21,Present
A012953,E0201,2025-10-21,Present
A013188,E0204,2026-01-15,Present
A010547,E0161,2025-07-09,P
A014771,E0223,05/27/2026,Present
A012720,E0197,2026-05-28,Present
A007452,E0104,2025-03-06,Present
A008981,E0127,2025-02-18,Present
A002280,E0032,2023-12-12,Present
A008124,E0115,2024-10-08,Present
A012288,E0191,2026-02-26,Present
A003898,E0052,04/01/2024,Present
A012369,E0193,2025-09-23,Present
A007178,E0100,2025-05-15,Present
A009313,E0132,2025-05-01,Present
A014549,E0220,2026-08-10,Present
A003632,E0049,06/04/2024,Present
A013259,E0205,01/13/2026,Present
A006273,E0090,2025-02-03,Tardy
A008617,E0122,2025-01-02,tardy
A000393,E0006,2023-11-09,PRESENT
A003192,E0044,03/28/2024,Present
A000017,E0001,11/07/2023,PRESENT
A004201,E0056,2024-04-30,Present
A002673,E0037,2024-02-20,Present
A014679,E0222,2026-05-20,Present
A006165,E0089,2025-01-07,Absent
A013458,E0208,10/23/2025,Present
A003494,E0048,2024-03-25,Present
A009652,E0137,2025-01-23,Present
A013029,E0202,11/04/2025,Present
A007395,E0103,2025-05-08,Excused
A004840,E0065,2024-05-09,P
A000594,E0009,2023-10-05,Present
A012028,E0187,2026-06-11,Present
A014334,E0218,2026-06-02,Present
A008738,E0124,2024-09-19,Present
A005828,E0085,2025-01-02,Present
A010750,E0168,2025-11-20,present
A007962,E0112,03/27/2025,Present
A005888,E0086,10/17/2024,Present
A002356,E0033,2023-12-14,Present
A006037,E0088,2024-08-14,Present
A004799,E0064,2024-05-02,Absent
A010635,E0166,2025-12-02,Present
A013300,E0205,2026-06-11,Present
A004593,E0060,2024-06-26,PRESENT
A011235,E0176,2025-09-23,Present
A008657,E0122,2025-05-29,Present
A000164,E0003,2023-10-26,Present
A014259,E0217,2026-06-24,Present
A014518,E0220,2026-06-16,present
A015034,E0226,2026-08-19,Present
A007381,E0103,2025-03-13,Present
A011962,E0187,09/25/2025,Present
A010202,E0145,09/10/2024,Present
A006357,E0091,2025-01-16,Present
A011277,E0176,2026-03-10,present
A009093,E0129,2024-10-03,Present
A005543,E0082,12/11/2024,Present
A006008,E0087,2024-12-11,Present
A007994,E0113,2024-12-10,Present
A007639,E0107,2025-05-13,Absent
A006794,E0096,2024-11-11,Present
A010901,E0170,04/28/2026,Present
A007759,E0109,2025-02-04,Absent
A004838,E0065,05/02/2024,Present
A002294,E0032,2024-02-06,PRESENT
A006549,E0093,2025-01-28,Present
A007899,E0111,05/08/2025,Present
A004482,E0059,2024-06-06,Excused
A003717,E0050,2024-05-08,present
A010838,E0169,2026-02-05,Present
A006141,E0089,2024-11-06,Excused
A009957,E0141,2025-03-11,Present
A001550,E0022,2024-01-02,Present
A011222,E0175,2026-05-14,Present
A010332,E0146,2025-04-22,Present
A002045,E0028,2024-06-11,Present
A000768,E0011,2024-06-04,Present
A005694,E0084,2024-10-03,Present
A007871,E0111,2025-01-23,Present
A009701,E0138,2024-10-15,Present
A007858,E0111,2024-11-21,Present
A003303,E0045,2024-06-17,Present
A004518,E0060,2024-02-12,Present
A013967,E0214,2026-05-06,Present
A012404,E0193,2026-02-12,Present
A003293,E0045,2024-05-29,present
A009012,E0127,2025-06-12,Present
A001404,E0020,2024-01-16,Present
A001383,E0020,2023-10-19,Present
A010341,E0146,2025-05-22,Present
A006929,E0098,2024-08-13,Excused
A005672,E0084,2024-08-27,Present
A001639,E0023,2024-02-20,Present
A015059,E0227,2026-05-21,Present
A006908,E0097,2025-01-06,Present
A008592,E0122,2024-09-19,
A006407,E0092,2024-10-15,Present
A009075,E0128,2025-05-08,Absent
A011758,E0184,2025-11-06,Present
A001180,E0017,2024-01-18,Present
A005449,E0081,2024-03-14,Present
A014037,E0214,2026-09-07,Present
A010323,E0146,2025-03-13,Present
A005079,E0071,2027-04-07,Present
A008649,E0122,05/01/2025,Present
A005176,E0074,2024-03-14,Present
A010143,E0144,2024-10-29,Present
A000690,E0010,2024-01-02,Present
A013622,E0210,2026-05-19,P
A006526,E0093,2024-12-05,PRESENT
A015094,E0227,2026-07-22,Present
A006489,E0093,2024-09-25,Present
A010146,E0144,2024-11-07,Present
A007155,E0100,02/18/2025,Present
A012930,E0200,2026-05-07,Present
A006611,E0094,2024-11-14,Absent
A010903,E0170,2026-05-05,Present
A013167,E0204,2025-10-14,Present
A013201,E0204,2026-03-03,Abs
A004350,E0058,2024-01-25,Excused
A014282,E0217,2026-08-04,Present
A001885,E0026,2027-04-07,Present
A013292,E0205,2026-05-14,Present
A002495,E0035,2023-10-31,Present
A005948,E0087,2024-08-21,T
A003037,E0042,2024-03-12,Present
A005778,E0085,2024-09-18,Present
A011796,E0184,2026-04-09,Excused
A000846,E0012,2024-06-13,Present
A008735,E0124,2024-09-10,Present
A011917,E0186,2026-01-20,Present
A012380,E0193,2025-10-30,Present
A011872,E0185,2026-04-30,Present
A012416,E0193,2026-03-26,present
A007968,E0112,2025-04-24,Excused
A013041,E0202,01/06/2026,Present
A007341,E0103,2024-10-08,Absent
A013860,E0212,2026-09-03,Present
A012713,E0197,2026-05-05,Present
A007138,E0100,2024-12-10,Present
A002965,E0041,03/21/2024,Present
A002530,E0035,03/14/2024,Present
A005773,E0085,2024-09-10,Present
A001049,E0015,2024-03-26,Present
A007046,E0099,09/24/2024,Present
A001961,E0027,2024-05-09,Present
A002531,E0035,2024-03-19,PRESENT
A011139,E0174,03/31/2026,Present
A008430,E0119,2024-12-03,PRESENT
A004918,E0067,2024-05-09,Present
A009326,E0133,2024-09-10,Present
A005902,E0086,2024-11-12,Present
A008287,E0117,2024-12-12,Present
A004260,E0057,2024-02-13,Present
A013175,E0204,11/11/2025,Present
A013279,E0205,2026-03-24,Present
A005657,E0083,2025-01-29,Present
A006098,E0089,2024-08-22,Present
A005908,E0086,2024-11-21,P
A007374,E0103,2025-02-18,Present
A002979,E0041,2024-05-14,Present
A013634,E0210,2026-06-09,Present
A014315,E0218,2026-04-29,Present
A006722,E0095,2025-01-06,Present
A007843,E0111,2024-10-01,Present
A008265,E0117,2024-09-19,Present
A013500,E0208,2026-04-09,Present
A012112,E0189,2025-10-16,Present
A003139,E0044,2023-09-12,Tardy
A008326,E0117,2025-05-15,Absent
A008226,E0116,2025-02-04,A
A012266,E0191,2025-11-20,Present
A014204,E0216,2026-08-20,Present
A011422,E0178,2026-03-12,Present
A001827,E0026,2023-09-28,Present
A005549,E0082,2025-01-02,P
A008786,E0124,2025-03-25,Present
A010918,E0171,2025-09-18,Tardy
A012330,E0192,2026-02-05,Present
A000561,E0008,2024-03-14,Present
A013557,E0209,2026-06-29,Present
A008436,E0119,01/02/2025,present
A005436,E0080,06/18/2024,Present
A004438,E0059,2024-03-18,P
A010383,E0149,2025-02-06,Present
A008598,E0122,2024-10-10,Present
A001443,E0020,2024-06-04,Present
A008454,E0119,2025-03-06,excused
A004407,E0059,2024-01-23,Present
A014660,E0221,2026-09-17,Present
A001690,E0024,11/14/2023,Present
A015171,E0228,2026-07-02,Present
A009918,E0141,2024-10-08,Tardy
A013839,E0212,2026-07-29,Tardy
A005963,E0087,09/17/2024,Present
A002497,E0035,2023-11-07,P
A012571,E0195,2026-05-12,Present
A000341,E0005,2024-02-13,Present
A002409,E0034,2023-09-21,Present
A009794,E0139,2025-01-09,Present
A012828,E0199,2026-01-15,Present
A005783,E0085,2024-09-26,PRESENT
A004577,E0060,2024-05-29,Present
A003726,E0050,05/23/2024,present
A004408,E0059,2024-01-24,Tardy
A002786,E0039,2023-12-05,Present
A009716,E0138,2024-12-12,Present
A013848,E0212,2026-08-13,Excused
A014455,E0219,2026-07-29,Present
A001013,E0015,2023-11-07,Present
A005281,E0076,2024-06-20,Present
A004896,E0067,2024-02-20,Present
A009959,E0141,2025-03-18,Present
A007122,E0100,2024-10-08,Present
A006550,E0093,2025-01-29,Present
A004038,E0054,05/02/2024,PRESENT
A000149,E0002,2024-06-11,present
A000286,E0004,2024-04-25,Present
A014846,E0224,2026-05-05,Present
A008556,E0121,2024-09-17,Present
A012136,E0189,01/29/2026,Present
A012910,E0200,2026-02-19,Present
A009733,E0138,2025-02-20,Present
A006771,E0096,2024-10-01,Present
A004444,E0059,2024-03-27,PRESENT
A007447,E0104,02/18/2025,Present
A000237,E0004,2023-10-19,Present
A014751,E0223,04/22/2026,Present
A010755,E0168,2025-12-16,Present
A007124,E0100,2024-10-15,Present
A012825,E0199,2026-01-06,Present
A014697,E0222,2026-06-22,Present
A003084,E0043,2023-11-21,Absent
A014734,E0222,2026-08-25,Excused
A010295,E0146,2024-11-19,Tardy
A000633,E0009,2024-03-05,Excused
A006814,E0096,2025-01-02,Present
A002494,E0035,2023-10-26,Present
A002666,E0037,2024-01-25,Present
A013053,E0202,2026-02-17,Present
A013138,E0203,2026-04-02,Present
A012931,E0200,2026-05-12,
A010527,E0160,2025-06-25,Present
A010061,E0143,2024-09-26,Present
A011812,E0184,2026-06-11,Absent
A012076,E0188,2026-03-12,Late
A013248,E0205,2025-11-13,Present
A004212,E0056,2024-05-20,Present
A009687,E0137,06/03/2025,Tardy
A010594,E0164,2025-07-08,Present
A003875,E0052,2024-02-20,Present
A009425,E0134,12/17/2024,Present
A010854,E0170,2025-10-16,Present
A002818,E0039,2024-04-02,Excused
A012676,E0197,12/04/2025,Absent
A014671,E0222,2026-05-06,Excused
A015084,E0227,07/06/2026,Present
A013818,E0212,2026-06-23,Present
A007427,E0104,2024-11-21,Absent
A012346,E0192,2026-04-02,Present
A013228,E0204,06/11/2026,Present
A013023,E0202,2025-10-14,Present
A011254,E0176,2025-12-04,Present
A014163,E0216,2026-06-10,Present
A009778,E0139,2024-10-29,Present
A001736,E0024,2024-05-09,Present
A007398,E0103,2025-05-20,Present
A011016,E0173,2025-09-11,Present
A004256,E0057,2024-02-06,Present
A012708,E0197,2026-04-09,Present
A002476,E0034,2024-05-30,Present
A010757,E0168,2026-01-06,present
A006642,E0094,2025-01-28,Absent
A003714,E0050,2024-05-02,Present
A013814,E0212,06/16/2026,Present
A001805,E0025,04/18/2024,Present
A000708,E0011,2023-10-19,P
A011239,E0176,2025-10-07,PRESENT
A014150,E0216,2026-05-19,Present
A005190,E0074,2024-05-07,P
A013382,E0207,2025-10-09,Present
A005473,E0081,2024-06-11,Present
A000073,E0001,06/06/2024,Present
A007844,E0111,2024-10-03,Present
A014849,E0224,2026-05-11,Present
A005102,E0072,2024-03-28,Present
A006765,E0096,2024-09-19,Present
A009383,E0133,04/22/2025,Absent
A010794,E0168,2026-05-21,Present
A001126,E0016,2024-04-02,Present
A001242,E0018,2023-11-21,Present
A012654,E0197,2025-09-11,Present
A014521,E0220,2026-06-22,Present
A002350,E0033,2023-11-16,Present
A011544,E0180,2025-12-11,Present
A006603,E0094,2024-10-31,Present
A012201,E0190,2026-01-06,PRESENT
A006781,E0096,10/17/2024,Present
A009770,E0139,2024-10-01,Present
A012099,E0188,06/09/2026,Present
A011922,E0186,2026-02-05,Present
A004359,E0058,2024-02-12,P
A001344,E0019,2024-03-07,Absent
A003275,E0045,04/29/2024,Tardy
A013354,E0206,2026-04-02,Present
A014726,E0222,2026-08-11,Excused
A008633,E0122,2025-02-27,Present
A006653,E0095,2024-08-19,Abs
A001101,E0016,2024-01-04,Absent
A010830,E0169,01/08/2026,Present
A009161,E0130,2024-09-17,Present
A008842,E0125,01/23/2025,T
A009739,E0138,2025-03-13,Excused
A007328,E0102,2025-05-29,Present
A007623,E0107,2025-03-11,Present
A000988,E0014,2024-05-16,Present
A010659,E0166,2026-03-10,Present
A002853,E0040,10/31/2023,Present
A011696,E0183,12/18/2025,Present
A008854,E0125,2025-03-06,Present
A000631,E0009,2024-02-27,Present
A001250,E0018,01/02/2024,Tardy
A003180,E0044,2024-02-15,Present
A000483,E0007,2024-03-05,Present
A009777,E0139,10/24/2024,Present
A009655,E0137,02/04/2025,Present
A003041,E0042,2024-03-26,Tardy
A005011,E0070,2024-02-13,Present
A013434,E0207,2026-05-07,Present
A007001,E0098,2025-01-06,P
A003274,E0045,2024-04-25,Present
A007228,E0101,2025-02-18,Present
A003684,E0050,03/06/2024,Present
A006675,E0095,2024-09-25,Absent
A006808,E0096,2024-12-11,T
A012338,E0192,2026-03-05,Present
A014966,E0226,2026-04-22,Present
A001317,E0019,2023-11-21,Present
A003226,E0045,2024-01-29,Present
A001073,E0016,2023-09-14,Present
A004816,E0065,02/13/2024,Present
A012993,E0201,2026-03-31,Present
A010824,E0169,2025-12-04,Present
A009853,E0140,11/05/2024,Present
A005753,E0084,2025-02-04,Present
A010618,E0166,2025-09-25,Present
A014068,E0215,2026-05-28,Present
A004617,E0061,2024-02-08,Present
A003098,E0043,2024-01-23,Present
A012169,E0189,2026-06-02,Present
A014515,E0220,2026-06-10,Present
A006870,E0097,2024-10-10,Present
A001301,E0019,2023-09-26,Present
A007286,E0102,2024-12-17,Present
A006285,E0091,2024-08-26,
A012944,E0201,2025-09-18,Present
A013642,E0210,06/23/2026,Present
A005496,E0082,2024-09-12,PRESENT
A005292,E0077,2024-03-12,Present
A009601,E0136,2025-04-10,Present
A010038,E0142,2025-04-08,P
A001799,E0025,2024-03-26,Present
A012150,E0189,2026-03-19,Present
A009668,E0137,2025-03-20,Present
A005204,E0075,2024-02-06,Present
A008228,E0116,2025-02-11,Tardy
A005048,E0071,2024-02-06,Present
A006442,E0092,2025-01-02,Present
A008637,E0122,2025-03-13,Present
A008106,E0114,2025-05-13,Present
A002360,E0033,2024-01-04,Present
A014433,E0219,2026-06-22,Present
A003655,E0050,2024-01-16,Present
A007053,E0099,2024-10-07,Absent
A011372,E0177,2026-06-04,Excused
A001287,E0018,05/14/2024,Present
A014038,E0214,2026-09-08,
A004446,E0059,2024-04-01,Present
A011609,E0181,11/11/2025,Excused
A002138,E0030,11/07/2023,P
A006788,E0096,2024-10-30,Present
A010829,E0169,01/06/2026,Present
A012209,E0190,02/03/2026,Present
A015095,E0227,2026-07-23,Present
A009874,E0140,2025-02-04,Present
A014989,E0226,2026-06-02,tardy
A013079,E0202,2026-05-26,Present
A013795,E0212,2026-05-13,Present
A006895,E0097,2024-12-02,Present
A009885,E0140,2025-03-13,Present
A015014,E0226,2026-07-15,Present
A010734,E0168,2025-09-25,Present
A011828,E0185,2025-10-30,PRESENT
A008565,E0121,2024-10-17,Present
A007152,E0100,2025-02-06,Present
A000964,E0014,2024-02-20,Present
A006013,E0087,2024-12-19,Present
A004883,E0066,2024-05-23,PRESENT
A000141,E0002,2024-05-14,P
A012612,E0196,2026-01-15,PRESENT
A012047,E0188,2025-11-11,Present
A013893,E0213,2026-06-01,Present
A008907,E0126,2025-02-13,Present
A006937,E0098,2024-08-27,Abs
A006543,E0093,2025-01-16,Present
A005244,E0076,2024-02-08,Present
A011381,E0178,2025-09-30,Present
A010031,E0142,2025-03-13,Present
A004432,E0059,2024-03-06,Present
A012841,E0199,2026-03-03,Present
A000407,E0006,2024-01-11,Excused
A008213,E0116,2024-12-10,Present
A009197,E0130,2025-02-06,Present
A013183,E0204,2025-12-16,Tardy
A010604,E0165,06/26/2025,Present
A010738,E0168,2025-10-09,Present
A013267,E0205,2026-02-10,Present
A010583,E0164,2025-06-18,Present
A009136,E0129,2025-03-20,Present
A008235,E0116,2025-03-06,Present
A011023,E0173,2025-10-07,Present
A011564,E0180,2026-03-05,Present
A011215,E0175,04/21/2026,Present
A011557,E0180,2026-02-10,Present
A004400,E0059,01/10/2024,Excused
A005253,E0076,2024-03-12,Present
A000012,E0001,2023-10-19,Present
A004761,E0063,05/07/2024,Present
A001178,E0017,2024-01-11,Present
A010140,E0144,2024-10-17,Excused
A010694,E0167,2025-10-09,Present
A002864,E0040,2023-12-14,Present
A006472,E0093,2024-08-27,Present
A012058,E0188,2026-01-08,Present
A006229,E0090,2024-10-29,Present
A009219,E0130,2025-05-01,Present
A012041,E0188,2025-10-21,tardy
A002990,E0042,2023-09-14,Present
A009154,E0129,05/29/2025,P
A011082,E0173,05/28/2026,Present
A007118,E0100,2024-09-24,Present
A011208,E0175,2026-03-19,A
A007011,E0098,01/22/2025,Present
A011531,E0180,2025-10-21,PRESENT
A013154,E0203,2026-06-04,Present
A011761,E0184,2025-11-18,Present
A008928,E0126,2025-05-06,Present
A012593,E0196,2025-10-21,Present
A001441,E0020,2024-05-28,Present
A014982,E0226,05/20/2026,Present
A002876,E0040,02/01/2024,Present
A012179,E0190,2025-09-30,Present
A009109,E0129,2024-12-05,Present
A013996,E0214,2026-06-25,Present
A013530,E0209,2026-05-12,Present
A012282,E0191,2026-02-05,Tardy
A011340,E0177,02/05/2026,Present
A007233,E0101,2025-03-06,Present
A003727,E0050,2024-05-27,Absent
A002773,E0039,2023-10-12,Present
A009817,E0139,2025-04-01,Present
A000455,E0007,2023-11-14,Present
A009014,E0128,2024-09-12,Present
A008190,E0116,2024-09-12,Present
A001368,E0019,2024-06-04,Present
A003713,E0050,2024-05-01,Excused
A015146,E0228,2026-05-20,Present
A001389,E0020,2023-11-09,Present
A009043,E0128,2025-01-09,Present
A001001,E0015,2023-09-26,Excused
A007762,E0109,2025-02-13,Present
A003554,E0049,2024-01-15,Present
A004115,E0055,2024-05-23,Absent
A009830,E0139,05/22/2025,Present
A001668,E0023,06/04/2024,Present
A012782,E0198,2026-04-23,tardy
A003174,E0044,2024-01-25,Present
A013362,E0206,05/07/2026,Present
A009540,E0135,05/29/2025,Present
A014459,E0219,2026-08-05,Present
A000489,E0007,2024-03-26,Present
A003231,E0045,02/06/2024,Present
A003829,E0051,2024-05-29,Present
A010825,E0169,2025-12-09,Present
A013308,E0206,2025-10-02,Present
A005209,E0075,2024-02-22,Present
A007849,E0111,2024-10-22,Present
A011425,E0178,2026-03-24,Present
A005705,E0084,2024-10-23,Present
A014827,E0223,2026-09-02,Present
A008134,E0115,2024-11-12,Tardy
A000704,E0011,2023-10-05,Present
A005106,E0072,2024-04-11,P
A013683,E0210,2026-09-02,Present
A003292,E0045,2024-05-28,Present
A008126,E0115,2024-10-15,P
A011866,E0185,2026-04-02,Present
A010601,E0165,2025-06-23,Present
A009520,E0135,2025-03-13,Present
A014812,E0223,2026-08-06,Present
A013877,E0213,05/04/2026,Present
A004910,E0067,04/09/2024,Present
A004441,E0059,2024-03-21,Present
A014007,E0214,07/15/2026,Present
A000987,E0014,2024-05-14,Present
A014933,E0225,2026-07-28,Present
A014213,E0216,2026-09-07,Present
A013943,E0213,08/26/2026,Present
A007706,E0108,2025-04-22,Present
A012242,E0190,2026-06-04,Present
A006258,E0090,2025-01-07,Present
A011678,E0183,2025-10-09,Present
A006090,E0088,2024-11-14,Excused
A010667,E0166,04/07/2026,Present
A005239,E0075,2024-06-11,Present
A012066,E0188,02/05/2026,Present
A001199,E0017,2024-03-26,Present
A012374,E0193,10/09/2025,Present
A009711,E0138,2024-11-19,PRESENT
A013956,E0213,09/17/2026,Present
A007520,E0105,2025-02-18,Present
A006813,E0096,2024-12-19,Present
A009992,E0142,10/10/2024,Present
A009207,E0130,2025-03-13,PRESENT
A008321,E0117,2025-04-29,Present
A009557,E0136,2024-10-22,Present
A010226,E0145,2024-12-10,Present
A007176,E0100,2025-05-08,Present
A004471,E0059,2024-05-20,Present
A000892,E0013,2024-02-29,Present
A010986,E0171,2026-06-11,Present
A001970,E0027,2024-06-11,Present
A012596,E0196,2025-10-30,Present
A005758,E0085,2024-08-14,Present
A006528,E0093,2024-12-10,Present
A006295,E0091,2024-09-11,present
A014986,E0226,2026-05-27,Present
A007596,E0107,2024-11-19,Present
A009111,E0129,12/12/2024,Present
A003250,E0045,2024-03-11,Tardy
A006571,E0094,2024-09-05,Present
A006639,E0094,2025-01-22,Present
A007352,E0103,11/14/2024,Excused
A014114,E0215,2026-08-18,Present
A009401,E0134,2024-09-17,Present
A012061,E0188,2026-01-20,PRESENT
A007474,E0104,2025-05-29,Present
A012505,E0194,2026-06-02,Present
A012258,E0191,2025-10-23,T
A014171,E0216,2026-06-24,Present
A013341,E0206,2026-02-17,Present
A001240,E0018,2023-11-14,Present
A002290,E0032,2024-01-23,Present
A002741,E0038,2024-01-25,Present
A008468,E0119,2025-05-01,P
A004586,E0060,2024-06-13,Present
A009228,E0130,2025-06-03,Present
A001230,E0018,2023-10-10,Late
A009201,E0130,2025-02-20,Present
A006981,E0098,2024-11-12,Excused
A005179,E0074,2024-03-26,Present
A012021,E0187,2026-05-19,PRESENT
A010725,E0167,2026-02-17,Present
A004294,E0057,2024-04-11,Present
A001059,E0015,05/02/2024,Present
A006263,E0090,2025-01-15,Excused
A011037,E0173,2025-12-02,Present
A000282,E0004,2024-04-09,Tardy
A009236,E0131,2024-09-24,Present
A009509,E0135,2025-02-04,P
A000969,E0014,2024-03-07,Present
A010574,E0163,07/01/2025,Present
A003954,E0053,2024-01-15,Present
A001940,E0027,2024-02-22,Present
A013002,E0201,2026-05-07,Tardy
A001275,E0018,2024-03-28,Present
A000620,E0009,2024-01-18,Present
A013071,E0202,2026-04-28,Present
A001743,E0024,2024-06-04,Tardy
A001391,E0020,11/16/2023,Present
A002204,E0031,2023-10-05,Present
A009772,E0139,10/08/2024,Present
A009848,E0140,2024-10-17,P
A003569,E0049,2024-02-08,Absent
A010545,E0161,2025-07-07,Present
A010405,E0150,2025-02-18,Present
A006117,E0089,2024-09-25,Present
A012616,E0196,2026-01-29,Present
A006053,E0088,09/11/2024,Present
A003179,E0044,2024-02-13,Present
A003193,E0044,2024-04-02,Present
A009500,E0135,2025-01-02,Present
A006100,E0089,2024-08-27,P
A007030,E0099,2024-08-27,Excused
A000576,E0008,2024-05-09,P
A010553,E0162,2025-06-23,Present
A006657,E0095,2024-08-26,P
A007116,E0100,09/17/2024,Present
A013552,E0209,2026-06-18,Present
A006277,E0091,08/12/2024,Present
A009473,E0135,2024-09-12,present
A013822,E0212,2026-06-30,Present
A011084,E0173,2026-06-04,Present
A005898,E0086,11/05/2024,Present
A005725,E0084,2024-12-04,Present
A010186,E0144,2025-04-22,Present
A010832,E0169,2026-01-15,Present
A000270,E0004,02/27/2024,Present
A000630,E0009,2024-02-22,Present
A011971,E0187,10/28/2025,Present
A003082,E0043,2023-11-14,Present
A003467,E0048,2024-02-06,present
A006431,E0092,2024-12-03,Present
A014332,E0218,2026-05-28,Late
A007063,E0099,2024-10-23,P
A012589,E0196,10/07/2025,Present
A012216,E0190,2026-02-26,Present
A014951,E0225,2026-08-27,Tardy
A005544,E0082,2024-12-12,Present
A010239,E0145,2025-02-04,Present
A004357,E0058,2024-02-07,Present
A014023,E0214,2026-08-12,Present
A002114,E0029,2024-05-21,Present
A008220,E0116,2025-01-14,Present
A010233,E0145,2025-01-14,Present
A012121,E0189,2025-11-18,Present
A014591,E0221,2026-05-20,Present
A003217,E0045,2024-01-11,Present
A003815,E0051,05/06/2024,Absent
A008322,E0117,2025-05-01,Present
A013200,E0204,02/26/2026,Present
A002279,E0032,2023-12-07,Present
A004600,E0061,01/10/2024,P
A000014,E0001,2023-10-26,Present
A014196,E0216,2026-08-06,Present
A012669,E0197,2025-11-04,PRESENT
A001526,E0022,2023-09-26,Tardy
A002366,E0033,01/25/2024,Present
A004649,E0061,2024-04-04,Present
A011245,E0176,2025-10-28,PRESENT
A012198,E0190,2025-12-11,Present
A010533,E0161,2025-06-16,Present
A000375,E0005,2024-06-13,Present
A013095,E0203,2025-10-14,Present
A006478,E0093,2024-09-05,Present
A000526,E0008,2023-10-31,Tardy
A009132,E0129,2025-03-06,Present
A015023,E0226,2026-07-30,Present
A012766,E0198,2026-02-19,Present
A006896,E0097,2024-12-03,Present
A010340,E0146,2025-05-20,Present
A003592,E0049,2024-03-20,Present
A011107,E0174,2025-11-18,Present
A007905,E0111,2025-05-29,Tardy
A002959,E0041,02/29/2024,Present
A011816,E0185,2025-09-18,Present
A000530,E0008,2023-11-14,P
A003715,E0050,2024-05-06,Present
A004733,E0062,2024-03-07,Excused
A009462,E0134,2025-05-13,Present
A012474,E0194,2026-02-05,P
A001395,E0020,2023-12-07,Present
A012202,E0190,2026-01-08,Present
A012583,E0196,2025-09-16,Present
A009990,E0142,2024-10-03,Present
A011172,E0175,2025-10-23,Present
A009634,E0137,2024-11-05,present
A010575,E0163,2025-07-02,Present
A015158,E0228,2026-06-10,Present
A012004,E0187,2026-03-12,Present
A005632,E0083,2024-12-04,Present
A009466,E0134,2025-05-27,Tardy
A006564,E0094,2024-08-26,Tardy
A004704,E0062,2024-01-17,Present
A001713,E0024,2024-02-15,Present
A014997,E0226,2026-06-16,Present
A000956,E0014,2024-01-23,Present
A006676,E0095,2024-09-26,Present
A003454,E0048,2024-01-15,PRESENT
A009580,E0136,2025-01-28,Present
A014439,E0219,2026-07-01,Tardy
A012804,E0199,2025-10-02,Present
A008596,E0122,2024-10-03,Present
A002072,E0029,2023-12-14,Present
A014970,E0226,2026-04-29,Present
A010170,E0144,2025-02-18,Present
A000159,E0003,2023-10-10,Present
A007006,E0098,2025-01-14,Tardy
A012081,E0188,2026-03-31,Tardy
A009095,E0129,2024-10-10,Present
A000353,E0005,2024-03-26,Present
A006079,E0088,2024-10-28,Present
A006237,E0090,2024-11-12,Present
A012733,E0198,2025-10-07,Present
A012323,E0192,2026-01-13,Present
A008947,E0127,2024-10-03,Present
A011164,E0175,2025-09-25,Present
A003822,E0051,2024-05-16,Present
A002921,E0041,10/05/2023,Present
A008504,E0120,2024-12-05,Present
A004645,E0061,03/28/2024,Present
A000662,E0010,2023-09-12,Present
A007058,E0099,2024-10-15,Present
A010182,E0144,2025-04-01,Present
A003666,E0050,2024-02-05,Present
A007980,E0113,10/15/2024,Present
A000307,E0005,2023-10-03,Present
A010528,E0160,2025-06-26,Present
A004791,E0064,2024-04-02,Excused
A002357,E0033,2023-12-19,Tardy
A011895,E0186,2025-10-14,Present
A011997,E0187,2026-02-17,present
A001928,E0027,2024-01-11,Present
A014362,E0218,2026-07-21,present
A003428,E0047,2024-01-31,PRESENT
A008942,E0127,2024-09-17,Present
A003639,E0049,2024-06-17,Present
A013625,E0210,2026-05-25,P
A001267,E0018,2024-02-29,Present
A001561,E0022,02/08/2024,Present
A011301,E0176,2026-06-09,Present
A011788,E0184,2026-03-12,Tardy
A010327,E0146,03/27/2025,Absent
A007180,E0100,2025-05-22,Present
A004110,E0055,2024-05-15,Present
A007868,E0111,2025-01-14,Tardy
A004905,E0067,2024-03-21,Present
A007295,E0102,2025-01-28,Present
A000515,E0008,2023-09-21,Present
A000895,E0013,03/12/2024,Present
A008602,E0122,2024-10-24,Present
A000022,E0001,2023-11-30,Present
A011578,E0180,2026-04-30,Present
A013424,E0207,2026-03-26,P
A000900,E0013,2024-03-28,Present
A000208,E0003,2024-04-11,Present
A000459,E0007,2023-12-05,present
A010247,E0145,03/04/2025,Present
A002431,E0034,2023-12-14,Present
A008443,E0119,2025-01-28,Present
A012399,E0193,01/27/2026,P
A009300,E0132,03/11/2025,present
A003390,E0046,2024-05-23,Present
A009906,E0140,06/03/2025,Present
A003912,E0052,04/30/2024,Present
A005384,E0079,2024-05-02,Present
A008908,E0126,2025-02-18,Present
A000553,E0008,02/15/2024,Present
A009632,E0137,2024-10-29,Present
A010463,E0155,2025-02-12,Present
A003145,E0044,2023-10-03,Present
A006918,E0097,2025-01-22,PRESENT
A002057,E0029,10/17/2023,Present
A001926,E0027,2024-01-04,Present
A000635,E0009,2024-03-12,Present
A006083,E0088,2024-11-04,Present
A008509,E0120,2025-01-02,Present
A014273,E0217,2026-07-20,Present
A014883,E0225,2026-04-30,PRESENT
A008620,E0122,2025-01-14,Present
A013207,E0204,2026-03-24,Absent
A000106,E0002,2024-01-09,PRESENT
A003042,E0042,2024-03-28,Present
A012431,E0193,2026-05-26,P
A010362,E0147,2025-02-26,Present
A001710,E0024,2024-02-06,P
A000090,E0002,2023-10-31,Present
A007015,E0098,2025-01-29,Absent
A010434,E0153,2025-02-18,Present
A003175,E0044,2024-01-30,A
A000918,E0013,2024-06-04,Present
A007834,E0110,06/05/2025,Present
A006733,E0095,2025-01-23,Present
A001950,E0027,2024-03-28,Present
A012237,E0190,2026-05-19,present
A011041,E0173,2025-12-16,Present
A006369,E0091,2025-02-06,Present
A000002,E0001,2023-09-14,Present
A008033,E0113,2025-05-13,Present
A012530,E0195,11/20/2025,P
A006048,E0088,2024-09-03,Present
A009128,E0129,2025-02-20,Present
A014178,E0216,2026-07-07,Present
A002721,E0038,2023-11-02,Absent
A008784,E0124,2025-03-18,Present
A015080,E0227,2026-06-29,Present
A003118,E0043,2024-04-02,Present
A011129,E0174,2026-02-24,Present
A014567,E0220,2026-09-09,Present
A010641,E0166,2026-01-06,Present
A009769,E0139,2024-09-26,Present
A003763,E0051,2024-01-30,Present
A000214,E0003,05/07/2024,present
A000779,E0012,10/05/2023,Present
A003497,E0048,2024-03-28,Present
A013571,E0209,2026-07-22,Present
A002044,E0028,2024-06-06,Present
A008921,E0126,2025-04-03,Present
A005421,E0080,2024-04-25,Present
A006155,E0089,12/09/2024,Present
A009760,E0138,2025-06-03,Present
A008358,E0118,04/07/2027,Present
A012895,E0200,2025-12-16,Present
A011759,E0184,2025-11-11,Present
A013402,E0207,2026-01-08,Present
A012626,E0196,2026-03-05,Present
A010206,E0145,2024-09-24,Present
A008466,E0119,2025-04-24,Present
A012053,E0188,2025-12-09,Present
A004168,E0056,02/27/2024,Present
A010961,E0171,2026-03-10,Present
A003789,E0051,2024-03-14,P
A008587,E0121,2025-01-21,Present
A000584,E0008,2024-06-06,Present
A005563,E0082,2025-01-28,Present
A014774,E0223,2026-06-02,Absent
A000117,E0002,2024-02-15,Present
A006645,E0094,2025-02-03,Present
A013894,E0213,2026-06-02,Present
A013123,E0203,2026-02-10,Present
A015016,E0226,2026-07-20,Present
A013782,E0212,2026-04-21,Present
A008713,E0123,2025-03-25,Present
A001764,E0025,11/09/2023,Present
A001876,E0026,2024-04-02,Present
A012158,E0189,04/23/2026,Present
A011537,E0180,2025-11-11,Present
A010446,E0154,2025-02-11,Present
A003225,E0045,01/25/2024,PRESENT
A000527,E0008,2023-11-02,Present
A007726,E0109,2024-09-24,Present
A002947,E0041,01/18/2024,Present
A004474,E0059,2024-05-23,Tardy
A012092,E0188,2026-05-14,Present
A005656,E0083,2025-01-28,Tardy
A008885,E0126,2024-11-12,Present
A006060,E0088,2024-09-24,Present
A000960,E0014,2024-02-06,Present
A012637,E0196,2026-04-21,Present
A006343,E0091,12/11/2024,P
A003634,E0049,2024-06-06,Present
A001051,E0015,2024-04-02,Present
A008783,E0124,2025-03-13,Present
A008712,E0123,03/20/2025,Present
A003381,E0046,2024-05-08,Present
A003677,E0050,2024-02-22,Present
A005777,E0085,09/17/2024,Present
A013912,E0213,2026-07-02,Present
A006574,E0094,2024-09-11,Present
A005180,E0074,2024-03-28,Present
A001608,E0023,2023-10-19,Present
A003611,E0049,2024-04-29,Present
A015000,E0226,2026-06-22,Present
A006636,E0094,2025-01-16,Present
A012869,E0200,2025-09-09,Present
A010002,E0142,2024-11-14,Present
A000792,E0012,2023-11-21,Present
A008985,E0127,03/04/2025,P
A003057,E0042,2024-05-23,Present
A010048,E0142,2025-05-20,Present
A001981,E0028,2023-10-12,Absent
A011426,E0178,03/26/2026,Present
A003599,E0049,2024-04-02,Present
A000934,E0014,2023-10-24,Present
A012156,E0189,2026-04-09,Present
A013218,E0204,05/07/2026,Present
A007425,E0104,2024-11-14,Present
A005627,E0083,2024-11-19,Present
A001683,E0024,2023-10-19,Present
A004180,E0056,03/19/2024,Present
A012219,E0190,2026-03-10,present
A013157,E0204,2025-09-09,Present
A006447,E0092,2025-01-13,Present
A004117,E0055,2024-05-28,Present
A000989,E0014,05/21/2024,Present
A011704,E0183,2026-01-29,Present
A011646,E0182,2025-10-16,Tardy
A002897,E0040,2024-04-18,Present
A003779,E0051,2024-02-27,Present
A005659,E0083,2025-02-03,Present
A011723,E0183,2026-04-07,Present
A003094,E0043,2024-01-09,Exc.
A003156,E0044,2023-11-09,Present
A011394,E0178,2025-11-13,Present
A001824,E0026,09/19/2023,Present
A014803,E0223,07/22/2026,Present
A001099,E0016,2023-12-21,Present
A010397,E0150,2025-02-04,Excused
A002845,E0040,2023-10-03,Present
A009079,E0128,2025-05-22,present
A003343,E0046,02/27/2024,Present
A000039,E0001,2024-02-06,Present
A006541,E0093,2025-01-14,Present
A014386,E0218,09/01/2026,PRESENT
A008708,E0123,2025-03-06,P
A003357,E0046,2024-03-21,Present
A013026,E0202,2025-10-23,Absent
A009646,E0137,2025-01-02,Present
A011746,E0184,2025-09-25,Present
A011802,E0184,2026-05-07,Present
A012858,E0199,2026-05-07,Present
A010699,E0167,2025-10-28,Present
A011187,E0175,2026-01-06,Present
A012192,E0190,2025-11-13,Present
A007814,E0110,2025-03-20,Tardy
A014953,E0225,2026-09-01,Present
A009099,E0129,2024-10-24,present
A008221,E0116,2025-01-16,Tardy
A014198,E0216,2026-08-11,Present
A010700,E0167,2025-10-30,Present
A002429,E0034,12/07/2023,Present
A005044,E0070,2024-06-11,Present
A005347,E0078,2024-05-09,Present
A008955,E0127,2024-10-31,Present
A011940,E0186,2026-04-09,Present
A004812,E0064,06/18/2024,Present
A008477,E0119,2025-06-03,Present
A000687,E0010,2023-12-14,Present
A004800,E0064,05/07/2024,Present
A007438,E0104,2025-01-16,Present
A002354,E0033,2023-12-07,Present
A006354,E0091,2025-01-13,Present
A013743,E0211,2026-07-15,Present
A004570,E0060,2024-05-16,Present
A008214,E0116,2024-12-12,Tardy
A002753,E0038,2024-03-07,Present
A009078,E0128,2025-05-20,
A008074,E0114,2025-01-14,present
A009110,E0129,2024-12-10,Present
A001041,E0015,02/27/2024,Present
A013648,E0210,2026-07-02,Present
A007492,E0105,2024-10-24,Present
A001266,E0018,2024-02-27,P
A012772,E0198,03/12/2026,Present
A014785,E0223,2026-06-22,Present
A007060,E0099,10/17/2024,Present
A000278,E0004,2024-03-26,Present
A005085,E0071,06/18/2024,P
A010277,E0146,2024-09-17,Present
A009438,E0134,2025-02-11,P
A002383,E0033,2024-03-26,Present
A000572,E0008,2024-04-25,Present
A001436,E0020,2024-05-09,Absent
A012095,E0188,2026-05-26,Present
A009440,E0134,2025-02-18,Present
A005353,E0078,2024-05-30,Present
A012874,E0200,09/25/2025,Excused
A011719,E0183,2026-03-24,PRESENT
A010707,E0167,2025-12-02,Present
A005446,E0081,2024-03-05,Present
A001008,E0015,2023-10-19,Present
A012963,E0201,2025-12-02,Present
A004544,E0060,2024-03-27,Present
A012988,E0201,2026-03-12,Present
A013570,E0209,2026-07-21,Present
A014268,E0217,2026-07-09,Present
A002065,E0029,2023-11-14,Present
A001137,E0016,2024-05-14,Present
A009883,E0140,2025-03-06,Present
A014241,E0217,2026-05-25,Present
A005344,E0078,2024-04-30,Present
A010178,E0144,2025-03-18,Present
A000295,E0004,2024-05-28,Present
A009740,E0138,2025-03-18,Present
A010205,E0145,2024-09-21,P
A008781,E0124,2025-03-06,Present
A011522,E0180,2025-09-18,Present
A002404,E0033,2024-06-11,Present
A010322,E0146,2025-03-11,Present
A003999,E0054,2024-02-20,Present
A014351,E0218,2026-07-01,Present
A003742,E0050,2024-06-20,present
A011701,E0183,2026-01-20,Present
A014193,E0216,2026-08-03,Present
A002720,E0038,10/31/2023,Present
A014164,E0216,2026-06-11,Present
A012714,E0197,2026-05-07,Present
A005151,E0073,2024-05-07,Present
A002809,E0039,2024-02-29,Absent
A009018,E0128,2024-09-26,Present
A000557,E0008,02/29/2024,P
A013732,E0211,2026-06-25,Present
A004796,E0064,04/23/2024,Present
A002470,E0034,2024-05-09,P
A003739,E0050,2024-06-17,Present
A004287,E0057,2024-04-01,P
A012644,E0196,05/14/2026,Present
A009909,E0140,06/12/2025,Present
A002605,E0036,2024-03-14,Present
A000363,E0005,2024-05-02,Present
A006925,E0097,2025-02-04,Present
A001705,E0024,2024-01-18,Present
A002140,E0030,2023-11-14,Present
A003240,E0045,2024-02-21,Present
A002384,E0033,2024-03-28,Present
A007315,E0102,04/08/2025,present
A004312,E0057,05/20/2024,Present
A009478,E0135,2024-10-01,present
A001313,E0019,2023-11-07,Present
A004340,E0058,2024-01-09,Present
A003931,E0052,2024-06-03,Present
A006184,E0090,2024-08-12,Present
A013327,E0206,2025-12-16,Present
A001592,E0022,2024-05-30,Present
A014442,E0219,2026-07-07,Present
A002163,E0030,2024-02-15,Present
A002397,E0033,2024-05-16,Present
A000318,E0005,2023-11-09,Present
A009517,E0135,2025-03-04,Present
A011304,E0177,2025-09-11,Absent
A005234,E0075,2024-05-23,
A015138,E0228,2026-05-06,Present
A005069,E0071,2024-04-23,Present
A004037,E0054,2024-05-01,Absent
A008988,E0127,2025-03-13,Present
A003021,E0042,01/16/2024,Present
A009904,E0140,2025-05-27,Present
A011580,E0180,2026-05-07,Present
A008229,E0116,02/13/2025,Absent
A012742,E0198,11/06/2025,Present
A009106,E0129,2024-11-19,Tardy
A005296,E0077,2024-03-26,Present
A003973,E0053,2024-02-15,Excused
A005371,E0079,2024-03-14,Present
A004134,E0055,2024-06-26,Present
A000975,E0014,2024-03-28,Present
A007292,E0102,2025-01-16,Present
A009176,E0130,2024-11-07,Tardy
A000955,E0014,2024-01-18,PRESENT
A009611,E0136,2025-05-22,Present
A009753,E0138,2025-05-08,Present
A012328,E0192,2026-01-29,P
A013685,E0210,2026-09-07,Absent
A012458,E0194,2025-11-20,Present
A009548,E0136,2024-09-19,Present
A014322,E0218,2026-05-12,Present
A005017,E0070,2024-03-05,Present
A014956,E0225,2026-09-07,Present
A009180,E0130,2024-11-21,Present
A010875,E0170,2026-01-20,Present
A007491,E0105,2024-10-22,Present
A013240,E0205,10/16/2025,Tardy
A001641,E0023,2024-02-27,present
A001291,E0018,2024-05-28,Present
A011874,E0185,2026-05-07,Present
A001381,E0020,2023-10-12,PRESENT
A001934,E0027,2024-02-01,Present
A004676,E0061,2024-05-28,P
A014055,E0215,2026-05-06,Present
A011353,E0177,03/24/2026,Present
A010223,E0145,2024-11-21,Excused
A000893,E0013,2024-03-05,present
A007288,E0102,2025-01-02,present
A004877,E0066,05/02/2024,Present
A012262,E0191,2025-11-06,Present
A007907,E0111,2025-06-05,Present
A012448,E0194,10/16/2025,Present
A008195,E0116,2024-10-01,PRESENT
A014432,E0219,2026-06-18,Present
A010302,E0146,2024-12-19,Present
A009042,E0128,2025-01-07,Present
A010930,E0171,10/30/2025,Tardy
A002467,E0034,2024-04-30,Absent
A007658,E0108,2024-10-10,Present
A010107,E0143,2025-03-25,PRESENT
A009789,E0139,2024-12-12,Present
A001914,E0027,2023-11-09,present
A013332,E0206,2026-01-15,P
A011363,E0177,2026-05-05,Present
A002737,E0038,2024-01-11,Present
A000727,E0011,2024-01-09,Present
A007215,E0101,01/02/2025,Present
A008246,E0116,2025-04-22,Present
A001797,E0025,2024-03-19,Present
A003846,E0051,2024-06-27,Present
A006403,E0092,2024-10-08,Present
A010746,E0168,11/06/2025,Late
A010993,E0172,2025-09-30,Present
A000937,E0014,2023-11-02,Present
A002266,E0032,2023-10-17,PRESENT
A000825,E0012,03/28/2024,PRESENT
A012514,E0195,2025-09-25,Present
A007275,E0102,2024-10-31,Present
A011594,E0181,2025-09-18,Present
A001390,E0020,2023-11-14,Present
A003565,E0049,2024-02-01,Present
A009077,E0128,2025-05-15,Present
A005430,E0080,2024-05-28,Absent
A007828,E0110,2025-05-15,PRESENT
A005691,E0084,09/30/2024,Present
A013060,E0202,2026-03-12,Present
A007879,E0111,2025-02-20,Present
A001869,E0026,2024-03-07,Present
A013374,E0207,2025-09-11,Present
A008203,E0116,2024-10-29,Present
A011608,E0181,2025-11-06,Present
A007487,E0105,2024-10-08,Present
A009656,E0137,2025-02-06,Present
A000807,E0012,2024-01-25,Absent
A004806,E0064,2024-05-28,Present
A013584,E0209,2026-08-13,Tardy
A012261,E0191,2025-11-04,P
A010301,E0146,2024-12-17,Present
A014077,E0215,2026-06-15,Present
A001656,E0023,2024-04-23,PRESENT
A010427,E0153,2025-02-05,Present
A009156,E0129,2025-06-05,Present
A007512,E0105,01/21/2025,present
A008057,E0114,2024-10-29,Present
A004495,E0059,2024-07-01,Present
A002633,E0037,2023-09-19,Present
A013693,E0211,2026-04-20,Tardy
A008897,E0126,01/09/2025,Present
A008624,E0122,2025-01-28,Present
A007833,E0110,2025-06-03,Present
A004389,E0058,2024-04-03,Tardy
A000146,E0002,2024-05-30,Present
A006468,E0093,2024-08-20,Present
A002034,E0028,2024-05-02,Present
A014039,E0214,2026-09-09,Present
A001166,E0017,2023-11-16,Present
A011693,E0183,2025-12-09,Present
A002051,E0029,2023-09-26,present
A003761,E0051,2024-01-25,Present
A010817,E0169,2025-11-04,Present
A012677,E0197,2025-12-09,present
A004436,E0059,2024-03-13,Present
A003431,E0047,2024-02-06,Present
A008191,E0116,09/17/2024,Present
A013481,E0208,2026-02-03,Tardy
A007070,E0099,2024-11-05,Present
A004362,E0058,2024-02-15,Present
A010617,E0166,2025-09-23,present
A009455,E0134,2025-04-10,P
A001772,E0025,12/14/2023,Present
A003512,E0048,2024-04-30,P
A000272,E0004,2024-03-05,P
A012985,E0201,2026-03-03,Present
A002989,E0042,2023-09-12,P
A008437,E0119,2025-01-07,Present
A012606,E0196,2025-12-11,Present
A012765,E0198,02/17/2026,Present
A002033,E0028,2024-04-30,Present
A008029,E0113,2025-04-29,Present
A012317,E0192,2025-12-09,Present
A009006,E0127,2025-05-22,Present
A014863,E0224,2026-06-03,Excused
A003811,E0051,2024-04-29,Present
A013810,E0212,2026-06-09,Present
A009997,E0142,2024-10-29,Present
A014121,E0215,2026-08-31,Present
A004347,E0058,2024-01-22,Present
A010654,E0166,2026-02-19,Present
A000546,E0008,2024-01-23,Excused
A003242,E0045,2024-02-26,Present
A008931,E0126,2025-05-15,Present
A008503,E0120,2024-12-03,Present
A011714,E0183,2026-03-05,Present
A009324,E0132,2025-06-10,P
A005827,E0085,12/19/2024,Present
A012304,E0192,2025-10-16,Present
A010962,E0171,2026-03-12,Present
A007565,E0106,2024-10-24,Present
A000921,E0013,06/13/2024,Present
A014027,E0214,2026-08-19,
A011780,E0184,2026-02-12,Present
A006641,E0094,01/27/2025,Present
A012152,E0189,2026-03-26,Present
A007695,E0108,2025-03-06,Present
A008231,E0116,2025-02-20,Present
A012652,E0196,2026-06-11,Present
A007127,E0100,10/24/2024,PRESENT
A004279,E0057,2024-03-18,E
A002984,E0041,2024-05-30,Present
A013483,E0208,2026-02-10,Present
A000131,E0002,2024-04-04,Present
A013410,E0207,02/05/2026,Present
A007981,E0113,2024-10-17,Excused
A002668,E0037,02/01/2024,present
A007139,E0100,12/12/2024,
A003224,E0045,2024-01-24,Present
A009375,E0133,2025-03-18,Present
A007694,E0108,2025-03-04,Present
A005393,E0079,2024-06-04,Present
A000615,E0009,2024-01-02,Present
A004697,E0061,07/03/2024,present
A001467,E0021,2023-11-21,present
A004498,E0060,2024-01-08,Present
A003043,E0042,2024-04-02,Excused
A009127,E0129,2025-02-18,Present
A002420,E0034,2023-10-31,absent
A005086,E0071,06/20/2024,Present
A003295,E0045,2024-06-03,Present
A006738,E0095,2025-02-03,Present
A001501,E0021,2024-04-02,Present
A013015,E0202,2025-09-16,Present
A009019,E0128,2024-10-01,Present
A001522,E0022,2023-09-12,Present
A014026,E0214,2026-08-18,P
A011123,E0174,2026-02-03,Present
A004233,E0056,2024-06-25,Excused
A007687,E0108,2025-02-06,Present
A008821,E0125,2024-10-24,Present
A004431,E0059,2024-03-05,Present
A012046,E0188,2025-11-06,Present
A000391,E0006,2023-11-02,Absent
A012538,E0195,2026-01-08,Present
A015160,E0228,2026-06-15,Tardy
A007125,E0100,2024-10-17,Present
A005914,E0086,2024-12-10,Present
A012183,E0190,2025-10-14,Present
A008593,E0122,2024-09-24,Present
A004807,E0064,05/30/2024,Present
A013328,E0206,2025-12-18,Present
A015198,E0228,08/19/2026,Present
A011552,E0180,2026-01-22,Present
A008239,E0116,2025-03-20,Present
A008045,E0114,2024-09-17,Tardy
A015039,E0226,2026-08-27,Present
A003994,E0054,2024-02-12,Present
A011835,E0185,2025-12-02,Present
A011919,E0186,2026-01-27,Present
A014687,E0222,2026-06-03,Present
A013401,E0207,01/06/2026,Present
A006610,E0094,2024-11-13,Present
A005320,E0077,06/20/2024,Present
A015128,E0228,2026-04-20,present
A007120,E0100,2024-10-01,Present
A002422,E0034,2023-11-07,Present
A005605,E0083,2024-10-10,Present
A001751,E0025,2023-09-26,Present
A015098,E0227,2026-07-29,Present
A013871,E0213,2026-04-22,Present
A012255,E0191,2025-10-14,Excused
A014938,E0225,2026-08-05,Present
A000339,E0005,2024-02-06,PRESENT
A008408,E0119,2024-09-10,Excused
A011856,E0185,2026-02-26,Present
A001342,E0019,2024-02-29,Present
A014678,E0222,2026-05-19,Present
A007983,E0113,2024-10-24,Present
A012087,E0188,2026-04-28,Tardy
A003641,E0049,2024-06-19,Present
A000330,E0005,2024-01-04,Excused
A013588,E0209,2026-08-20,Present
A003005,E0042,2023-11-07,PRESENT
A006961,E0098,2024-10-08,Present
A004091,E0055,2024-04-08,Present
A011308,E0177,2025-09-25,Present
A009829,E0139,2025-05-24,Present
A002323,E0032,05/21/2024,Present
A006668,E0095,2024-09-12,Absent
A007010,E0098,2025-01-21,Present
A004198,E0056,2024-04-24,PRESENT
A003550,E0049,2024-01-08,Present
A009651,E0137,2025-01-21,Present
A008364,E0118,2025-01-07,Present
A004204,E0056,2024-05-06,Present
A014330,E0218,2026-05-26,Present
A011762,E0184,2025-11-20,Present
A012419,E0193,2026-04-07,Present
A014095,E0215,2026-07-15,Present
A013351,E0206,2026-03-24,P
A013841,E0212,2026-08-03,Present
A006186,E0090,08/14/2024,Present
A001640,E0023,2024-02-22,Present
A009131,E0129,2025-03-04,Present
A000061,E0001,04/25/2024,Present
A001241,E0018,2023-11-16,Present
A005761,E0085,2024-08-20,Absent
A005137,E0073,03/14/2024,Tardy
A002344,E0033,2023-10-26,Present
A002121,E0029,06/13/2024,Present
A001525,E0022,2023-09-21,Present
A007618,E0107,2025-02-20,Present
A000154,E0003,2023-09-21,Present
A000482,E0007,2024-02-29,Present
A006123,E0089,2024-10-07,Present
A012653,E0197,09/09/2025,Present
A007675,E0108,2024-12-17,Present
A007102,E0099,2025-01-20,Present
A012113,E0189,10/21/2025,Present
A001763,E0025,2023-11-07,P
A008943,E0127,2024-09-19,Present
A007716,E0108,2025-05-27,Present
A009978,E0141,2025-05-29,Present
A014512,E0220,2026-06-04,Present
A007480,E0105,09/12/2024,Present
A006213,E0090,2024-10-01,Present
A012694,E0197,2026-02-19,Present
A004854,E0066,2024-02-08,Present
A002712,E0038,10/03/2023,Present
A006767,E0096,2024-09-24,Present
A004151,E0056,2024-01-29,Present
A012386,E0193,2025-11-20,Present
A001334,E0019,2024-02-01,Present
A014477,E0219,2026-09-07,Present
A011047,E0173,2026-01-20,Present
A008379,E0118,2025-02-27,Present
A009329,E0133,2024-09-19,Excused
A014445,E0219,2026-07-13,Present
A014920,E0225,2026-07-06,Present
A010251,E0145,2025-03-18,Present
A014032,E0214,2026-08-27,Present
A003851,E0052,2024-01-09,Present
A008341,E0118,2024-10-01,Present
A004125,E0055,2024-06-11,Present
A013082,E0202,2026-06-04,tardy
A013790,E0212,2026-05-05,Late
A011556,E0180,2026-02-05,Present
A004789,E0064,2024-03-26,Present
A002867,E0040,01/02/2024,Present
A011969,E0187,2025-10-21,Present
A001387,E0020,2023-11-02,Tardy
A005942,E0087,2024-08-12,Present
A003068,E0043,2023-09-26,present
A013938,E0213,2026-08-18,Tardy
A003630,E0049,2024-05-30,Present
A014552,E0220,2026-08-13,Present
A012990,E0201,2026-03-19,Present
A013767,E0211,2026-08-26,Present
A003029,E0042,2024-02-13,Present
A002970,E0041,2024-04-09,Present
A011665,E0182,2026-01-13,Excused
A009901,E0140,2025-05-15,Present
A011146,E0174,2026-04-30,Present
A008647,E0122,2025-04-24,Present
A006137,E0089,2024-10-30,Present
A008802,E0124,2025-05-27,Present
A004264,E0057,2024-02-20,Present
A013019,E0202,2025-09-30,Present
A000646,E0009,2024-04-23,Present
A014850,E0224,2026-05-12,present
A002075,E0029,2024-01-02,Present
A012245,E0191,2025-09-09,Present
A000342,E0005,2024-02-15,Absent
A008042,E0113,2025-06-12,Tardy
A001623,E0023,2023-12-19,present
A012876,E0200,2025-10-02,present
A007142,E0100,01/02/2025,Present
A005797,E0085,2024-10-22,Present
A007185,E0100,2025-06-10,Present
A014354,E0218,2026-07-07,Present
A008233,E0116,2025-02-27,Tardy
A005476,E0081,2024-06-20,Present
A010282,E0146,10/03/2024,Present
A012117,E0189,11/04/2025,Present
A010368,E0148,2025-02-10,Excused
A014245,E0217,2026-06-01,Present
A000075,E0001,06/13/2024,Present
A015208,E0228,2026-09-07,Present
A006307,E0091,2024-10-02,Present
A010850,E0170,2025-10-02,Present
A011373,E0177,06/09/2026,PRESENT
A010269,E0145,2025-05-27,Present
A008634,E0122,2025-03-04,Present
A014202,E0216,08/18/2026,Present
A002052,E0029,09/28/2023,PRESENT
A002542,E0035,2024-04-30,Present
A001302,E0019,2023-09-28,Present
A005878,E0086,2024-10-01,Present
A007369,E0103,2025-01-30,Present
A011623,E0181,2026-01-20,Tardy
A001305,E0019,2023-10-10,present
A008429,E0119,2024-11-21,Present
A013989,E0214,2026-06-15,Present
A002600,E0036,2024-02-27,Present
A012809,E0199,2025-10-21,Present
A002574,E0036,2023-11-14,Present
A011473,E0179,2025-12-16,Present
A003187,E0044,2024-03-12,Present
A012146,E0189,2026-03-05,Present
A002769,E0039,2023-09-28,Present
A004832,E0065,2024-04-09,Present
A004224,E0056,2024-06-10,Tardy
A014843,E0224,2026-04-29,Present
A002107,E0029,2024-04-25,Present
A002680,E0037,2024-03-14,Present
A010954,E0171,2026-02-12,Present
A012881,E0200,2025-10-21,Present
A013592,E0209,2026-08-27,Tardy
A001388,E0020,2023-11-07,Present
A014877,E0225,2026-04-21,Present
A014599,E0221,2026-06-03,Tardy
A013739,E0211,2026-07-08,Present
A014858,E0224,2026-05-26,Tardy
A007084,E0099,2024-12-05,Tardy
A013365,E0206,05/19/2026,Present
A013193,E0204,2026-02-03,P
A001280,E0018,2024-04-18,Tardy
A013222,E0204,2026-05-21,Present
A000805,E0012,2024-01-18,Present
A001556,E0022,2024-01-23,Present
A014593,E0221,2026-05-25,Present
A011383,E0178,2025-10-07,Present
A004567,E0060,2024-05-13,Present
A012995,E0201,04/07/2026,Present
A014871,E0224,2026-06-17,Present
A004842,E0065,2024-05-16,Present
A003595,E0049,2024-03-26,Present
A006036,E0088,2024-08-13,Present
A006853,E0097,2024-09-11,Present
A010113,E0143,2025-04-22,Present
A008706,E0123,2025-02-27,Present
A004178,E0056,2024-03-14,Present
A001309,E0019,2023-10-24,Present
A009107,E0129,11/21/2024,P
A003453,E0048,2024-01-11,Tardy
A003696,E0050,2024-03-27,Present
A004243,E0057,2024-01-15,Present
A011349,E0177,03/10/2026,Present
A002199,E0031,2023-09-19,Present
A008967,E0127,2024-12-19,Present
A004426,E0059,2024-02-26,Present
A006151,E0089,2024-12-02,Present
A000944,E0014,2023-12-05,Present
A000823,E0012,2024-03-21,Present
A005006,E0069,2024-06-13,Tardy
A006613,E0094,2024-11-19,Present
A012470,E0194,01/22/2026,Present
A008357,E0118,12/03/2024,Present
A005620,E0083,2024-11-06,Present
A004548,E0060,2024-04-03,Present
A012176,E0190,09/18/2025,Excused
A002539,E0035,2024-04-18,Present
A014995,E0226,06/11/2026,Present
A009504,E0135,2025-01-16,Present
A005208,E0075,2024-02-20,Present
A014635,E0221,2026-08-05,Present
A013862,E0212,2026-09-08,Present
A013576,E0209,2026-07-30,Present
A003055,E0042,2024-05-16,Excused
A003676,E0050,2024-02-21,Present
A007777,E0110,2024-10-24,Present
A007219,E0101,2025-01-16,PRESENT
A006723,E0095,2025-01-07,PRESENT
A003301,E0045,2024-06-12,Absent
A003311,E0045,2024-07-01,Present
A007222,E0101,2025-01-28,Excused
A008520,E0120,2025-02-11,Present
A010683,E0166,2026-06-09,Present
A005955,E0087,2024-09-03,PRESENT
A010999,E0172,2025-10-21,Present
A012601,E0196,2025-11-18,Present
A000833,E0012,2024-04-30,Present
A011272,E0176,2026-02-19,Present
A003463,E0048,01/30/2024,Present
A013490,E0208,2026-03-05,Present
A014355,E0218,2026-07-08,Present
A007644,E0107,2025-05-29,Absent
A000055,E0001,2024-04-02,Present
A012257,E0191,2025-10-21,Present
A003452,E0048,2024-01-10,Present
A006306,E0091,2024-10-01,Present
A010094,E0143,2025-02-06,Present
A001482,E0021,2024-01-25,Present
A004874,E0066,2024-04-23,Present
A013088,E0203,09/18/2025,Present
A008039,E0113,2025-06-03,Present
A012343,E0192,2026-03-24,Present
A003336,E0046,2024-02-14,Present
A006017,E0087,01/08/2025,Present
A004927,E0067,2024-06-11,Present
A009139,E0129,2025-04-01,Present
A005798,E0085,2024-10-23,Present
A011486,E0179,2026-02-12,Present
A010354,E0147,02/12/2025,Present
A015111,E0227,2026-08-20,P
A005084,E0071,2024-06-13,Present
A006646,E0094,02/04/2025,Present
A012482,E0194,2026-03-05,Present
A011250,E0176,2025-11-13,Present
A005491,E0082,2024-09-04,Present
A000769,E0011,2024-06-06,Present
A002066,E0029,2023-11-16,P
A014612,E0221,2026-06-25,Present
A011688,E0183,2025-11-13,Excused
A007312,E0102,2025-03-27,Present
A008478,E0119,06/05/2025,Present
A005278,E0076,06/11/2024,PRESENT
A004525,E0060,2024-02-22,Present
A011569,E0180,2026-03-24,Present
A010525,E0160,2025-06-23,Present
A002718,E0038,2023-10-24,Present
A002080,E0029,2024-01-18,Present
A011582,E0180,2026-05-14,PRESENT
A008915,E0126,2025-03-13,Present
A000952,E0014,2024-01-09,Present
A008059,E0114,2024-11-05,Present
A002483,E0035,09/19/2023,Excused
A010455,E0154,2025-02-26,Excused
A009182,E0130,2024-12-05,Excused
A011405,E0178,2026-01-13,Present
A001760,E0025,2023-10-26,Present
A009985,E0142,2024-09-17,Present
A004423,E0059,02/20/2024,Present
A006705,E0095,2024-11-18,Present
A013672,E0210,08/13/2026,Present
A009917,E0141,2024-10-03,Present
A005183,E0074,04/09/2024,Present
A008534,E0120,2025-04-01,Present
A003702,E0050,2024-04-08,Present
A004244,E0057,2024-01-16,Present
A000689,E0010,2023-12-21,present
A003433,E0047,02/08/2024,Present
A013396,E0207,2025-12-04,Present
A004945,E0068,2024-03-26,Present
A000967,E0014,2024-02-29,Present
A014921,E0225,2026-07-07,Present
A015011,E0226,2026-07-09,Present
A010396,E0150,2025-02-03,Absent
A002714,E0038,2023-10-10,Tardy
A004758,E0063,2024-04-25,Present
A013291,E0205,2026-05-12,Present
A012351,E0192,2026-04-28,Tardy
A014680,E0222,2026-05-21,Present
A006321,E0091,10/28/2024,Present
A013473,E0208,2026-01-06,P
A005976,E0087,2024-10-09,Present
A003573,E0049,2024-02-15,Absent
A012998,E0201,2026-04-23,Present
A005300,E0077,2024-04-09,Present
A001991,E0028,2023-11-16,Present
A012313,E0192,2025-11-18,Present
A012952,E0201,2025-10-16,Present
A001206,E0017,2024-04-23,Present
A013491,E0208,2026-03-10,Present
A013051,E0202,2026-02-10,Present
A004972,E0069,2024-02-13,Tardy
A014950,E0225,2026-08-26,Present
A013227,E0204,2026-06-09,Present
A006784,E0096,2024-10-23,P
A003601,E0049,2024-04-04,Tardy
A006491,E0093,2024-09-30,Present
A008610,E0122,2024-11-21,Present
A008495,E0120,10/29/2024,Present
A013913,E0213,2026-07-06,P
A008071,E0114,2025-01-02,Present
A008578,E0121,2024-12-10,Present
A007974,E0113,2024-09-24,Present
A014326,E0218,2026-05-19,Present
A001626,E0023,2024-01-04,Present
A000537,E0008,2023-12-14,Present
A008767,E0124,2025-01-16,Present
A007971,E0113,2024-09-12,Tardy
A013225,E0204,2026-06-02,Present
A004213,E0056,2024-05-21,Present
A006457,E0092,2025-01-29,Present
A003508,E0048,2024-04-23,Absent
A008394,E0118,2025-04-29,Present
A009525,E0135,2025-04-01,present
A007113,E0099,2025-02-06,Excused
A011695,E0183,2025-12-16,Present
A002709,E0038,2023-09-21,Tardy
A005032,E0070,2024-04-30,Present
A006515,E0093,2024-11-11,Present
A004663,E0061,2024-05-06,Absent
A004022,E0054,2024-04-01,Present
A001855,E0026,2024-01-18,Present
A014505,E0220,05/25/2026,Present
A002873,E0040,2024-01-23,Present
A003031,E0042,2024-02-20,present
A009398,E0133,2025-06-12,Present
A001646,E0023,2024-03-14,Present
A003418,E0047,2024-01-15,Present
A003477,E0048,2024-02-22,Present
A014688,E0222,2026-06-04,Absent
A011054,E0173,2026-02-12,Present
A001793,E0025,2024-03-05,Present
A013719,E0211,2026-06-03,Present
A003798,E0051,2024-04-01,Present
A003369,E0046,2024-04-11,Present
A011560,E0180,2026-02-19,Present
A011726,E0183,2026-04-23,Present
A007197,E0101,2024-10-15,Present
A014830,E0223,2026-09-08,Present
A005110,E0072,2024-04-30,PRESENT
A006025,E0087,01/22/2025,Present
A011642,E0182,2025-10-02,Tardy
A008796,E0124,2025-05-06,Present
A011249,E0176,2025-11-11,Late
A014303,E0217,2026-09-09,Present
A000127,E0002,2024-03-21,Present
A005960,E0087,2024-09-11,Late
A003877,E0052,02/22/2024,Present
A011128,E0174,2026-02-19,Present
A013636,E0210,2026-06-11,P
A004452,E0059,2024-04-10,Present
A007148,E0100,01/23/2025,Present
A003532,E0048,2024-06-04,Present
A010923,E0171,2025-10-07,Present
A000828,E0012,04/09/2024,Present
A009832,E0139,2025-05-29,Present
A007791,E0110,2024-12-19,P
A000985,E0014,05/07/2024,Present
A011474,E0179,2025-12-18,Present
A011198,E0175,2026-02-12,Present
A007784,E0110,2024-11-19,Present
A010381,E0149,2025-02-04,Present
A014733,E0222,08/24/2026,Present
A002444,E0034,2024-02-06,Present
A008555,E0121,2024-09-12,Present
A010542,E0161,2025-07-01,Tardy
A000346,E0005,2024-02-29,Present
A000815,E0012,2024-02-22,Present
A006167,E0089,01/09/2025,Present
A013000,E0201,2026-04-30,Present
A011398,E0178,2025-12-04,Present
A014558,E0220,2026-08-25,Present
A015033,E0226,2026-08-18,Absent
A011518,E0179,2026-06-11,Tardy
A012299,E0192,2025-09-30,Present
A005780,E0085,2024-09-23,Present
A002117,E0029,2024-05-30,Present
A010027,E0142,2025-02-27,Present
A000794,E0012,2023-12-05,Present
A004961,E0068,2024-05-23,Present
A006899,E0097,12/09/2024,Present
A002675,E0037,2024-02-27,Present
A000095,E0002,2023-11-16,Present
A004226,E0056,2024-06-12,Present
A003757,E0051,2024-01-18,Present
A002892,E0040,2024-03-28,Present
A002372,E0033,2024-02-15,Excused
A011421,E0178,2026-03-10,Present
A014443,E0219,2026-07-08,Present
A003229,E0045,2024-02-01,present
A007864,E0111,12/19/2024,Present
A006360,E0091,2025-01-22,Present
A014158,E0216,2026-06-02,Absent
A013103,E0203,2025-11-11,Present
A007327,E0102,2025-05-27,Present
A006029,E0087,2025-01-29,Present
A011046,E0173,2026-01-15,Present
A013430,E0207,2026-04-23,Present
A011105,E0174,11/11/2025,Present
A001866,E0026,2024-02-27,Present
A013947,E0213,2026-09-02,Present
A004613,E0061,2024-02-01,Present
A010050,E0142,2025-05-27,Present
A002646,E0037,11/02/2023,Present
A002244,E0031,2024-03-07,Present
A005374,E0079,2024-03-26,Present
A002337,E0033,2023-10-03,PRESENT
A000951,E0014,01/04/2024,Present
A011261,E0176,2026-01-13,Present
A001121,E0016,2024-03-14,Present
A010790,E0168,2026-05-07,Present
A002205,E0031,2023-10-10,PRESENT
A000420,E0006,2024-02-27,Present
A000923,E0014,2023-09-14,Present
A009447,E0134,2025-03-13,Present
A008670,E0123,2024-10-08,Present
A010228,E0145,2024-12-17,Present
A005409,E0080,2024-03-12,Excused
A005789,E0085,2024-10-08,Present
A005743,E0084,2025-01-16,Present
A007668,E0108,2024-11-14,Present
A005568,E0082,02/05/2025,Present
A008136,E0115,2024-11-19,Present
A001203,E0017,2024-04-09,Present
A010819,E0169,2025-11-11,Present
A005766,E0085,2024-08-28,PRESENT
A008390,E0118,2025-04-08,Present
A001971,E0027,2024-06-13,Present
A011303,E0177,2025-09-09,Present
A004019,E0054,2024-03-26,Present
A010344,E0146,2025-06-03,Present
A003688,E0050,2024-03-13,Present
A013109,E0203,2025-12-09,Present
A001998,E0028,2023-12-19,Present
A004034,E0054,2024-04-25,Absent
A015212,E0228,2026-09-14,Late
A011247,E0176,11/04/2025,Present
A001249,E0018,2023-12-21,Present
A002193,E0030,2024-06-04,Present
A002713,E0038,2023-10-05,Present
A009185,E0130,2024-12-17,Present
A002191,E0030,2024-05-28,Present
A004671,E0061,05/20/2024,Present
A005143,E0073,2024-04-04,Present
A005985,E0087,2024-10-24,Present
A006566,E0094,2024-08-28,Present
A007805,E0110,2025-02-18,PRESENT
A011955,E0186,2026-06-09,Present
A006944,E0098,2024-09-09,Present
A011790,E0184,2026-03-19,Present
A012904,E0200,2026-01-29,Present
A009511,E0135,2025-02-11,Present
A010056,E0143,09/10/2024,Present
A010536,E0161,2025-06-19,Present
A010642,E0166,2026-01-08,Present
A002137,E0030,2023-11-02,Present
A001066,E0015,2024-05-28,Exc.
A000601,E0009,2023-10-31,Present
A004228,E0056,2024-06-17,Present
A010814,E0169,2025-10-23,Present
A007578,E0107,2024-09-17,Present
A000078,E0002,2023-09-19,P
A007547,E0105,2025-05-29,Late
A002899,E0040,2024-04-25,Present
A004821,E0065,2024-02-29,Present
A009507,E0135,2025-01-28,Present
A014317,E0218,05/04/2026,Present
A006414,E0092,2024-10-28,Present
A009445,E0134,2025-03-06,Present
A009065,E0128,03/27/2025,Present
A012043,E0188,10/28/2025,Present
A008008,E0113,2025-02-06,Present
A005469,E0081,2024-05-28,Present
A005952,E0087,2024-08-28,Present
A015015,E0226,07/16/2026,Present
A011158,E0174,2026-06-11,T
A003392,E0046,2024-05-28,Present
A005416,E0080,2024-04-04,Present
A002561,E0036,2023-09-28,Present
A015202,E0228,2026-08-26,Absent
A008163,E0115,03/11/2025,Present
A002636,E0037,2023-09-28,Present
A005257,E0076,2024-03-26,Present
A003531,E0048,06/03/2024,Present
A008568,E0121,2024-10-29,Present
A001909,E0027,2023-10-24,Present
A012622,E0196,2026-02-19,Present
A015027,E0226,2026-08-06,Present
A000236,E0004,2023-10-17,Tardy
A012220,E0190,2026-03-12,Present
A001605,E0023,2023-10-10,Present
A007985,E0113,2024-10-31,P
A009311,E0132,2025-04-24,Present
A011870,E0185,2026-04-23,Present
A003491,E0048,2024-03-19,Present
A015143,E0228,2026-05-14,Present
A011151,E0174,2026-05-19,Present
A001995,E0028,2023-12-07,Present
A002825,E0039,2024-04-30,Present
A014293,E0217,2026-08-24,Present
A010569,E0163,2025-06-23,Present
A013925,E0213,2026-07-27,Present
A001343,E0019,03/05/2024,Present
A008513,E0120,2025-01-16,Present
A001620,E0023,2023-12-07,Present
A011906,E0186,2025-11-20,Present
A005288,E0077,02/27/2024,Present
A002061,E0029,2023-10-31,Present
A011878,E0185,2026-05-21,Present
A002220,E0031,2023-12-07,Present
A009866,E0140,01/07/2025,Present
A006039,E0088,2024-08-19,PRESENT
A000261,E0004,2024-01-25,Present
A014413,E0219,05/18/2026,Present
A010232,E0145,2025-01-09,P
A012978,E0201,2026-02-05,Present
A009094,E0129,2024-10-08,Present
A003745,E0050,2024-06-26,Present
A002027,E0028,2024-04-04,P
A006989,E0098,2024-12-03,Tardy
A004235,E0056,2024-06-27,Present
A001918,E0027,2023-11-30,Present
A001829,E0026,2023-10-05,Present
A009766,E0139,2024-09-17,Tardy
A012608,E0196,2025-12-18,Present
A012942,E0201,2025-09-11,Present
A006234,E0090,2024-11-06,Present
A014364,E0218,2026-07-23,Present
A012847,E0199,2026-03-24,Present
A006284,E0091,2024-08-22,present
A004209,E0056,2024-05-14,Present
A012820,E0199,2025-12-04,Present
A000225,E0003,2024-06-13,Present
A008916,E0126,2025-03-18,Present
A010003,E0142,11/19/2024,present
A009334,E0133,10/08/2024,P
A013722,E0211,2026-06-09,Present
A006470,E0093,2024-08-22,Present
A013957,E0214,2026-04-20,Tardy
A014488,E0220,2026-04-23,Present
A013747,E0211,2026-07-22,Present
A014958,E0225,2026-09-09,Present
A010955,E0171,2026-02-17,Present
A000847,E0013,2023-09-12,Present
A004290,E0057,2024-04-04,Present
A005561,E0082,01/23/2025,Present
A013235,E0205,2025-09-30,Present
A002552,E0035,2024-06-04,PRESENT
A013918,E0213,2026-07-14,Present
A011121,E0174,2026-01-27,Present
A000118,E0002,2024-02-20,present
A008838,E0125,2025-01-09,Present
A005967,E0087,2024-09-24,Present
A008196,E0116,2024-10-03,Tardy
A012363,E0192,2026-06-09,Present
A014044,E0214,2026-09-17,Present
A008660,E0122,2025-06-10,Excused
A007490,E0105,2024-10-17,P
A000006,E0001,2023-09-28,Present
A005343,E0078,2024-04-25,Present
A009112,E0129,2024-12-17,Present
A010788,E0168,2026-04-30,P
A004325,E0057,2024-06-11,
A001064,E0015,2024-05-21,Present
A002591,E0036,2024-01-25,P
A008435,E0119,2024-12-19,Present
A013047,E0202,2026-01-27,present
A009353,E0133,12/19/2024,Absent
A011063,E0173,2026-03-17,Present
A003736,E0050,2024-06-11,Present
A013919,E0213,2026-07-15,P
A010590,E0164,2025-07-01,Present
A003518,E0048,2024-05-09,Present
A006987,E0098,2024-11-21,Absent
A011614,E0181,2025-12-04,Present
A010756,E0168,2025-12-18,Present
A006768,E0096,09/25/2024,Present
A005623,E0083,2024-11-12,Present
A001606,E0023,2023-10-12,Present
A001734,E0024,2024-05-02,Tardy
A010517,E0159,2025-07-07,Present
A010902,E0170,2026-04-30,Present
A014375,E0218,2026-08-12,present
A009505,E0135,2025-01-21,PRESENT
A011641,E0182,09/30/2025,Present
A003813,E0051,2024-05-01,Absent
A014805,E0223,2026-07-27,Present
A010555,E0162,06/25/2025,Present
A010168,E0144,2025-02-11,Present
A011707,E0183,2026-02-10,present
A001762,E0025,2023-11-02,Present
A005402,E0080,2024-02-15,Excused
A002740,E0038,2024-01-23,Present
A013830,E0212,2026-07-14,Present
A014814,E0223,2026-08-11,Present
A002473,E0034,05/21/2024,Present
A006739,E0095,2025-02-04,Present
A006892,E0097,2024-11-19,Present
A012200,E0190,2025-12-18,present
A007944,E0112,2025-01-23,Present
A012911,E0200,02/24/2026,Present
A009686,E0137,2025-05-29,Present
A004207,E0056,2024-05-09,Present
A006372,E0092,2024-08-14,Present
A010351,E0147,2025-02-06,Present
A009362,E0133,2025-01-30,Present
A010349,E0147,2025-02-04,Present
A000233,E0004,2023-10-05,PRESENT
A008259,E0116,2025-06-05,Absent
A007562,E0106,2024-10-15,Present
A009796,E0139,2025-01-16,Present
A006169,E0089,2025-01-14,Present
A011476,E0179,2026-01-08,P
A003597,E0049,03/28/2024,P
A006289,E0091,2024-09-02,Present
A004633,E0061,2024-03-07,present
A000126,E0002,2024-03-19,Tardy
A007642,E0107,2025-05-22,Present
A006230,E0090,2024-10-30,Present
A013543,E0209,06/03/2026,Excused
A001297,E0019,2023-09-12,Present
A001977,E0028,2023-09-28,Present
A014584,E0221,2026-05-07,Present
A014523,E0220,06/24/2026,Present
A010268,E0145,2025-05-22,Present
A012773,E0198,2026-03-17,Present
A005751,E0084,2025-01-30,Present
A008153,E0115,2025-02-04,Present
A014922,E0225,2026-07-08,Present
A003087,E0043,2023-12-07,Excused
A014279,E0217,2026-07-29,Present
A006883,E0097,2024-11-04,Present
A014321,E0218,2026-05-11,Present
A007674,E0108,2024-12-12,Present
A003346,E0046,2024-03-04,Present
A008173,E0115,2025-04-22,Present
A014499,E0220,2026-05-13,Present
A005871,E0086,2024-09-18,P
A006507,E0093,2024-10-28,Present
A002798,E0039,2024-01-23,Present
A000919,E0013,2024-06-06,P
A001647,E0023,2024-03-19,Tardy
A005123,E0072,2024-06-13,Present
A005127,E0073,02/08/2024,Present
A013171,E0204,2025-10-28,Present
A013624,E0210,2026-05-21,Present
A004622,E0061,02/19/2024,Present
A006810,E0096,2024-12-16,Excused
A000365,E0005,2024-05-09,Present
A011480,E0179,2026-01-22,present
A002126,E0030,2023-09-26,Present
A008151,E0115,2025-01-28,Present
A012316,E0192,2025-12-04,Present
A012762,E0198,2026-02-05,Present
A008718,E0123,2025-04-10,Tardy
A013014,E0202,09/11/2025,Present
A000056,E0001,2024-04-04,Present
A000639,E0009,03/26/2024,Present
A000303,E0005,2023-09-19,Present
A010959,E0171,2026-03-03,PRESENT
A005812,E0085,2024-11-18,Present
A001277,E0018,2024-04-04,Present
A014179,E0216,2026-07-08,Present
A012913,E0200,2026-03-03,Present
A010248,E0145,2025-03-06,Excused
A013569,E0209,2026-07-20,Present
A013338,E0206,2026-02-05,Present
A004433,E0059,2024-03-07,Present
A003645,E0049,2024-06-26,Present
A004144,E0056,2024-01-16,Present
A002879,E0040,2024-02-13,Present
A012395,E0193,2026-01-13,Present
A006494,E0093,2024-10-03,Present
A013368,E0206,05/28/2026,Present
A010479,E0156,2025-02-26,Present
A010454,E0154,2025-02-25,present
A005241,E0075,2024-06-18,Present
A014473,E0219,2026-08-31,present
A010489,E0158,2025-06-16,Present
A006938,E0098,2024-08-28,Absent
A007241,E0101,2025-04-03,Present
A014125,E0215,2026-09-07,Present
A009946,E0141,01/30/2025,Present
A013390,E0207,2025-11-06,Present
A010161,E0144,2025-01-16,Tardy
A002594,E0036,2024-02-06,P
A011310,E0177,2025-10-02,Present
A002394,E0033,2024-05-07,Present
A000524,E0008,2023-10-24,Present
A006377,E0092,2024-08-22,Present
A006982,E0098,2024-11-13,Present
A013717,E0211,2026-06-01,Present
A006678,E0095,2024-10-01,absent
A003901,E0052,04/04/2024,Present
A014819,E0223,2026-08-19,Present
A012892,E0200,2025-12-04,Present
A005586,E0083,2024-09-09,Present
A014407,E0219,2026-05-06,Present
A007957,E0112,2025-03-11,Tardy
A007571,E0106,2024-11-14,Present
A011315,E0177,2025-10-21,Present
A006778,E0096,10/14/2024,Absent
A012349,E0192,2026-04-21,Present
A010162,E0144,2025-01-21,Present
A000672,E0010,10/17/2023,Present
A004189,E0056,2024-04-03,Present
A000667,E0010,2023-09-28,
A003267,E0045,2024-04-09,Tardy
A001888,E0026,2024-05-16,Present
A011459,E0179,2025-10-21,Present
A008473,E0119,2025-05-20,Present
A009912,E0141,09/17/2024,Present
A011140,E0174,2026-04-02,Present
A012648,E0196,2026-05-28,Present
A009092,E0129,10/01/2024,PRESENT
A007688,E0108,2025-02-11,Present
A006032,E0087,02/04/2025,Present
A015117,E0227,2026-09-01,Present
A006091,E0089,08/12/2024,Present
A006239,E0090,2024-11-14,Present
A007351,E0103,11/12/2024,Present
A007831,E0110,2025-05-27,Present
A000761,E0011,2024-05-09,Present
A006255,E0090,2024-12-19,absent
A001907,E0027,2023-10-17,Present
A012235,E0190,2026-05-12,Present
A012016,E0187,2026-04-30,Present
A012331,E0192,02/10/2026,Present
A003819,E0051,2024-05-13,Present
A006270,E0090,2025-01-28,Absent
A004301,E0057,2024-04-30,Present
A005570,E0083,2024-08-12,Present
A007942,E0112,2025-01-16,Present
A010786,E0168,04/23/2026,Tardy
A004165,E0056,2024-02-21,Present
A011224,E0175,2026-05-21,P
A005972,E0087,2024-10-02,present
A003580,E0049,2024-02-28,PRESENT
A002833,E0039,2024-05-28,Present
A005450,E0081,2024-03-19,PRESENT
A003473,E0048,2024-02-15,present
A006328,E0091,2024-11-07,Present
A000138,E0002,2024-05-02,Present
A007044,E0099,2024-09-19,Excused
A004893,E0067,02/08/2024,Present
A002181,E0030,2024-04-23,Present
A010321,E0146,2025-03-06,Present
A007731,E0109,2024-10-10,Present
A003178,E0044,2024-02-08,Present
A004855,E0066,2024-02-13,Present
A004638,E0061,2024-03-18,Present
A005116,E0072,2024-05-21,Present
A014316,E0218,2026-04-30,Present
A007649,E0108,2024-09-10,Present
A004262,E0057,2024-02-15,Present
A012537,E0195,2026-01-06,Present
A001332,E0019,2024-01-25,Tardy
A010210,E0145,2024-10-08,Absent
A012735,E0198,2025-10-14,Present
A010675,E0166,2026-05-12,Tardy
A007003,E0098,01/08/2025,Abs
A009551,E0136,2024-10-01,Present
A006942,E0098,2024-09-04,Excused
A008018,E0113,03/13/2025,Present
A006242,E0090,2024-11-20,excused
A009522,E0135,2025-03-20,Present
A001124,E0016,2024-03-26,P
A006882,E0097,2024-10-31,Present
A013052,E0202,02/12/2026,Present
A010343,E0146,2025-05-29,Present
A004531,E0060,2024-03-05,Present
A010315,E0146,2025-02-13,Present
A004674,E0061,05/23/2024,Present
A012174,E0190,09/11/2025,Present
A006997,E0098,2024-12-17,tardy
A001253,E0018,2024-01-11,Present
A011471,E0179,2025-12-09,Present
A003375,E0046,04/29/2024,Present
A002815,E0039,03/21/2024,Excused
A004720,E0062,2024-02-14,Present
A006545,E0093,2025-01-21,present
A010041,E0142,2025-04-24,Present
A004859,E0066,2024-02-27,Present
A007902,E0111,2025-05-20,Present
A011230,E0175,2026-06-11,Present
A008581,E0121,12/19/2024,Present
A008428,E0119,2024-11-19,Present
A001078,E0016,2023-10-03,Present
A010177,E0144,2025-03-13,Present
A004364,E0058,2024-02-20,PRESENT
A012155,E0189,2026-04-07,Present
A000771,E0011,2024-06-13,Present
A010358,E0147,2025-02-19,Present
A012726,E0198,09/11/2025,Present
A008866,E0125,2025-04-24,Excused
A000250,E0004,2023-12-12,Present
A009767,E0139,2024-09-19,Tardy
A007240,E0101,2025-04-01,present
A003420,E0047,2024-01-17,Present
A010274,E0145,2025-06-12,Tardy
A010016,E0142,2025-01-21,Present
A014765,E0223,2026-05-18,Tardy
A004977,E0069,2024-02-29,Present
A004545,E0060,03/28/2024,P
A005566,E0082,2025-02-03,Present
A007940,E0112,2025-01-09,excused
A000717,E0011,2023-11-21,Present
A014848,E0224,2026-05-07,present
A012339,E0192,2026-03-10,Present
A002049,E0029,2023-09-19,Present
A005998,E0087,2024-11-18,Present
A006601,E0094,2024-10-29,Present
A007246,E0101,2025-04-29,Present
A013457,E0208,2025-10-21,Present
A004179,E0056,2024-03-18,Present
A004810,E0064,2024-06-11,Tardy
A010917,E0171,2025-09-16,Present
A014588,E0221,2026-05-14,Present
A007141,E0100,2024-12-19,Present
A007191,E0101,09/24/2024,Excused
A001461,E0021,2023-10-31,Present
A005990,E0087,2024-11-04,Present
A009861,E0140,12/10/2024,tardy
A010949,E0171,2026-01-27,Present
A002001,E0028,2024-01-04,Present
A012764,E0198,2026-02-12,Present
A012806,E0199,2025-10-09,Present
A008176,E0115,2025-05-01,Tardy
A000405,E0006,2024-01-04,Present
A000385,E0006,10/12/2023,Tardy
A014538,E0220,2026-07-21,Present
A014704,E0222,2026-07-02,Absent
A010345,E0146,2025-06-05,Present
A001634,E0023,2024-02-01,Present
A014692,E0222,2026-06-11,Present
A013773,E0211,2026-09-07,Present
A004785,E0064,2024-03-12,Present
A005382,E0079,2024-04-25,Present
A006971,E0098,2024-10-24,Present
A003926,E0052,2024-05-23,Present
A013529,E0209,2026-05-11,Present
A004159,E0056,2024-02-12,Tardy
A007450,E0104,2025-02-27,Present
A013141,E0203,2026-04-21,Present
A014091,E0215,2026-07-08,Present
A013551,E0209,2026-06-17,Absent
A008416,E0119,10/08/2024,Present
A002194,E0030,2024-06-06,PRESENT
A011329,E0177,12/16/2025,Present
A012662,E0197,2025-10-09,Present
A010017,E0142,2025-01-23,Present
A001016,E0015,2023-11-16,Tardy
A005125,E0072,2024-06-20,Present
A013165,E0204,2025-10-07,Present
A007419,E0104,2024-10-24,Present
A007410,E0104,09/24/2024,Present
A008990,E0127,2025-03-20,Present
A002872,E0040,2024-01-18,Present
A000010,E0001,2023-10-12,present
A010137,E0144,2024-10-08,Present
A001839,E0026,2023-11-09,Present
A004805,E0064,2024-05-23,present
A000256,E0004,2024-01-09,Tardy
A007027,E0099,2024-08-21,Present
A005714,E0084,11/07/2024,Present
A012678,E0197,2025-12-11,Present
A003325,E0046,2024-01-25,Present
A007715,E0108,2025-05-22,Present
A001582,E0022,2024-04-25,Present
A011149,E0174,05/12/2026,Present
A000925,E0014,2023-09-21,Present
A002780,E0039,2023-11-07,Tardy
A010701,E0167,11/04/2025,Present
A007892,E0111,2025-04-08,Present
A006133,E0089,2024-10-23,Present
A013217,E0204,2026-05-05,Present
A005321,E0078,02/06/2024,Present
A007313,E0102,04/01/2025,Present
A007103,E0099,01/21/2025,Excused
A006043,E0088,2024-08-26,Present
A003776,E0051,2024-02-21,Present
A004836,E0065,2024-04-25,Present
A012329,E0192,02/03/2026,Tardy
A004965,E0068,2024-06-06,Present
A010972,E0171,2026-04-23,Present
A000540,E0008,01/02/2024,Present
A007484,E0105,09/26/2024,Present
A002746,E0038,2024-02-13,Present
A003720,E0050,2024-05-14,Present
A014669,E0222,2026-05-04,absent
A006820,E0096,2025-01-14,Present
A013660,E0210,2026-07-23,Present
A009338,E0133,2024-10-22,Excused
A013320,E0206,2025-11-13,present
A004469,E0059,2024-05-15,Present
A000668,E0010,2023-10-03,Present
A007576,E0107,2024-09-10,Present
A011212,E0175,2026-04-02,Present
A008550,E0120,06/03/2025,Present
A005064,E0071,2024-04-02,Present
A011024,E0173,2025-10-09,PRESENT
A010976,E0171,2026-05-07,Present
A001354,E0019,2024-04-11,Present
A013324,E0206,2025-12-04,Present
A007115,E0100,2024-09-12,Present
A015029,E0226,2026-08-11,Present
A008663,E0123,2024-09-14,Present
A002704,E0037,2024-06-11,P
A003331,E0046,2024-02-06,Present
A008054,E0114,2024-10-17,Tardy
A011830,E0185,2025-11-06,Present
A009589,E0136,2025-02-27,Present
A003585,E0049,2024-03-07,Present
A014530,E0220,2026-07-07,Present
A013455,E0208,2025-10-14,Present
A005646,E0083,2025-01-09,Present
A003377,E0046,2024-05-01,Present
A001257,E0018,2024-01-25,Present
A006191,E0090,2024-08-22,Tardy
A011705,E0183,2026-02-03,Present
A013844,E0212,2026-08-06,Present
A013971,E0214,05/13/2026,Present
A009443,E0134,2025-02-27,present
A013988,E0214,06/11/2026,Present
A005349,E0078,2024-05-16,Present
A011004,E0172,2025-11-06,Present
A012491,E0194,04/07/2026,Present
A011477,E0179,2026-01-13,Present
A011126,E0174,2026-02-12,Present
A004176,E0056,03/12/2024,Present
A013461,E0208,2025-11-04,Present
A004911,E0067,2024-04-11,Present
A001853,E0026,2024-01-11,Present
A006317,E0091,2024-10-21,Present
A012973,E0201,2026-01-20,Present
A015149,E0228,05/26/2026,Excused
A002106,E0029,2024-04-23,Present
A000134,E0002,2024-04-18,Present
A013429,E0207,2026-04-21,Present
A005030,E0070,2024-04-23,Present
A000929,E0014,2023-10-05,Tardy
A000824,E0012,2024-03-26,Present
A007577,E0107,2024-09-12,Present
A011633,E0181,2026-02-24,Absent
A001532,E0022,10/17/2023,Present
A001215,E0017,2024-05-23,Present
A000505,E0007,2024-05-23,tardy
A012478,E0194,2026-02-19,Present
A010189,E0144,2025-05-01,tardy
A006531,E0093,2024-12-16,Present
A003073,E0043,2023-10-12,Present
A010151,E0144,2024-12-03,Present
A009577,E0136,2025-01-16,Present
A009087,E0129,2027-04-07,Present
A013117,E0203,2026-01-20,Present
A008648,E0122,2025-04-29,Present
A006620,E0094,2024-12-09,P
A013972,E0214,2026-05-14,Present
A009274,E0132,2024-11-21,PRESENT
A003710,E0050,2024-04-25,Excused
A014744,E0222,2026-09-10,Present
A004850,E0065,2024-06-13,Present
A004749,E0063,2024-03-21,Present
A004269,E0057,2024-02-28,Present
A011715,E0183,2026-03-10,Present
A012327,E0192,01/27/2026,Present
A011795,E0184,2026-04-07,Present
A015185,E0228,07/28/2026,Present
A008906,E0126,2025-02-11,Tardy
A004187,E0056,2024-04-01,Present
A010407,E0150,02/20/2025,Present
A005302,E0077,2024-04-18,Present
A002924,E0041,2023-10-17,Present
A006589,E0094,2024-10-08,Present
A001811,E0025,2024-05-09,present
A003487,E0048,2024-03-12,Present
A007420,E0104,2024-10-29,Tardy
A003142,E0044,2023-09-21,Present
A010020,E0142,02/04/2025,present
A009348,E0133,2024-12-03,Excused
A001325,E0019,2024-01-02,Present
A004313,E0057,2024-05-21,Present
A007495,E0105,11/05/2024,Present
A008703,E0123,2025-02-18,Present
A009873,E0140,2025-01-30,Present
A008692,E0123,2025-01-09,Present
A014615,E0221,2026-07-01,P
A010049,E0142,2025-05-22,Present
A009581,E0136,2025-01-30,Present
A013808,E0212,2026-06-04,Present
A011912,E0186,2025-12-18,Present
A010579,E0163,2025-07-09,Present
A005542,E0082,2024-12-10,Present
A011429,E0178,2026-04-07,Present
A006173,E0089,2025-01-21,Present
A001541,E0022,2023-11-16,Present
A009410,E0134,2024-10-17,Present
A002682,E0037,2024-03-21,Present
A015189,E0228,2026-08-04,Present
A011186,E0175,2025-12-18,Present
A013705,E0211,2026-05-11,P
A006314,E0091,2024-10-15,Present
A001192,E0017,2024-02-29,Present
A013965,E0214,05/04/2026,P
A005294,E0077,2024-03-19,P
A001543,E0022,2023-11-30,Absent
A011494,E0179,03/12/2026,Absent
A011517,E0179,06/09/2026,Present
A007057,E0099,2024-10-14,Present
A002540,E0035,2024-04-23,Present
A000954,E0014,2024-01-20,present
A007242,E0101,2025-04-08,Present
A006732,E0095,2025-01-22,Present
A004847,E0065,2024-06-04,Present
A006802,E0096,2024-12-02,Tardy
A008011,E0113,2025-02-18,Present
A004331,E0057,2024-06-20,Present
A008925,E0126,04/24/2025,Present
A005335,E0078,2024-03-26,Present
A007331,E0102,2025-06-10,Present
A009349,E0133,2024-12-05,Present
A004730,E0062,2024-03-04,Excused
A011487,E0179,2026-02-17,Present
A006542,E0093,2025-01-15,
A011175,E0175,2025-11-04,Present
A005306,E0077,2024-05-02,Excused
A005162,E0073,06/13/2024,Present
A007861,E0111,2024-12-10,Present
A002157,E0030,2024-01-25,Present
A001063,E0015,2024-05-16,Present
A010809,E0169,2025-10-07,
A001168,E0017,2023-11-30,Present
A011415,E0178,2026-02-17,Excused
A003637,E0049,2024-06-12,Present
A007652,E0108,2024-09-19,Present
A005589,E0083,2024-09-12,Present
A011131,E0174,2026-03-03,Present
A007193,E0101,2024-10-01,P
A004492,E0059,2024-06-25,Present
A007267,E0102,2024-10-03,Present
A011333,E0177,2026-01-13,Present
A004981,E0069,2024-03-14,Present
A008336,E0118,2024-09-12,Present
A013870,E0213,04/21/2026,Present
A011770,E0184,01/08/2026,Present
A004947,E0068,04/02/2024,Present
A002783,E0039,2023-11-16,Present
A000718,E0011,2023-11-30,Present
A010012,E0142,2025-01-07,Present
A002503,E0035,12/05/2023,Present
A004361,E0058,2024-02-14,Present
A004172,E0056,2024-03-05,P
A008083,E0114,2025-02-13,
A015003,E0226,2026-06-25,Present
A000396,E0006,2023-11-21,Absent
A013924,E0213,2026-07-23,Present
A014513,E0220,2026-06-08,Present
A007187,E0101,2024-09-10,Present
A015097,E0227,2026-07-28,Present
A004493,E0059,2024-06-26,Excused
A001366,E0019,2024-05-28,Present
A014651,E0221,2026-09-02,Present
A014192,E0216,2026-07-30,Present
A008788,E0124,2025-04-01,Tardy
A014398,E0219,2026-04-21,Absent
A012145,E0189,2026-03-03,Tardy
A013585,E0209,2026-08-17,PRESENT
A005918,E0086,12/17/2024,Present
A004969,E0068,2024-06-20,Present
A002915,E0041,2023-09-14,Present
A013746,E0211,2026-07-21,Present
A010519,E0159,2025-07-09,Present
A005645,E0083,2025-01-08,Present
A003767,E0051,2024-02-06,Present
A003441,E0047,02/22/2024,Present
A012044,E0188,2025-10-30,Present
A012325,E0192,01/20/2026,Present
A007358,E0103,2024-12-12,Present
A006807,E0096,2024-12-10,Present
A009880,E0140,2025-02-25,Present
A002144,E0030,12/05/2023,Present
A005105,E0072,2024-04-09,PRESENT
A005074,E0071,05/09/2024,P
A001572,E0022,2024-03-19,Present
A004080,E0055,2024-03-19,Present
A001123,E0016,2024-03-21,Present
A002787,E0039,2023-12-07,Absent
A014528,E0220,2026-07-02,Present
A002968,E0041,2024-04-02,Present
A002505,E0035,2023-12-12,Present
A005989,E0087,2024-10-31,Absent
A011658,E0182,2025-12-04,Present
A008868,E0126,2024-09-12,P
A011001,E0172,2025-10-28,Present
A007165,E0100,2025-03-25,Present
A011541,E0180,2025-12-02,Present
A000729,E0011,2024-01-16,Tardy
A007588,E0107,2024-10-22,PRESENT
A007544,E0105,2025-05-20,Present
A000413,E0006,02/01/2024,Present
A011339,E0177,2026-02-03,Excused
A009709,E0138,2024-11-12,Present
A005746,E0084,2025-01-22,Tardy
A007669,E0108,11/19/2024,Present
A000826,E0012,2024-04-02,tardy
A003268,E0045,2024-04-10,Present
A003975,E0054,2024-01-09,Present
A008809,E0125,2024-09-12,Present
A008307,E0117,2025-03-04,Present
A000418,E0006,2024-02-24,P
A011262,E0176,2026-01-15,Present
A009818,E0139,2025-04-03,Present
A006749,E0096,2024-08-22,Tardy
A008968,E0127,2025-01-02,Present
A012378,E0193,2025-10-23,Present
A011089,E0174,2025-09-16,Present
A014906,E0225,06/10/2026,Present
A002083,E0029,01/30/2024,Tardy
A008946,E0127,2024-10-01,Present
A010739,E0168,10/14/2025,Present
A012162,E0189,2026-05-07,Present
A003374,E0046,04/25/2024,Present
A005727,E0084,2024-12-09,Present
A004108,E0055,2024-05-13,Present
A010637,E0166,2025-12-09,Present
A004381,E0058,2024-03-20,Absent
A007724,E0109,2024-09-17,Present
A001067,E0015,2024-05-30,Present
A003914,E0052,05/02/2024,Present
A013480,E0208,2026-01-29,Present
A005537,E0082,2024-12-02,present
A008003,E0113,01/21/2025,
A005388,E0079,2024-05-16,Present
A005733,E0084,2024-12-18,Present
A011691,E0183,2025-12-02,absent
A002739,E0038,2024-01-18,PRESENT
A005053,E0071,2024-02-22,Present
A004001,E0054,2024-02-22,Absent
A009761,E0138,2025-06-05,T
A002428,E0034,2023-12-05,Present
A011939,E0186,2026-04-07,Present
A006834,E0096,2025-02-06,Present
A010124,E0143,05/29/2025,present
A001688,E0024,2023-11-07,
A000852,E0013,2023-09-28,Present
A011739,E0183,06/09/2026,Present
A006304,E0091,2024-09-26,Present
A009088,E0129,2024-09-17,Present
A012785,E0198,2026-05-05,Tardy
A014594,E0221,05/26/2026,Present
A005879,E0086,2024-10-02,Present
A008528,E0120,2025-03-11,P
A002840,E0040,2023-09-14,Present
A011280,E0176,03/19/2026,Present
A004612,E0061,2024-01-31,Present
A009541,E0135,2025-06-03,P
A009208,E0130,2025-03-18,Tardy
A011009,E0172,2025-12-02,Present
A009824,E0139,2025-05-01,Present
A002490,E0035,2023-10-12,Present
A011923,E0186,2026-02-10,Present
A006906,E0097,2024-12-19,Present
A007391,E0103,2025-04-24,Present
A011444,E0178,2026-06-04,Tardy
A002850,E0040,2023-10-19,T
A014070,E0215,2026-06-02,present
A006666,E0095,09/10/2024,Present
A005882,E0086,2024-10-08,Present
A010263,E0145,2025-05-06,Present
A004453,E0059,04/11/2024,Present
A009950,E0141,2025-02-13,P
A007422,E0104,2024-11-05,Present
A013601,E0209,2026-09-14,Present
A009828,E0139,2025-05-15,present
A012839,E0199,2026-02-24,Present
A006485,E0093,2024-09-18,Present
A002480,E0034,06/13/2024,Absent
A006618,E0094,2024-12-04,Present
A010458,E0155,2025-02-04,Absent
A011152,E0174,2026-05-21,Present
A013516,E0208,2026-06-11,Present
A014929,E0225,07/21/2026,Present
A011252,E0176,11/20/2025,Present
A013246,E0205,2025-11-06,Present
A014062,E0215,2026-05-19,Present
A002142,E0030,11/21/2023,Present
A013297,E0205,2026-06-02,Present
A011311,E0177,2025-10-07,Present
A005189,E0074,2024-05-02,P
A014917,E0225,2026-06-30,Present
A012238,E0190,2026-05-21,Present
A011549,E0180,2026-01-13,Present
A002745,E0038,2024-02-08,Present
A007254,E0101,2025-05-27,Absent
A013285,E0205,2026-04-21,present
A003507,E0048,2024-04-22,Present
A001680,E0024,2023-10-10,Absent
A004250,E0057,2024-01-25,Present
A003148,E0044,2023-10-12,PRESENT
A008131,E0115,2024-10-31,Present
A010487,E0157,2025-06-25,Absent
A007005,E0098,2025-01-13,Present
A000581,E0008,2024-05-28,Present
A009663,E0137,2025-03-04,Present
A012992,E0201,2026-03-26,Present
A004071,E0055,03/04/2024,Present
A013501,E0208,2026-04-21,Present
A003344,E0046,2024-02-28,Present
A013185,E0204,2026-01-06,Present
A007405,E0103,2025-06-12,PRESENT
A012776,E0198,2026-03-26,Tardy
A003673,E0050,02/15/2024,Present
A000560,E0008,03/12/2024,Present
A005238,E0075,2024-06-06,Present
A007806,E0110,2025-02-20,Present
A013408,E0207,01/29/2026,Present
A011042,E0173,2025-12-18,Present
A000513,E0008,09/14/2023,Absent
A012922,E0200,04/02/2026,Present
A001082,E0016,10/17/2023,Present
A001665,E0023,2024-05-23,Present
A009205,E0130,2025-03-06,Present
A001932,E0027,2024-01-25,Present
A014866,E0224,2026-06-09,Tardy
A001151,E0017,2023-09-26,Present
A002839,E0040,2023-09-12,Present
A005950,E0087,2024-08-26,Present
A008309,E0117,2025-03-11,P
A008933,E0126,2025-05-22,A
A015047,E0227,2026-04-30,P
A014263,E0217,2026-07-01,Present
A005178,E0074,2024-03-21,Present
A011868,E0185,2026-04-09,Present
A014099,E0215,07/22/2026,Present
A000831,E0012,2024-04-23,Present
A008312,E0117,2025-03-20,Present
A004753,E0063,04/04/2024,Tardy
A015001,E0226,2026-06-23,Present
A014944,E0225,08/17/2026,Present
A004129,E0055,06/18/2024,Present
A000636,E0009,2024-03-14,Present
A004466,E0059,05/09/2024,Present
A012557,E0195,2026-03-17,Present
A006800,E0096,2024-11-20,Present
A007988,E0113,2024-11-12,Present
A007080,E0099,11/21/2024,Present
A006967,E0098,2024-10-17,Present
A004143,E0056,2024-01-15,Present
A007028,E0099,2024-08-22,Present
A009184,E0130,2024-12-12,Present
A000877,E0013,2024-01-09,Present
A004870,E0066,2024-04-04,Present
A005316,E0077,2024-06-06,Present
A005223,E0075,2024-04-11,Present
A000005,E0001,2023-09-26,P
A003052,E0042,2024-05-07,Absent
A005692,E0084,10/01/2024,Present
A003125,E0043,2024-04-30,Present
A014600,E0221,2026-06-04,Present
A010853,E0170,2025-10-14,Present
A002492,E0035,2023-10-19,Present
A013366,E0206,2026-05-21,Present
A003855,E0052,2024-01-16,Present
A013126,E0203,2026-02-19,Present
A004778,E0064,2024-02-15,Present
A009908,E0140,06/10/2025,Present
A014641,E0221,2026-08-17,Present
A007510,E0105,2025-01-14,Present
A006458,E0092,2025-01-30,Present
A006294,E0091,2024-09-10,Present
A001149,E0017,2023-09-19,Present
A011454,E0179,2025-10-02,Present
A000575,E0008,2024-05-07,Present
A003770,E0051,2024-02-12,Present
A011929,E0186,2026-03-03,Present
A004147,E0056,2024-01-22,Present
A000854,E0013,2023-10-05,Present
A010175,E0144,2025-03-06,Present
A010967,E0171,2026-03-31,Present
A005920,E0086,2024-12-19,tardy
A013122,E0203,2026-02-05,Present
A013404,E0207,2026-01-15,Present
A009359,E0133,2025-01-21,Present
A006615,E0094,11/21/2024,Present
A006003,E0087,2024-12-03,Absent
A009164,E0130,2024-09-26,Present
A010894,E0170,03/26/2026,Present
A004496,E0059,2024-07-02,Present
A008174,E0115,2025-04-24,Present
A006656,E0095,2024-08-22,Present
A012040,E0188,2025-10-16,Absent
A002369,E0033,2024-02-06,Present
A012308,E0192,2025-10-30,Present
A004781,E0064,2024-02-27,Present
A012324,E0192,2026-01-15,Present
A007993,E0113,2024-12-05,Present
A002951,E0041,2024-02-01,Present
A005626,E0083,2024-11-18,Present
A006972,E0098,2024-10-28,Present
A008717,E0123,2025-04-08,Present
A010648,E0166,2026-01-29,Present
A013209,E0204,2026-03-31,Present
A001842,E0026,2023-11-21,Present
A005987,E0087,2024-10-29,Present
A000538,E0008,2023-12-19,Present
A002807,E0039,2024-02-22,Present
A005802,E0085,10/30/2024,Present
A005597,E0083,2024-09-26,Present
A007207,E0101,11/19/2024,Present
A007344,E0103,2024-10-17,Present
A012534,E0195,2025-12-11,Present
A007561,E0106,10/10/2024,Present
A008097,E0114,2025-04-03,Present
A011368,E0177,2026-05-21,Present
A000785,E0012,2023-10-26,Present
A012250,E0191,09/25/2025,Present
A001410,E0020,2024-02-06,Present
A010730,E0168,2025-09-11,Present
A000155,E0003,2023-09-26,Present
A007807,E0110,2025-02-25,Present
A003010,E0042,2023-11-30,Present
A001687,E0024,2023-11-02,Present
A011094,E0174,2025-10-02,Present
A004015,E0054,2024-03-19,Present
A007456,E0104,03/20/2025,present
A012914,E0200,2026-03-05,Present
A003864,E0052,2024-01-31,Present
A002734,E0038,2024-01-02,Present
A001896,E0026,2024-06-13,Present
A005443,E0081,2024-02-22,Present
A000570,E0008,2024-04-18,Present
A006710,E0095,2024-12-03,Excused
A005855,E0086,2024-08-21,Present
A001817,E0025,2024-05-30,Present
A010258,E0145,2025-04-10,Tardy
A008320,E0117,2025-04-24,Present
A003395,E0046,2024-06-03,Present
A003328,E0046,2024-01-31,Present
A013214,E0204,2026-04-23,Present
A006103,E0089,09/02/2024,Present
A002976,E0041,2024-05-02,Present
A000981,E0014,2024-04-23,Absent
A010493,E0158,2025-06-23,Present
A000191,E0003,2024-02-13,Present
A009332,E0133,2024-10-01,P
A005089,E0072,2024-02-13,Present
A000700,E0011,2023-09-21,Present
A015002,E0226,06/24/2026,Present
A000607,E0009,2023-11-21,Present
A012469,E0194,2026-01-20,Present
A000302,E0005,09/14/2023,Present
A014833,E0223,2026-09-14,present
A003421,E0047,2024-01-18,Present
A015068,E0227,06/08/2026,Present
A001061,E0015,05/09/2024,present
A014057,E0215,2026-05-11,Present
A015207,E0228,09/03/2026,Present
A010758,E0168,01/08/2026,Present
A003445,E0047,2024-02-29,PRESENT
A001070,E0015,2024-06-11,Present
A010717,E0167,01/20/2026,Present
A002206,E0031,2023-10-12,Present
A009436,E0134,2025-02-04,Present
A007340,E0103,2024-10-03,Present
A008209,E0116,2024-11-19,Present
A007680,E0108,2025-01-14,Present
A011313,E0177,2025-10-14,Present
A013504,E0208,2026-04-30,Present
A004643,E0061,2024-03-26,Present
A007684,E0108,2025-01-28,Present
A012947,E0201,09/30/2025,present
A009008,E0127,2025-05-29,Present
A007997,E0113,2024-12-19,Present
A011260,E0176,2026-01-08,Present
A012741,E0198,2025-11-04,Absent
A005601,E0083,2024-10-03,Present
A009152,E0129,2025-05-22,Present
A007023,E0099,2024-08-14,Present
A014620,E0221,2026-07-09,Present
A004894,E0067,02/13/2024,Present
A000226,E0004,2023-09-12,Tardy
A014363,E0218,2026-07-22,P
A003355,E0046,2024-03-19,Present
A005896,E0086,2024-10-31,Present
A010678,E0166,2026-05-21,PRESENT
A008755,E0124,2024-11-19,Present
A003437,E0047,2024-02-15,Present
A014566,E0220,09/08/2026,Present
A014374,E0218,2026-08-11,Present
A001694,E0024,12/05/2023,P
A006894,E0097,2024-11-21,PRESENT
A001046,E0015,2024-03-14,Present
A003447,E0047,2024-03-05,Present
A012758,E0198,2026-01-22,Present
A008051,E0114,10/08/2024,Present
A009147,E0129,2025-05-06,Present
A000851,E0013,2023-09-26,Present
A010928,E0171,10/23/2025,Present
A011297,E0176,2026-05-26,Present
A004736,E0063,02/06/2024,Present
A004497,E0059,2024-07-03,Present
A001219,E0017,2024-06-06,Present
A013447,E0208,2025-09-16,present
A013704,E0211,05/07/2026,Tardy
A006016,E0087,2025-01-07,Present
A009720,E0138,2025-01-07,Present
A003988,E0054,2024-01-31,Absent
A004912,E0067,2024-04-18,Present
A009493,E0135,2024-11-21,Present
A004494,E0059,2024-06-27,Present
A006945,E0098,09/10/2024,Present
A005700,E0084,10/15/2024,Present
A008353,E0118,2024-11-12,Tardy
A012260,E0191,2025-10-30,Present
A013993,E0214,2026-06-22,Present
A000957,E0014,2024-01-25,
A011984,E0187,12/18/2025,Absent
A011427,E0178,2026-03-31,Present
A002870,E0040,2024-01-11,Present
A011970,E0187,2025-10-23,Present
A004434,E0059,2024-03-11,Absent
A004974,E0069,2024-02-20,Tardy
A014208,E0216,2026-08-27,Present
A002962,E0041,2024-03-12,Present
A014173,E0216,2026-06-29,Present
A002201,E0031,2023-09-26,Absent
A000099,E0002,2023-12-07,Present
A015142,E0228,2026-05-13,Present
A002558,E0036,2023-09-19,Present
A011376,E0178,2025-09-11,Present
A008446,E0119,2025-02-08,Present
A012116,E0189,2025-10-30,Present
A004200,E0056,04/29/2024,Present
A009638,E0137,2024-11-19,Present
A005540,E0082,2024-12-05,
A001649,E0023,2024-03-26,Present
A012875,E0200,2025-09-30,Tardy
A012916,E0200,2026-03-12,Present
A012184,E0190,2025-10-16,Present
A009889,E0140,03/27/2025,Present
A011384,E0178,2025-10-09,Present
A006198,E0090,2024-09-04,absent
A006296,E0091,2024-09-12,Present
A004500,E0060,2024-01-10,Tardy
A001155,E0017,2023-10-10,Present
A002256,E0032,2023-09-12,Present
A009875,E0140,2025-02-06,present
A003171,E0044,2024-01-16,Present
A007401,E0103,05/29/2025,present
A010249,E0145,2025-03-11,Tardy
A007159,E0100,2025-03-04,P
A012283,E0191,2026-02-10,Present
A015163,E0228,06/18/2026,Present
A003109,E0043,2024-02-29,Absent
A004549,E0060,2024-04-04,Present
A011916,E0186,2026-01-15,T
A014590,E0221,2026-05-19,Present
A005424,E0080,05/07/2024,Present
A002050,E0029,2023-09-21,Present
A013169,E0204,2025-10-21,Present
A011836,E0185,2025-12-04,Present
A009209,E0130,2025-03-20,Present
A008816,E0125,2024-10-08,Excused
A014682,E0222,2026-05-26,Present
A015060,E0227,2026-05-25,Present
A014076,E0215,2026-06-11,Present
A000263,E0004,2024-02-01,Present
A013923,E0213,2026-07-22,Present
A011562,E0180,2026-02-26,Present
A004062,E0055,2024-02-15,Present
A005535,E0082,2024-11-20,Present
A014487,E0220,2026-04-22,Present
A014258,E0217,2026-06-23,Present
A006617,E0094,12/03/2024,Present
A008121,E0115,2024-09-26,Tardy
A008156,E0115,2025-02-13,Present
A001803,E0025,2024-04-09,Present
A004737,E0063,2024-02-08,Tardy
A014322,E0218,2026-05-12,Present
A002386,E0033,2024-04-04,Present
A006695,E0095,2024-10-30,Excused
A005760,E0085,2024-08-19,PRESENT
A001960,E0027,05/07/2024,Present
A002977,E0041,2024-05-07,Present
A008681,E0123,2024-11-14,Present
A001844,E0026,2023-12-05,present
A001735,E0024,2024-05-07,Present
A002912,E0040,2024-06-11,Present
A011412,E0178,2026-02-05,Present
A008339,E0118,2024-09-24,Present
A013823,E0212,07/01/2026,Present
A001987,E0028,11/02/2023,Absent
A009562,E0136,2024-11-07,Present
A006547,E0093,01/23/2025,Present
A014244,E0217,2026-05-28,Present
A007099,E0099,2025-01-14,Absent
A002812,E0039,2024-03-12,Present
A000660,E0009,2024-06-11,Present
A009987,E0142,2024-09-24,Present
A002512,E0035,01/11/2024,Present
A011590,E0180,2026-06-11,Present
A004283,E0057,2024-03-25,Present
A009340,E0133,2024-10-29,Absent
A011465,E0179,2025-11-11,Present
A008801,E0124,2025-05-22,Present
A006288,E0091,2024-08-29,Absent
A011775,E0184,2026-01-27,Present
A001931,E0027,2024-01-23,Present
A007126,E0100,2024-10-22,present
A000198,E0003,2024-03-07,Present
A007778,E0110,2024-10-29,Present
A002932,E0041,2023-11-14,Present
A008005,E0113,2025-01-28,Present
A002328,E0032,2024-06-06,
A004390,E0058,2024-04-04,Present
A008959,E0127,11/14/2024,Present
A012689,E0197,2026-02-03,Present
A004219,E0056,2024-05-30,Present
A011448,E0179,09/11/2025,Present
A000203,E0003,2024-03-26,Present
A003511,E0048,04/29/2024,Present
A004932,E0068,2024-02-08,Present
A014583,E0221,2026-05-06,Present
A005536,E0082,2024-11-21,Present
A009926,E0141,2024-11-05,PRESENT
A005792,E0085,2024-10-14,PRESENT
A010970,E0171,2026-04-09,Present
A001708,E0024,2024-01-30,Present
A005173,E0074,2024-03-05,Present
A005250,E0076,2024-02-29,Present
A013950,E0213,2026-09-08,Present
A011667,E0182,01/20/2026,Tardy
A006529,E0093,2024-12-11,P
A015139,E0228,2026-05-07,Present
A005856,E0086,2024-08-22,Present
A008165,E0115,2025-03-18,Excused
A000855,E0013,10/10/2023,Present
A013878,E0213,2026-05-05,Present
A014556,E0220,2026-08-20,Present
A004738,E0063,2024-02-13,Present
A012290,E0191,2026-03-05,Absent
A010353,E0147,2025-02-11,Present
A000699,E0011,09/19/2023,Present
A011345,E0177,02/24/2026,PRESENT
A011192,E0175,2026-01-22,Excused
A003697,E0050,2024-03-28,Present
A001637,E0023,2024-02-13,Present
A007281,E0102,2024-11-21,Present
A007555,E0106,2024-09-19,Present
A011650,E0182,2025-10-30,Present
A003582,E0049,2024-03-04,Present
A001292,E0018,2024-05-30,PRESENT
A012852,E0199,2026-04-09,Present
A006586,E0094,2024-10-02,Present
A013809,E0212,2026-06-08,Present
A001854,E0026,2024-01-16,Present
A005233,E0075,2024-05-21,Present
A003764,E0051,2024-01-31,Present
A003305,E0045,2024-06-19,Present
A001496,E0021,2024-03-14,Present
A013920,E0213,2026-07-16,Tardy
A011936,E0186,2026-03-26,Present
A011638,E0182,2025-09-18,Present
A007995,E0113,12/12/2024,Present
A001999,E0028,12/21/2023,Present
A000664,E0010,2023-09-19,Present
A012972,E0201,01/15/2026,Present
A013546,E0209,2026-06-09,Present
A003749,E0050,07/03/2024,Present
A004414,E0059,2024-02-05,Tardy
A012937,E0200,2026-06-02,Present
A005531,E0082,2024-11-13,Tardy
A005576,E0083,2024-08-21,Present
A008902,E0126,2025-01-28,Present
A007527,E0105,2025-03-13,Present
A009475,E0135,2024-09-19,Tardy
A005865,E0086,2024-09-09,Excused
A013261,E0205,2026-01-20,Present
A010868,E0170,2025-12-11,Present
A006777,E0096,2024-10-10,Present
A012222,E0190,2026-03-19,Present
A001307,E0019,10/17/2023,PRESENT
A013689,E0210,2026-09-14,Present
A013697,E0211,04/27/2026,Present
A007393,E0103,2025-05-01,Present
A010430,E0153,2025-02-11,Present
A011495,E0179,2026-03-17,Present
A005593,E0083,2024-09-19,Present
A010231,E0145,2025-01-07,Present
A009722,E0138,2025-01-14,Present
A001664,E0023,2024-05-21,present
A005451,E0081,2024-03-21,P
A001607,E0023,2023-10-17,Present
A003166,E0044,2023-12-21,Present
A003628,E0049,2024-05-28,Present
A013932,E0213,2026-08-06,Tardy
A013340,E0206,2026-02-12,Present
A013084,E0202,2026-06-11,Present
A002694,E0037,2024-05-07,PRESENT
A011253,E0176,2025-12-02,Present
A009790,E0139,12/17/2024,Present
A014893,E0225,2026-05-19,Present
A010922,E0171,10/02/2025,Absent
A010818,E0169,2025-11-06,P
A005916,E0086,2024-12-12,Present
A003158,E0044,11/16/2023,Present
A011507,E0179,2026-05-05,Present
A009915,E0141,2024-09-26,present
A013472,E0208,2025-12-18,Present
A006669,E0095,2024-09-16,Present
A001060,E0015,2024-05-07,Present
A004637,E0061,2024-03-14,Present
A003243,E0045,2024-02-27,Present
A001679,E0024,2023-10-05,Excused
A006893,E0097,2024-11-20,Present
A006375,E0092,08/20/2024,Present
A007575,E0106,2024-12-05,Abs
A014821,E0223,2026-08-24,Present
A001758,E0025,2023-10-19,Excused
A006020,E0087,2025-01-14,Present
A012384,E0193,2025-11-13,Present
A005117,E0072,05/23/2024,Present
A008756,E0124,2024-11-21,Present
A007409,E0104,2024-09-19,Present
A002791,E0039,2023-12-21,Present
A000864,E0013,2023-11-09,Present
A007859,E0111,2024-12-03,Present
A001485,E0021,02/06/2024,Present
A007036,E0099,2024-09-05,Tardy
A007722,E0109,2024-09-10,Present
A005978,E0087,2024-10-14,Present
A005135,E0073,2024-03-07,Present
A000207,E0003,2024-04-09,Present
A004489,E0059,06/19/2024,Present
A006939,E0098,2024-08-29,Present
A009063,E0128,2025-03-20,Absent
A012686,E0197,01/22/2026,Present
A006911,E0097,2025-01-09,Present
A000503,E0007,2024-05-16,Present
A007386,E0103,04/01/2025,Tardy
A001029,E0015,2024-01-16,Present
A003841,E0051,06/19/2024,Present
A010883,E0170,2026-02-17,Absent
A013774,E0211,2026-09-08,present
A008111,E0114,2025-05-29,Present
A014949,E0225,08/25/2026,Present
A005057,E0071,2024-03-07,Present
A009763,E0138,2025-06-12,Present
A008155,E0115,2025-02-11,PRESENT
A010966,E0171,2026-03-26,Present
A014184,E0216,2026-07-16,Excused
A002732,E0038,2023-12-19,Present
A014435,E0219,06/24/2026,Present
A008997,E0127,2025-04-22,Present
A014040,E0214,09/10/2026,Present
A011838,E0185,2025-12-11,Present
A002455,E0034,2024-03-14,Present
A012791,E0198,2026-05-26,Present
A007216,E0101,2025-01-07,Tardy
A003105,E0043,2024-02-15,Abs
A013068,E0202,2026-04-09,Present
A014152,E0216,2026-05-21,present
A008393,E0118,2025-04-24,Present
A006279,E0091,2024-08-14,Present
A003100,E0043,01/30/2024,Absent
A006185,E0090,2024-08-13,Present
A010471,E0156,2025-02-12,Present
A003562,E0049,2024-01-29,Present
A005893,E0086,2024-10-28,Present
A012667,E0197,2025-10-28,Tardy
A014625,E0221,2026-07-20,Present
A012707,E0197,2026-04-07,Present
A013987,E0214,06/10/2026,Present
A000392,E0006,2023-11-07,Tardy
A006737,E0095,2025-01-30,Present
A005619,E0083,2024-11-05,Present
A005259,E0076,2024-04-02,Present
A009688,E0137,06/05/2025,Present
A002696,E0037,05/14/2024,Present
A002028,E0028,2024-04-09,Present
A013441,E0207,2026-06-02,Tardy
A005464,E0081,2024-05-09,Present
A002569,E0036,2023-10-26,PRESENT
A008007,E0113,2025-02-04,Present
A000065,E0001,2024-05-09,present
A012077,E0188,2026-03-17,Present
A002063,E0029,2023-11-07,Present
A005277,E0076,2024-06-06,absent
A007209,E0101,2024-12-03,Present
A008685,E0123,12/05/2024,Present
A008572,E0121,2024-11-12,Present
A006332,E0091,2024-11-14,Present
A004860,E0066,2024-02-29,Present
A014553,E0220,2026-08-17,Present
A012186,E0190,2025-10-23,PRESENT
A004888,E0066,2024-06-11,Present
A009269,E0132,2024-11-05,Present
A000879,E0013,2024-01-16,P
A008530,E0120,2025-03-18,Tardy
A007917,E0112,2024-10-03,Excused
A006864,E0097,2024-10-01,Present
A007893,E0111,2025-04-10,Present
A006440,E0092,2024-12-18,Present
A007870,E0111,01/21/2025,Present
A001017,E0015,2023-11-21,Present
A009468,E0134,2025-06-03,Present
A011991,E0187,01/27/2026,Present
A007630,E0107,2025-04-03,Present
A012744,E0198,11/13/2025,Present
A011535,E0180,2025-11-04,Present
A013104,E0203,2025-11-13,Present
A014606,E0221,2026-06-16,Present
A000996,E0014,2024-06-13,present
A010174,E0144,03/04/2025,Present
A004298,E0057,2024-04-24,Present
A000162,E0003,2023-10-19,Present
A005676,E0084,2024-09-03,Present
A006874,E0097,10/17/2024,Present
A014738,E0222,2026-09-01,Absent
A012991,E0201,2026-03-24,Present
A009693,E0138,2024-09-17,Present
A007990,E0113,2024-11-19,Present
A003844,E0051,2024-06-25,Present
A013418,E0207,2026-03-05,Present
A010806,E0169,2025-09-25,Present
A011654,E0182,11/13/2025,Present
A001022,E0015,2023-12-14,Present
A003074,E0043,2023-10-17,Tardy
A007556,E0106,2024-09-24,Present
A003944,E0052,2024-06-25,Present
A001586,E0022,05/09/2024,Present
A010148,E0144,2024-11-14,Present
A003153,E0044,2023-10-31,Present
A014542,E0220,2026-07-28,Present
A008227,E0116,2025-02-06,Present
A012207,E0190,2026-01-27,Tardy
A000776,E0012,2023-09-26,Present
A010749,E0168,2025-11-18,Present
A009671,E0137,2025-04-01,Present
A007100,E0099,2025-01-15,Present
A005487,E0082,2024-08-28,Present
A006236,E0090,2024-11-11,Present
A009556,E0136,2024-10-17,Present
A007042,E0099,09/17/2024,Present
A002613,E0036,2024-04-11,Present
A007514,E0105,2025-01-28,Present
A011017,E0173,2025-09-16,Present
A010234,E0145,2025-01-16,Present
A008434,E0119,2024-12-17,Present
A010254,E0145,03/27/2025,Present
A010556,E0162,2025-06-26,Present
A008793,E0124,04/24/2025,Present
A010628,E0166,2025-10-30,Present
A005394,E0079,2024-06-06,Present
A014503,E0220,2026-05-20,P
A011081,E0173,05/26/2026,Present
A014357,E0218,07/13/2026,PRESENT
A008839,E0125,2025-01-14,Present
A003891,E0052,2024-03-19,Present
A003557,E0049,2024-01-18,Present
A011395,E0178,2025-11-18,Present
A001529,E0022,2023-10-05,Present
A015168,E0228,2026-06-29,P
A001268,E0018,2024-03-05,Present
A007735,E0109,2024-10-24,Present
A001900,E0027,2023-09-21,Present
A004659,E0061,2024-04-29,Tardy
A003006,E0042,2023-11-09,Present
A002735,E0038,2024-01-04,Present
A004541,E0060,2024-03-21,Present
A000190,E0003,2024-02-08,Present
A009999,E0142,2024-11-05,Present
A009168,E0130,2024-10-10,Present
A002748,E0038,2024-02-20,Absent
A002048,E0029,2023-09-14,Tardy
A007850,E0111,2024-10-24,Absent
A002559,E0036,2023-09-21,Tardy
A009275,E0132,2024-12-03,P
A008667,E0123,2024-09-26,Present
A011097,E0174,10/14/2025,Tardy
A013036,E0202,2025-12-04,Present
A006397,E0092,2024-09-26,Tardy
A012310,E0192,2025-11-06,PRESENT
A003386,E0046,2024-05-16,Present
A004556,E0060,2024-04-23,Present
A001185,E0017,2024-02-06,Present
A006421,E0092,2024-11-07,Present
A005052,E0071,2024-02-20,Present
A005312,E0077,05/23/2024,Present
A002434,E0034,2024-01-02,P
A006950,E0098,2024-09-18,Present
A013804,E0212,2026-05-28,Present
A010584,E0164,2025-06-19,Present
A000770,E0011,06/11/2024,Present
A001686,E0024,2023-10-31,Present
A008323,E0117,2025-05-06,Present
A011112,E0174,2025-12-11,Present
A011364,E0177,2026-05-07,Absent
A011637,E0182,2025-09-16,Present
A014424,E0219,2026-06-04,Present
A005579,E0083,2024-08-27,Tardy
A004427,E0059,02/27/2024,Tardy
A013527,E0209,05/06/2026,Present
A000467,E0007,2024-01-09,Present
A006266,E0090,2025-01-21,present
A005735,E0084,2025-01-02,Present
A011285,E0176,2026-04-07,Present
A011965,E0187,10/07/2025,P
A005192,E0074,2024-05-14,Present
A013419,E0207,2026-03-10,Present
A005391,E0079,05/28/2024,Present
A000861,E0013,10/31/2023,Present
A007271,E0102,2024-10-17,Present
